U07804_s_at,J04093_s_at,L13943_at,L36151_at,L77561_at,X64624_s_at,S68134_s_at,U30245_at,U06233_at,X07767_at,L13740_at,K03430_at,L37347_at,X02910_at,L37882_at,L24564_at,U89336_cds6_at,X64177_f_at,U49436_at,U39573_at,X77166_at,D14822_at,D63882_s_at,HG1205-HT1205_at,X96719_at,D16181_at,HG3954-HT4224_s_at,U79260_at,Z70759_at,D88795_at,U61538_at,D86974_at,L40392_at,L24774_s_at,U03397_s_at,D25538_at,M61764_at,M38258_at,U35048_at,L22342_at,AFFX-HUMISGF3A/M97935_MB_at,X65784_s_at,M99063_at,HG2868-HT3012_s_at,X56807_at,M80359_at,S68271_s_at,D26561_cds1_at,X13916_at,L48546_at,U92971_at,U34038_at,D31784_at,U20499_at,U40705_at,Z19574_rna1_at,U18985_at,M93415_at,X69978_at,HG3995-HT4265_at,X04470_s_at,U73704_at,L37368_at,D31891_at,X73460_at,M21642_s_at,AFFX-HUMGAPDH/M33197_M_st,X52773_at,X94754_at,HG1078-HT1078_at,M62397_at,M25756_at,AFFX-HUMISGF3A/M97935_3_at,U79263_at,L08044_s_at,D11151_at,Z22548_at,U51587_at,HG3570-HT3773_at,M29960_at,X84003_at,X87237_at,Z24724_at,HG2709-HT2805_at,J04046_s_at,HG1428-HT1428_s_at,U30998_at,U29607_at,L10333_s_at,HG1116-HT1116_at,D87460_at,L19871_at,M62324_at,D84110_at,X78342_at,HG1327-HT1327_s_at,Y09321_at,M93221_at,U66033_at,AB000584_at,class
-0.3475,0.6463,-0.4187,0.0014,0.0724,0.7079,0.4308,0.4831,0.4345,0.6796,-0.3395,1.124,-0.1566,-0.0719,0.3724,-0.7311,-0.016,-0.4724,0.0738,-0.1405,0.2105,-2.0261,0.4502,-0.1764,-0.5372,-0.7076,-0.8061,0.198,-0.6897,0.3669,0.0773,0.1612,-0.0736,-0.2092,-0.3396,-0.7644,-0.9925,0.583,-0.0578,1.1038,0.1955,0.0695,1.2738,0.9823,-0.4126,-0.4728,-0.6012,-1.9668,-0.6535,-0.6262,0.5989,0.4014,1.9135,0.2064,-0.2517,-1.1309,-0.7451,0.4738,0.3402,1.5449,-0.1024,-0.0648,0.7549,0.3168,-0.4777,0.4457,-0.3351,0.1011,0.3338,0.7354,1.5999,0.9364,0.2428,0.9901,-1.422,0.4928,-0.5517,-0.2873,-0.0328,1.2279,0.6476,-0.4708,-0.409,-0.368,-0.3773,-0.0606,0.9522,0.7506,0.3025,-0.2214,0.219,-0.6152,0.057,0.432,-1.4254,-1.6228,-0.8804,-0.1476,-0.2812,0.3017,ALL
-0.1221,-0.49,-0.1384,1.5638,0.1034,-0.3143,0.1362,0.6602,0.3207,0.0617,0.2053,0.3948,-0.3864,0.4114,0.8541,-0.2745,0.4111,0.47,0.5143,1.8868,0.2415,-0.0511,-1.1187,0.0283,1.5196,-0.1152,0.0074,0.211,-0.9484,-1.0339,1.0969,0.5647,0.2226,-0.2413,0.0304,-0.0191,-0.5753,-0.5682,1.318,1.094,-0.1991,0.422,-0.6817,-1.3933,0.0342,-0.5728,1.7295,0.48,0.5071,1.2133,-1.3023,1.1486,0.1565,0.578,-0.1527,0.0101,0.0673,1.222,1.364,-0.2715,-0.7511,-0.4693,1.7333,-0.4465,-0.384,0.7266,0.4913,-0.2785,-0.01,0.1351,-0.1792,0.1261,-0.369,0.3889,1.0268,0.1064,-0.5408,-0.5327,1.4425,-0.7992,-0.7625,0.0655,-0.2863,0.6602,1.5525,-0.1511,-0.0324,0.6605,-0.4986,-0.1179,0.8547,0.9916,0.4987,0.5759,0.0134,-0.0022,0.1125,-0.1476,0.2681,-0.2662,ALL
0.2215,0.1918,0.1886,0.8986,0.9335,-0.3825,0.71,-0.2252,1.0036,0.1486,-0.3808,1.4527,-0.4603,-0.2583,-0.3644,-0.998,0.0807,-0.1378,0.8637,-0.6644,0.2622,-0.7014,-0.6029,0.0923,-0.451,0.6302,0.131,0.4737,-0.4266,1.6317,1.0868,-0.4169,0.5837,0.1322,0.7588,-0.0552,0.1409,1.306,0.1534,0.7471,1.2358,0.3647,-0.4994,0.5079,-0.1892,-1.3249,1.1601,-0.6299,0.5398,0.0629,1.0051,0.8194,1.6293,0.4301,-0.0017,-0.6419,0.3173,0.6733,0.0512,-1.3508,-0.7511,0.2555,1.3715,0.5816,-0.6395,-0.0039,1.5818,-0.4224,1.0605,1.4186,0.1141,-0.3961,1.3806,1.6628,1.9214,0.4376,-0.0819,0.5959,0.5978,0.1589,-0.3725,-0.1338,0.1325,1.2834,-0.4712,0.4355,0.8251,1.4106,0.6542,0.8584,0.6843,-0.486,-0.3247,2.1943,-0.6313,-0.1661,-0.3036,0.1016,-0.3728,0.2886,ALL
-0.7125,0.4758,0.6714,-0.5701,0.662,-0.4542,0.4929,-1.2876,0.4725,-0.7228,-0.5302,-0.7812,0.1143,-0.6426,1.2168,-0.3397,-1.0393,0.022,-0.068,-0.041,-0.2753,-0.2679,1.6108,1.4168,-0.2689,-0.593,-0.9502,0.0939,-0.4801,-0.8299,0.2287,1.157,-0.1411,0.59,-0.2124,-0.3677,-0.4932,-0.3288,-0.4589,0.3539,-0.0437,0.2563,-0.3024,0.1602,0.5153,-0.3088,-0.7075,-0.4533,-0.8333,0.6138,0.1495,0.8978,0.3374,0.1455,1.7068,-0.8049,-1.5888,-0.9978,1.3805,0.9972,1.0089,1.9747,0.1578,1.4017,-0.1632,-0.6032,-1.3522,1.3078,0.5749,-0.0486,-0.1987,0.1081,-0.3992,-0.4127,1.5788,0.4744,-0.7634,-0.7999,-1.5375,0.9556,0.7376,0.0257,0.1181,0.1149,-0.3148,0.3271,2.5242,0.5635,0.195,0.6464,0.3818,-0.3295,-0.0773,-0.2801,-0.379,0.8536,-0.9169,-0.5383,-0.8122,-0.1058,ALL
0.7045,0.0214,0.2665,0.2797,-0.5404,-0.5378,0.0586,0.3061,-0.2294,0.1245,-0.395,0.4975,-0.2058,-0.1913,0.5651,1.1757,-0.8862,0.3461,0.5194,0.0428,1.5544,0.0693,0.5147,-0.8035,-0.499,0.0186,-0.3221,0.315,-0.3498,-0.5307,-0.1246,-0.6406,0.4538,0.4856,-0.0505,0.4137,0.3248,-0.338,0.8727,-0.2666,-0.1752,-0.2017,-0.5043,-0.0317,0.0342,1.0113,-0.1381,-0.0497,0.5779,-0.4302,-0.6801,0.0252,-0.1535,0.3321,-0.1371,0.2077,-0.4326,-0.1124,0.3815,-0.0136,-0.2181,0.3734,-1.8469,0.5934,1.1316,-0.2848,-0.5454,0.9042,0.3763,-0.9441,-0.5897,0.9364,-0.2849,1.2191,0.5827,-0.3169,-0.4612,-0.1946,-0.0053,0.3808,-0.1025,0.283,0.6813,0.5512,-1.2753,-1.1926,-0.0641,-0.6308,-0.6256,0.0153,-0.3267,-0.2749,-0.0561,-0.316,1.5831,-0.2207,0.0833,-0.4647,0.5977,0.4122,ALL
0.2537,-1.1149,-0.4342,-0.566,0.7589,-0.362,-0.9029,0.2808,0.4914,-0.1459,-0.6184,-1.0174,1.2223,-0.6542,0.174,-0.4316,0.4353,-0.0417,-0.3312,2.0125,0.5517,-0.4124,-0.4525,1.5192,-0.7419,-0.5356,-0.3324,-0.1871,0.5739,-0.3947,-0.1246,0.5153,-0.2736,-0.1489,0.6663,-0.7123,-0.48,0.0581,-0.2191,0.134,0.04,0.19,-0.4994,-0.4699,0.3778,-0.2808,-0.2595,-0.2767,0.1529,-0.3274,0.0804,0.694,0.3891,-0.093,-0.3403,-0.1282,0.0048,-0.2121,0.0925,0.4838,-0.2332,-0.5705,-0.217,-0.3,-0.3532,-0.4534,0.4962,-0.818,0.6741,-0.3305,0.7788,0.0721,-0.4043,-0.5129,1.103,-0.2985,-0.0981,-0.8925,-1.5866,0.0278,-0.2225,0.0365,-0.3296,1.5171,1.1036,-1.0163,-0.747,0.2708,0.0387,0.2618,-0.587,-0.3405,-0.7982,-0.4383,-0.5845,-0.421,-0.5153,-0.0513,-1.2333,-0.1768,ALL
-0.5085,-0.471,-0.4965,-0.1547,0.9761,-0.4405,0.2137,0.2555,0.5673,-0.7397,-0.4562,-0.016,0.1553,-0.7969,0.0267,-0.8082,0.6851,-0.3045,-1.1009,-0.6748,0.6447,0.3342,-0.6029,0.0603,-0.3805,-0.4783,-0.7855,0.1771,0.4967,-0.8163,0.5215,1.0442,0.8071,1.0839,0.8744,0.606,-1.2619,-1.2175,-0.5217,0.7374,-0.4303,0.6268,0.2296,1.2503,-0.8593,-1.6809,0.0745,-0.1001,-0.6317,0.2422,2.081,-2.713,0.9575,0.212,-0.6268,-1.0717,2.0046,0.2244,0.6952,1.0771,-0.5098,-0.0648,0.2864,0.8983,0.7311,0.2584,-0.1444,-1.4253,0.0538,0.8014,-0.9025,-0.7022,-0.453,-0.427,0.6779,-1.0346,-0.7819,0.0998,-1.8282,0.6127,-1.0626,0.7722,-0.0408,1.0965,0.2972,1.3061,-0.1276,0.9721,0.4783,-0.0291,0.5943,-0.3277,-0.102,0.5327,-0.5565,0.107,-0.216,-0.1476,0.1033,0.7224,ALL
0.5757,-0.8119,-0.4031,-0.5334,1.1468,0.6277,-1.2751,-0.301,1.2313,-0.7131,0.5283,-0.0879,-1.2564,-0.561,-0.3984,-0.5473,0.943,-0.9807,-0.0325,-0.24,0.438,0.551,-1.4626,1.6152,-0.7566,1.0125,-1.0223,1.3063,0.3901,0.6117,-0.6495,1.4133,-0.4711,-1.2091,0.4813,-0.6202,-2.2869,-0.2873,-0.5445,0.4442,0.3629,0.9944,-0.7605,0.8882,0.1545,-0.8008,-0.0773,0.7071,-2.1573,0.4793,-0.127,0.5791,0.2857,-0.0468,1.4829,-1.5014,0.286,0.6733,0.4723,0.1119,-0.8341,0.5588,0.6721,1.1157,-0.8451,0.1834,-0.5307,-1.2575,1.4221,0.2163,-2.2123,0.2161,-0.1219,-1.0425,-0.8257,0.4192,0.0425,2.8314,-0.6339,-1.0513,1.1577,-0.0758,-0.3296,1.8754,0.2347,0.6527,0.9045,1.2239,1.2305,0.0744,1.0442,-0.1585,-0.3282,-0.0571,-0.6126,2.7473,-1.6688,-0.1079,-2.0389,0.4043,ALL
-0.369,0.6463,-0.1072,1.405,0.2935,-0.1538,0.3223,-0.3263,0.4156,2.0797,-0.3623,-0.283,-0.5587,1.3081,-0.4437,-0.485,-0.0885,-0.5396,1.0358,-0.371,0.5,-0.2197,0.6221,-0.0933,-0.7263,0.7258,-0.1985,0.0523,-0.8915,0.2173,-0.3467,-0.5769,-0.3152,0.1723,1.2328,0.1011,0.5614,-1.1254,0.4203,1.1502,0.0002,0.5696,-0.1546,0.9461,0.0342,-1.0329,0.4996,0.5809,-0.0923,-0.7103,-0.3387,0.8351,-0.0502,0.1492,1.7068,-0.2665,-0.4951,0.4239,1.0503,-1.0907,-0.6204,0.1712,2.0362,0.2507,0.6486,1.9066,2.2224,1.3277,1.0959,-0.4018,1.2284,1.0984,0.1672,-0.8278,0.3353,0.1984,-0.3747,0.3669,1.1576,-0.4361,0.6176,-0.0106,0.7463,1.26,0.018,-1.5371,-0.207,-0.3871,1.6799,-0.5222,-0.049,-0.2749,-0.9254,-0.5174,0.6207,-1.1676,1.3463,-0.4024,-0.0981,0.3412,ALL
-0.1543,-0.7551,0.7025,-0.5416,-0.3038,-0.4559,-0.4842,-0.6299,-0.6468,-0.2014,-0.3438,0.3435,0.1881,0.0271,-0.5628,0.1199,-0.3625,1.6765,0.0738,-0.942,-0.1926,-0.5328,0.1063,-1.277,-0.1229,-0.9752,0.8312,-0.4707,-0.0843,-0.6259,0.1379,-1.1817,-0.4035,-0.0485,-0.8136,-0.508,0.2427,0.0995,2.5611,-0.247,-0.0437,-1.3014,0.1508,-1.3752,0.584,-0.2568,-0.009,1.3125,-0.2503,-0.1201,2.4612,-0.2988,-0.1277,-0.7344,-0.9028,1.3093,0.2548,-0.6112,-0.3204,0.5545,-0.2659,-0.975,-0.3913,-0.6569,1.293,0.7641,-0.5112,-0.4903,-0.517,-0.6382,-0.7461,-0.3241,-0.0782,0.7181,0.7223,-0.5745,0.3941,-0.0692,-0.8951,0.2396,-0.0425,-0.4491,-0.5318,-0.3914,0.7663,-0.9255,-0.5088,-0.6187,-0.5083,-0.7047,-0.2692,2.442,0.0428,-0.0859,0.6207,0.4348,-0.822,-0.6855,0.2864,-0.7395,ALL
-0.0684,-0.2059,-0.8391,0.4765,-0.6296,-0.4047,0.2137,-0.2758,-0.2864,0.2693,-0.4733,0.2459,-0.1073,0.522,-0.3304,0.1704,-0.2899,-0.1366,0.4738,-0.02,0.7481,-0.1475,1.1379,-0.7395,0.5304,-0.9752,1.9999,-0.6424,-0.7349,-0.6531,0.3701,-0.503,-0.0892,-0.0365,-1.4958,-0.3316,-0.1121,0.2054,0.9355,-0.7966,-0.4781,0.196,-0.7556,-1.1471,-0.3267,0.9313,0.9248,-0.0245,0.992,-1.1305,0.2619,-0.3354,0.3115,-0.3351,-0.2048,0.267,0.286,-0.6611,-0.1222,-0.0387,-0.4922,-0.5705,1.012,-0.5978,0.3984,-0.4346,1.1025,1.1919,0.4189,-0.3117,-0.6288,0.8824,-0.6496,0.7754,0.7921,-0.5009,0.3833,-0.8598,-0.7792,1.0766,-0.4025,-0.9637,-0.5896,-0.9211,0.2101,-0.0941,-0.0006,-0.2796,-0.0297,0.1385,-0.7728,0.5949,0.6895,0.0436,-0.6126,-0.4028,0.4775,-0.0003,-0.2812,0.1124,ALL
-0.0362,0.3054,-0.2007,-1.0805,-0.2728,-0.49,0.1052,0.1796,-0.9313,-0.4814,0.2722,-0.622,0.065,0.0474,-0.115,0.1644,-0.443,1.2921,-0.7819,-1.2773,-0.0479,-0.2438,-0.259,0.0347,1.1895,0.6302,-0.7288,-1.0222,0.3458,0.6389,-0.0135,-0.9752,-0.7257,-1.0203,-1.0333,-0.4398,-1.0747,-0.6741,-0.3661,-1.1899,-0.7292,-1.3255,-0.6817,-0.6727,0.3606,-0.0848,0.1656,-0.5038,-0.1522,-1.8831,0.0545,0.3335,-0.3602,-0.5255,0.7171,0.0299,-0.4639,-0.6112,-0.7002,0.0617,0.0685,-1.093,-0.9361,-0.9476,-0.0411,-0.9591,-0.1053,0.4367,-1.0664,-0.4892,-0.316,0.6483,-0.8412,-0.9995,-0.6163,-0.4457,-0.462,0.1925,-0.133,0.1488,1.2777,-1.0325,-0.5896,-0.9367,0.4022,-0.7224,-0.7946,-0.4651,-0.3423,-0.2461,-0.5507,0.0508,-0.36,-0.3952,0.275,0.6897,-1.0556,-0.5836,0.3413,0.2176,ALL
-0.0362,0.7031,1.2631,0.5484,-0.7615,2.0936,0.0586,-0.4781,-0.1156,1.5607,0.0659,-0.1495,0.0486,-0.1593,-0.251,0.4788,0.0727,-0.2351,0.5599,0.2314,0.6033,0.0934,0.0203,-0.9059,-0.2542,-0.765,-0.25,-0.096,-0.7587,-0.6667,-4.0515,-0.2579,0.7266,-0.3296,-0.2124,0.7262,0.8833,0.0581,0.8313,-0.1371,0.1437,0.2533,0.0522,-0.2272,-0.55,0.2472,-0.0242,-1.0335,-0.125,-0.0156,-0.9609,-1.0095,0.4924,0.09,0.2588,0.0299,-0.4014,-0.0625,-0.4525,-0.1962,0.7223,1.9241,1.1406,0.194,-0.2937,0.2584,-0.7019,0.7564,-1.0806,0.0111,-0.2769,-0.198,0.2108,0.0311,-0.3181,-0.869,-0.2627,0.1489,-0.2606,-0.305,0.3476,0.1344,0.6813,-0.2901,1.528,-0.2189,0.6028,0.0789,-0.3716,-0.6652,-0.589,-0.2968,0.2407,0.1947,0.1722,0.1617,0.3753,1.404,0.1399,-1.8991,ALL
0.0819,0.3054,0.8427,0.1046,0.0336,-0.4269,0.1052,-0.554,0.1689,0.1124,-0.3467,0.1175,0.5657,-0.4446,0.5424,-0.2774,-0.0401,-0.1934,-0.549,-0.4443,0.8101,1.3699,0.4502,0.329,-0.1641,-1.3192,-0.8679,0.6611,-0.6982,-0.8027,-0.0337,0.3831,0.4226,-0.3377,2.0653,2.3932,-0.4899,-0.5544,0.0378,0.4931,0.0759,-0.4789,-0.0413,0.2653,1.1511,0.3632,0.0441,-0.201,-0.1413,-0.1874,-0.2955,0.4118,-0.4119,0.7665,0.7432,0.2225,1.4422,-0.5239,0.6952,0.3423,-0.721,-0.4693,0.1121,1.2102,0.1373,1.7755,0.8874,1.4996,0.2735,0.5624,1.2675,0.3962,1.4074,-0.2266,0.1387,-1.1266,-0.2225,-1.127,0.4583,0.8649,1.2777,0.9244,0.7896,1.3691,-0.317,0.1314,-0.5405,0.717,-0.0199,0.7401,-0.8781,-0.3223,-0.8865,-0.0931,0.2283,0.3255,0.8352,-0.1815,0.5244,0.4017,ALL
0.8763,-0.6414,0.7492,0.6787,-0.8352,-0.5907,-0.0809,0.1543,-0.3622,0.2596,-0.4861,-0.3344,0.0979,-0.6542,1.0865,0.3335,-0.1529,-0.2513,0.6308,0.4148,0.7687,0.6232,0.9445,-0.7331,0.7507,-0.1534,-0.2912,-0.3536,-0.5706,-1.3739,-0.0135,1.0432,0.1109,1.9673,0.3079,0.1813,0.8735,-0.3288,0.1234,0.3856,2.4315,0.2292,-1.056,-0.4156,-0.0517,0.2352,-0.1836,-1.2857,0.1584,0.0442,-0.7449,-0.3511,-1.3679,0.8201,0.3213,1.1265,-0.8388,-0.5863,0.0512,-0.146,0.4733,-0.1491,-0.156,1.085,0.5718,-0.5658,-0.1493,0.4327,0.7627,-0.4625,-0.9611,-0.5221,1.7268,0.3889,0.9126,-0.3353,-0.5748,-0.0856,-0.0505,1.2784,0.5576,-0.1555,0.9413,0.9952,0.8489,-1.5176,-1.0328,0.2498,-0.0004,-0.0538,-1.2859,-0.3696,0.2796,-0.6253,0.7141,0.016,0.0249,-0.3514,-0.1897,0.1466,ALL
0.6723,-0.9444,0.3288,-0.4832,0.1577,-0.5668,0.3533,-0.4781,-0.5709,-0.3728,-0.3751,-0.0211,-0.7065,-0.4155,-0.5968,0.0636,-0.1368,-0.2212,-0.2047,-0.3553,0.3553,-0.3401,-1.7205,-0.426,-0.217,-0.0387,-0.3272,0.0497,-0.4747,0.1085,0.4609,0.7581,0.194,-0.7473,0.4929,-0.3357,-0.4538,1.329,-0.2819,0.1267,-0.2071,0.6208,1.1704,0.0371,-0.9281,0.8113,0.0289,-0.0245,-0.1686,1.4728,0.3699,0.1349,0.2082,0.2046,-0.2153,0.3954,-0.6826,0.7232,0.8273,0.6435,-1.0403,0.0026,-0.8031,0.1443,1.1649,-1.1838,0.1783,-0.4903,0.2204,0.0718,-0.5506,0.0541,-0.0396,0.2744,0.5066,-0.1329,-0.5316,0.3179,-0.4846,0.2597,-0.8526,-0.0903,-0.1563,0.0916,-0.6834,-0.2793,-0.2547,0.2454,0.0876,0.4935,0.1711,-0.4824,0.7107,0.4608,0.1255,-1.0583,-0.4423,0.2998,-0.0798,-0.2531,ALL
-0.1113,0.419,1.232,1.1403,-0.044,-0.0941,-0.6548,-1.1611,1.1933,-0.2473,-0.0564,0.6156,1.764,-0.8056,1.2452,-1.1493,1.5554,-2.1697,0.3118,-0.6015,-0.7508,0.4306,0.7296,0.8537,-0.453,-0.6121,-0.0647,2.0087,-1.184,-1.1019,0.2792,0.9188,0.8591,0.1723,1.3138,0.6902,-0.8677,0.2008,0.2347,1.9954,0.3948,2.528,2.2589,0.6129,-0.4298,-0.9248,-0.3355,1.4134,0.6596,1.3029,-0.9825,1.2636,-0.6186,0.7554,-0.0954,-0.963,-1.3388,-0.0999,1.6778,-0.2669,-1.5985,-0.0311,0.7985,2.1225,0.4632,0.4831,-0.6334,-0.5862,1.0534,-0.4981,-0.1987,-0.3241,0.2629,1.3765,-0.0897,0.364,-0.8762,1.5447,0.6724,-0.2849,1.4877,2.4972,1.8728,-0.9133,0.5228,0.2978,0.8886,0.5303,2.7252,1.3564,0.1099,-0.7135,-0.9854,-0.539,0.5927,-0.4939,3.3466,-0.6968,-1.1784,-0.6606,ALL
0.1893,-0.2438,-0.0761,-1.5013,-0.4086,-0.2835,0.3533,0.1796,-0.2294,-0.4645,-0.7549,-0.242,0.418,0.0416,-0.1887,-0.0283,-0.4108,0.1192,-1.1464,-0.2767,0.469,1.0086,0.4502,-0.5924,-0.4011,-0.1152,0.7231,-0.2417,-0.5907,0.1357,-0.5688,-0.5746,-0.801,0.8831,0.0882,-0.512,0.8143,0.4955,-0.6958,-0.2031,-0.3506,-0.973,0.5251,-0.4771,-0.4298,-0.4008,0.7577,0.3539,0.2564,-1.4237,0.236,-0.837,0.9058,-0.6789,-0.3871,0.025,-0.3389,0.6608,-0.8405,0.0868,-0.0723,-0.7222,-1.167,-0.5364,1.3355,-0.1912,0.9021,-0.1027,-0.6198,-0.0058,-0.1401,1.0444,-0.216,-0.1264,-0.4006,-0.4457,0.024,-0.0202,0.584,-0.1537,-0.4025,0.051,-0.6329,-0.3291,-0.3595,-1.683,0.6346,-0.3354,-0.4497,-0.4828,-0.432,-0.315,1.1524,-0.5894,-0.6499,-0.5485,0.6381,-0.6062,0.6709,-0.3872,ALL
0.3288,-0.0165,-0.5277,-0.9732,-0.6452,1.6005,-1.4302,0.5084,-0.1156,-0.6311,0.4827,-0.3601,-0.6326,-0.4184,-0.7951,0.9681,-0.2335,1.886,-0.8224,0.551,0.3139,0.3342,0.4717,-0.33,-0.0514,-0.1916,0.0846,0.0939,-0.7111,-1.0475,-0.2356,1.3186,0.394,-0.0003,-0.883,-0.6402,-0.0793,0.4541,0.406,-0.1811,-0.1593,-0.3282,-0.2778,-0.937,-0.2579,0.3632,-0.1609,0.7575,-0.6971,0.061,-0.0017,0.067,-1.4196,-0.0394,-0.4549,-0.222,-0.0577,-0.3119,-0.8488,-0.4381,-0.2935,-0.8401,-0.9491,-0.7254,0.6667,-0.9591,-1.0931,-0.4224,-0.6091,-0.7898,0.4073,-0.036,-0.4748,-0.4413,0.4939,0.7689,-0.19,0.0344,-0.3039,0.3001,-0.6425,0.0148,-0.1924,-1.0379,-0.3595,0.0147,-0.5246,-0.6438,0.0192,-0.7786,1.879,-0.153,0.3467,-0.5534,-0.1454,0.9264,-0.216,0.0166,0.085,-0.466,ALL
1.3379,-0.187,-0.3408,1.6819,0.1655,0.0544,0.7565,-0.1746,-0.3812,0.6072,-0.5458,0.8211,-0.3454,-0.3339,1.1375,-0.7608,1.6198,-0.3242,0.2358,0.991,-1.5365,0.0934,-0.1946,0.6618,-0.1161,0.8596,-0.8524,1.4051,-1.3731,0.0405,-0.5284,0.7667,4.0416,-0.2975,0.0651,0.5619,0.0719,1.085,-0.0464,1.3603,1.1242,2.9256,1.3132,1.0692,-0.3095,2.3194,-0.1836,-0.2263,0.5834,2.711,-0.6498,-0.4608,-0.5411,0.6131,0.7224,1.25,-1.1201,0.5611,1.5457,-0.9903,-1.7669,1.5196,0.4977,2.3919,0.0987,0.0523,0.2272,-0.7181,0.5571,1.9279,-0.0619,-1.4224,3.646,1.1475,0.754,0.0696,0.8964,0.9449,-0.7007,1.2078,1.2177,1.0549,2.696,1.5093,0.7976,-0.8371,1.1586,1.6531,-0.1078,1.0359,2.3596,0.7132,-0.4059,1.288,1.256,-0.1297,-0.9899,-0.2382,-0.5009,-1.3259,ALL
-0.4226,0.6273,-1.0104,-0.1126,-0.2107,-0.3637,-0.5307,-1.6418,0.2448,-0.3462,-0.661,-0.6322,1.132,-0.465,0.6104,0.8079,-1.1683,-0.1841,-0.5135,-0.392,-0.5544,0.3342,0.2353,-0.1381,-0.691,0.1142,-0.1162,-0.1168,-0.6893,0.1901,0.0975,-1.121,0.1394,0.8028,-0.0158,-0.544,0.3971,-0.7432,0.005,-0.738,-0.3705,-0.9398,-0.4403,-1.1833,-0.3782,0.3032,0.2946,0.0764,0.4362,-0.0081,-0.0579,-1.1192,-1.1354,0.3802,0.0556,0.3707,0.3173,0.0622,1.6612,-0.2167,0.3175,-1.2615,0.9074,-0.8932,-1.4944,2.1876,-0.2373,-0.1946,-1.4776,0.5195,-0.6288,-1.0443,-0.4177,-0.5272,-1.4093,-0.1329,-0.1244,0.0834,1.2735,0.9052,-0.3125,-0.8441,0.5875,0.1383,-0.6275,0.5995,-1.5568,0.7328,-0.9772,-0.8033,-0.7364,-0.3714,-0.572,-1.6971,1.0598,0.3984,-0.1284,-0.3458,0.5061,-0.1742,ALL
-0.3045,-0.471,1.2943,-0.4615,-0.0983,-0.4969,-0.5617,-1.0094,0.3966,-0.7107,0.5411,-0.093,0.2702,-0.2524,-0.6478,0.5499,-0.7089,0.6669,-0.1439,0.1005,-0.265,-0.1716,0.5147,0.6362,-0.6812,-0.4018,-0.9708,0.0835,0.0673,0.8157,-0.165,-0.7147,-0.7802,-1.0886,-0.0968,-1.097,-0.9268,0.5876,-0.5131,-0.8137,-1.076,-0.6385,-0.6817,0.5477,-0.4985,-0.5448,-0.4114,0.2026,-0.1686,0.6269,0.2965,0.9762,0.3632,-0.215,-0.4184,-0.222,0.2236,-0.0001,-0.4359,0.963,-0.2005,0.3566,0.3125,-0.5364,-0.1607,-1.3337,0.9021,0.8443,-1.2507,0.0798,-0.2769,-0.7382,-0.8395,0.0024,-0.8574,0.088,-0.265,-0.6417,-0.8264,0.0177,-1.0926,-1.0434,-0.113,-0.703,-1.1256,0.6307,0.6346,0.0029,0.3416,-0.892,0.0716,-0.5479,1.4245,0.0004,-0.3697,-0.1115,-0.0919,-0.4987,0.4695,0.7224,ALL
0.0282,-1.1717,-0.7457,-0.2402,-0.1138,-0.4184,0.1827,-1.237,-0.5709,-0.4524,-0.7123,0.287,-0.4356,-0.4941,-0.4041,-0.7905,0.8382,-0.1378,-0.5895,-1.0468,0.6033,1.0086,-0.4955,0.6874,-0.7654,-0.4401,-0.1316,-0.7282,1.5043,1.0741,0.3801,0.9817,-0.2477,0.0077,-0.5477,-0.524,-0.6476,-0.3011,-0.2676,-1.0556,-0.5419,0.0303,-0.2925,-0.0317,-1.2717,-0.2648,0.1049,1.2116,0.3491,0.061,0.3699,-0.0793,1.2934,-0.337,-0.4288,0.5387,1.5047,1.7957,0.3319,0.817,-0.3237,0.9971,0.3561,-0.7703,0.9391,1.4758,0.0121,0.8003,0.3409,-0.2573,1.3262,-1.5665,-0.0984,-0.0548,-0.0009,1.1553,0.1785,-0.7671,0.1421,-0.0731,-0.8226,-0.1737,-0.5607,-1.4196,-1.932,-0.6305,-0.0483,0.2349,-0.0199,-0.4926,-0.6139,-0.4897,-0.5932,-0.8555,-0.5939,-0.858,-0.4569,-0.0796,-1.2699,0.4648,ALL
0.7367,0.7599,0.5468,0.5091,-0.4706,-0.4934,0.3998,-0.1999,0.1689,-0.1483,-0.3324,0.8211,-1.4616,-0.4999,0.8088,-0.1588,0.9188,0.1586,-0.0831,-0.3972,-0.0066,-1.1831,-1.0113,-0.2788,-0.1748,0.8978,0.3369,0.8848,-0.2426,1.1829,-0.064,0.8263,0.5135,-1.4219,1.071,1.8402,0.4628,0.1225,-0.162,0.1902,-0.0756,0.4913,-0.1448,-0.6437,0.9105,0.7553,0.0745,-0.9578,0.0657,0.8211,-0.9307,0.5216,0.6733,1.2193,-0.8872,1.003,0.4735,-0.0999,0.6539,0.2054,-0.2332,-0.0479,-0.1799,1.5198,0.3698,-0.6781,-0.472,-0.2506,0.5252,-0.0772,-0.2574,0.5042,0.0109,1.0187,-0.813,1.0817,-0.4357,0.4651,0.3483,0.4715,-1.1526,0.7324,0.1686,-0.072,0.3441,-0.6696,-0.0006,-0.0298,-0.5572,0.7549,-0.5373,-0.4951,0.0782,1.2376,0.4712,-0.6578,0.6089,0.1412,0.8357,0.3754,ALL
-0.2294,0.4001,-0.0449,0.0842,-0.2961,-0.2972,0.1982,0.3061,0.6811,-0.4186,1.8598,0.3846,-0.3454,1.6953,-0.9481,-0.5087,-0.5639,0.4573,-0.2705,1.0329,0.7171,1.0086,-0.0011,0.5466,0.9584,-0.4974,0.996,-0.7464,-0.6551,-1.1699,-0.4981,-0.5382,-0.614,-0.8276,0.7357,-0.3637,-0.0497,0.6153,1.0226,-0.3765,0.0998,0.0333,0.4069,-0.7053,-0.7562,0.2552,-0.1153,0.0008,0.1202,-0.0286,-0.2221,0.7881,-0.0244,-0.5089,-0.7153,0.2077,0.8485,-0.2246,-0.2956,0.2191,-0.6556,0.2386,-1.3501,-0.3142,0.4112,-0.5845,1.0341,-0.3784,-0.3858,-0.6391,-1.1566,1.4946,0.1688,-0.1264,-0.7749,-1.3658,0.2226,-0.7072,0.313,-1.2329,-0.8826,-0.0142,-1.1889,0.1149,-1.8426,-0.0802,0.2376,-0.3588,0.8495,-0.4384,-0.5851,1.5612,-0.5049,-0.1074,0.0414,0.9264,0.9739,-0.1193,0.0117,0.6488,ALL
-0.6695,0.3433,-0.808,-0.6895,-0.3814,1.2916,0.1827,0.5337,-0.0777,0.9427,2.9894,-0.4679,-0.5834,0.4609,-0.7328,-0.0432,-0.8943,-0.227,-1.2578,-0.4548,-0.9576,-0.027,0.1063,-0.1956,-0.1915,0.1715,1.1762,0.1017,-0.8027,0.9381,0.1783,-0.6844,-0.7932,-0.3015,-0.698,-0.1553,-0.1548,0.8685,-0.6144,-0.5963,-0.522,0.0002,0.9192,-0.2345,-0.3438,0.2112,-0.2595,-0.0497,0.2074,0.5578,-0.8097,0.0252,0.3115,0.3321,-0.6007,0.3213,1.4422,0.0123,-0.0561,0.105,-0.5802,-0.0985,0.4607,-0.4182,0.201,-0.0413,-0.8583,-0.4344,-0.5949,0.8299,0.0945,-0.144,-0.2648,-0.4413,-0.1849,1.1921,-0.2658,0.3451,0.6076,-1.0816,-0.4025,0.1851,-0.5607,-0.0331,-0.7794,0.0933,0.8728,-0.105,-0.5865,-0.7392,0.7015,-0.3368,1.4775,0.3313,1.0038,-0.7488,0.1052,-0.3175,0.2681,-1.0077,ALL
0.0819,-0.8876,-0.6211,-0.6909,0.9373,0.0219,-0.4376,-0.3516,1.3451,-1.2442,0.8213,0.9443,1.8379,-0.5814,-0.3531,-1.4251,0.1533,-0.829,-0.949,-0.2086,1.0065,-0.0752,0.4502,0.521,-1.1837,2.1019,-1.0069,0.6298,0.2793,0.3533,-0.5183,0.5321,0.168,-0.2453,-0.6517,-0.8365,-1.3703,0.5416,-0.5845,0.8131,-0.9086,-0.4518,0.4069,0.7904,1.6665,-1.4769,-0.9504,0.3287,-1.3945,-0.3965,-0.2998,0.4118,1.0867,-0.0486,-1.4862,0.7511,0.5048,-0.499,0.8108,0.3583,0.7298,0.1543,0.0554,0.3239,-0.2966,-0.0788,-1.7728,-0.7021,0.1601,1.3776,0.9352,0.3422,-0.2513,-1.6866,1.0078,0.5112,-0.377,-0.7017,0.863,-0.7084,0.7376,-0.8187,-0.864,-0.5783,-0.1048,0.2023,0.5075,0.8367,-0.5963,1.2923,-0.1926,-0.3678,-1.3423,-0.4167,-1.4908,-0.858,0.295,-0.2608,-1.7643,-0.1295,ALL
-1.1311,0.9493,-0.9948,0.8864,0.8132,0.1858,0.1362,2.6586,1.7625,-0.0035,-0.3936,0.4719,0.0486,0.5074,0.8824,1.3654,-0.8459,-0.2895,-0.6806,-1.2092,0.1692,-0.2197,-1.0113,-1.1746,-0.452,-0.1916,1.0166,-0.1507,1.0285,1.8085,-0.9927,-0.3288,-0.6244,0.1081,0.2501,-1.3254,-0.5917,-0.0479,0.0549,-0.2983,-0.1234,-0.3312,1.525,1.5291,0.7215,-0.6688,-0.5784,-2.0173,0.5561,1.3141,2.8199,-0.2309,1.1125,-0.1669,-1.5487,-0.4542,0.3173,-2.2948,-0.6836,0.5021,0.7197,-0.7727,0.5304,0.2412,-0.3281,0.3895,0.325,0.8842,-0.0703,-0.4589,-0.101,0.0901,-0.6479,-1.0997,-0.1088,1.873,0.2226,0.7541,-0.3097,-0.063,-0.6725,-0.9347,-1.225,-0.3758,0.8869,-0.7504,0.5552,-0.9028,1.1328,-0.9216,0.4564,1.2501,-0.4307,2.295,-1.2479,-1.6228,-0.216,0.2205,-0.7573,-1.431,ALL
-0.6481,0.9303,0.5312,-0.3095,2.1048,-0.6027,-0.4066,-0.2505,0.1879,-0.0928,0.1072,-0.9404,0.9514,-0.7299,-0.0073,-0.4672,0.2903,-0.3346,-0.8882,1.321,0.0968,0.9363,-0.1731,1.0841,1.0338,1.5667,-0.075,0.0497,1.1327,-0.1363,-0.2457,0.0324,-0.5828,-0.165,0.4351,-0.3116,0.0554,-3.1332,-0.1977,0.1853,-0.2788,0.0213,-0.9427,-0.6365,-0.2407,0.0032,-0.0925,0.8332,-1.7541,-0.4302,0.2835,2.2146,0.725,0.8312,0.9099,0.4844,0.0361,0.7606,1.3723,0.1529,-0.7813,1.6207,-0.5133,0.3925,-2.0033,0.4831,0.2761,0.6605,0.1388,0.235,1.0525,0.9544,-0.4698,-0.9709,0.716,-0.3353,-0.5254,-0.8326,-0.408,-0.4966,-0.8226,2.2436,-0.3729,1.5249,-1.043,-0.2624,0.1423,0.3436,-0.2641,0.0202,2.2849,-0.4242,-0.3989,-1.4957,0.9571,1.1267,-0.6321,3.1764,-1.1417,-0.3135,ALL
0.9407,1.1576,0.9673,-0.2891,-0.0207,0.8274,0.1517,0.1543,-0.3243,-0.7035,0.6392,-0.6733,0.4508,3.2266,0.0153,-0.4969,-0.3141,-0.4805,1.3194,0.7867,-0.3373,0.4306,-0.5384,1.1033,0.2199,0.4964,1.3203,-0.2365,0.5947,-0.3811,0.3297,-0.8182,-0.4529,-0.3497,-1.0911,-0.1754,2.0627,-0.2781,-0.0478,-0.6769,0.1118,-0.7922,0.2049,0.631,0.3778,0.9233,0.0062,0.253,-0.5064,0.7352,0.5082,0.8717,-0.7995,-0.8822,0.0087,-1.6842,-0.6201,-0.5613,-0.246,-1.2276,0.2496,-1.0593,0.2537,-1.1319,-1.4502,0.2958,-0.9415,-0.81,-0.1625,0.8005,-0.3942,0.5943,-0.2026,0.7181,-1.5299,0.3456,4.1262,-0.7726,-0.1742,-1.2732,0.7976,-0.5542,-0.6473,0.5434,1.461,-0.1185,-1.6838,0.8961,-0.2837,-1.247,-0.2156,-0.133,0.2337,-0.6037,-0.5098,1.1996,-0.0554,0.0563,-0.5192,-0.4582,ALL
-0.1435,0.6652,-0.7613,0.1371,-0.6878,0.795,-0.9494,0.4831,-0.7227,0.1776,-0.8275,1.3962,-0.4274,-0.3805,-0.183,1.4248,-0.5881,0.1516,-0.0882,0.2524,0.0658,0.5751,0.923,0.1819,-0.4079,-1.3766,-0.2243,-0.8973,0.4349,-0.9387,0.6628,0.2593,0.0225,0.0478,-0.2702,-0.1513,0.5417,0.4633,-0.2291,0.2366,0.1476,-0.1234,-1.3811,-0.249,-0.2923,0.5393,-0.214,1.1107,-0.6644,-0.1426,-0.2091,-0.2988,0.5441,0.3063,0.0764,0.0398,1.4734,-0.686,-1.0387,0.2396,0.8455,1.2162,-0.7334,-0.0424,-0.7814,-0.2473,0.3299,-0.5982,-1.0274,-0.3893,0.1923,0.5943,1.3671,-1.6007,-1.5235,-2.2676,-0.1182,0.0943,0.5605,-0.305,-0.0725,0.0655,0.8402,-1.2561,-0.4444,1.7945,-0.0006,-0.8188,-1.7978,-0.2905,-0.0739,-0.113,-0.83,-1.4165,-0.379,1.2542,0.5432,0.0053,1.6962,-0.3582,ALL
-0.3045,0.5895,0.2977,0.0828,-0.0362,2.051,0.2137,-0.1493,0.3017,1.8455,-0.6027,-0.9814,-0.1894,0.0824,1.0581,-0.1558,0.1452,-0.2154,1.6485,-0.5072,0.3553,-0.5328,0.2353,-0.4452,0.0191,0.7831,0.548,0.3489,-0.7949,-0.3539,-0.8413,-0.4803,1.8437,0.5779,0.7357,0.6781,1.1396,-0.1998,-0.3361,1.2357,-0.4463,1.2535,-0.1201,0.45,0.1373,0.9953,-0.1533,0.4296,-0.3865,-0.7962,-0.6239,-0.3145,0.725,1.1195,-0.5226,0.4399,0.4423,-0.262,0.4227,-0.1369,0.496,-0.3345,0.5697,0.747,-0.0719,0.4269,-0.516,-1.4013,0.0431,0.557,0.3878,-0.234,-0.0043,0.4032,-0.0326,-0.1329,0.0905,0.0453,0.6862,0.9455,-1.2426,0.37,1.2735,0.8861,0.5273,-0.3999,-0.1435,0.2648,-0.2739,-1.1928,-0.028,-0.466,-0.1409,0.2882,1.2747,0.5076,-0.2817,1.2851,0.2681,-0.7342,ALL
-1.013,-0.9255,-1.0104,-0.1778,1.6278,-0.1368,-0.3756,1.4697,0.776,-1.1669,-0.2926,0.4667,-0.5505,0.5365,-2.0363,-1.9885,-0.854,-0.9077,-0.9186,-0.811,-0.4614,1.3217,-1.0113,1.5,-0.5206,-0.8797,-0.0801,1.184,0.0313,0.0541,0.1883,0.909,0.0485,0.1683,0.8166,-0.4038,-1.2718,0.7442,-0.8556,-0.0516,-0.3227,-0.3282,0.6039,0.526,0.6012,-1.1969,-1.3376,-1.1344,-0.2666,-0.1668,-0.2955,-0.8318,0.88,-0.2279,-1.0904,-1.5755,-0.2764,1.2345,-0.7249,-1.7981,-1.1761,0.542,0.6895,0.4752,-1.522,-0.2848,-0.9806,-0.3625,0.3196,3.3799,0.3878,-0.6302,-0.0009,-0.5558,-1.3142,1.2289,-0.3569,0.3888,2.0652,-0.8093,0.4376,-0.8803,-1.1889,0.1072,-0.6029,-0.4332,1.111,1.6139,1.6213,2.3475,2.373,-0.0402,0.1559,0.1875,-0.0426,-0.3664,-0.3912,-0.6742,-1.1234,-0.5002,ALL
0.5113,0.3054,-0.6678,-0.0108,-0.8585,-0.4661,0.9426,-1.1358,-1.3108,-0.4259,-0.5856,-0.5501,1.5588,-0.4504,1.0241,0.1615,0.0807,-0.132,-1.0148,-0.6329,-0.4097,0.551,-1.2477,-0.2404,-0.4324,-0.421,-0.2037,-0.2573,0.3446,0.2853,0.2489,0.9281,0.3914,1.1481,-0.7096,0.7943,1.4089,-0.011,-0.359,-1.0653,-0.6057,-0.1053,-0.3172,-1.3318,0.8418,-0.5368,-0.1609,-0.8317,-0.2612,0.2011,-0.7967,0.1924,-1.7813,-0.5514,-0.7361,0.8203,1.0672,-0.5114,-0.4029,-0.6412,-0.5223,0.0195,0.245,0.064,-0.2445,-0.4534,0.0952,-0.1627,-0.3574,-0.4036,-0.101,0.1621,-0.8194,-0.0119,-1.1048,-0.9058,-0.2086,0.4433,1.2873,0.5926,-0.5225,-0.4201,0.3131,-0.2668,-0.1584,-0.8774,-0.3341,-0.9505,-0.4204,0.8091,-0.2788,-0.6134,-0.6497,-0.762,0.0508,-0.6578,-0.3474,-0.2948,1.2019,0.5331,ALL
1.5204,-0.0165,0.1575,-0.6678,-0.0091,-0.3996,-0.7323,0.5843,1.0985,-0.718,-0.4448,0.4102,-1.3056,-0.4941,-1.2032,0.2119,-0.7573,-0.2339,0.2915,0.6505,-0.7198,-0.5087,0.9015,0.6554,-0.2336,0.7067,0.6664,-0.6216,2.0633,1.2781,0.7738,0.2206,-0.1827,0.2446,0.0766,-0.0391,0.9852,0.5232,-0.279,-0.7063,-0.785,-0.6144,-0.0857,-0.2381,0.2919,2.0394,-0.047,-0.6047,-0.065,-0.1201,-0.6153,-1.4484,-1.6263,-0.2409,0.3942,0.3263,1.286,-1.1849,0.2659,-1.417,1.6853,-1.0424,-0.9884,-1.1532,-0.9381,-0.0975,-0.3742,-2.0167,-0.3043,-0.4598,0.9352,0.3422,-0.5404,-0.2266,-0.0009,-1.5683,2.4734,0.6178,1.2775,-0.3555,0.2576,-0.4382,-0.0985,-0.1733,-0.1629,1.6343,0.5869,-0.0533,0.3709,1.3614,-0.4741,-0.4678,-0.8441,-0.0067,0.3311,1.5455,-0.143,0.5716,1.6596,0.6462,ALL
-2.2153,-0.6604,0.7025,-0.4425,-0.4318,0.2813,-0.1895,-0.0481,-0.0777,-0.228,-0.2599,-0.7247,0.303,0.225,0.0323,-0.0906,-0.9346,0.0868,0.008,-0.6644,-0.2443,-1.8816,0.2568,-0.8739,-0.595,-0.421,-1.3364,-0.736,0.6256,0.5165,-1.023,-1.2184,-0.3334,1.3047,-0.3049,-1.1451,0.3971,0.1456,-0.7158,-0.7136,-0.1593,-0.756,-0.5339,-0.8067,-1.3233,-0.3208,-0.3051,0.7071,-0.1849,-0.094,0.9878,0.9971,-0.6186,-1.4275,0.29,0.2769,-1.3076,0.0373,-1.1543,0.3127,-0.2684,-0.9918,0.0685,-0.17,-1.125,-2.0267,0.5255,-0.0188,-0.836,-0.4946,-0.7265,-1.0623,-0.5572,-0.4699,-0.7368,0.9529,0.4583,-1.4378,-0.1605,-0.7286,-0.1625,-0.6556,-0.7412,-0.0642,-0.8553,-0.2886,-1.525,-0.7751,0.2048,-0.3102,-0.3879,-0.8336,-0.466,-0.3664,-0.407,-0.0386,0.2585,-0.7931,-1.4164,0.6383,ALL
-0.9057,-0.0923,0.8738,-0.3543,-0.5482,-0.473,-0.3446,-0.5034,-0.8744,-0.9835,1.5938,-0.3344,0.6806,0.4492,0.7748,-0.0669,0.8704,0.0799,-0.3616,-1.2825,-1.8363,-1.1109,-0.431,-0.7651,0.8644,1.4903,0.3987,-0.3744,-0.4915,1.5229,-0.9927,-1.084,-0.9231,0.1241,-2.282,-0.3797,0.0292,-0.7294,-0.329,-0.5744,-0.3546,-0.6657,-0.2728,-1.0203,-0.55,0.6073,-0.4797,0.9341,-0.7625,-0.7103,0.3742,0.2551,-0.7995,-1.3,0.6182,-0.3011,-0.5889,-0.4117,-0.6176,-0.0502,0.5613,-0.4862,-1.3065,-0.4914,0.8514,-0.2286,-0.34,0.8083,-0.8005,-1.036,-0.4137,-0.3241,-0.5236,-0.7848,-0.3054,-1.053,-0.0757,-0.8217,0.2442,-0.5572,2.3278,-0.9601,-0.5246,-1.2794,0.0672,0.2586,-1.3186,-1.0778,0.4392,0.1385,0.3454,0.9898,-0.7628,-0.2585,0.4993,-1.113,0.7476,-0.8101,1.5497,-0.4108,ALL
0.3288,0.0024,-1.8046,-0.1262,-0.1293,1.4298,0.2758,0.9891,-0.6468,-0.3631,0.497,-0.5039,0.894,1.0606,0.2647,1.0541,-0.2255,-0.2015,1.1877,0.1686,-0.9059,0.4306,-0.0226,-0.1573,-0.1288,0.0377,1.4284,-1.017,0.5041,-1.1699,0.8344,-0.541,-0.0684,0.4173,-1.1605,0.2574,0.5055,-0.909,-0.5488,-1.1924,0.0281,-0.4728,-0.199,-0.1077,-0.0517,-0.1768,-0.0622,-0.6803,-0.065,0.2534,-0.3862,-0.0271,-0.6961,0.3469,-0.5851,0.6375,-0.3701,0.374,-1.0222,-0.1574,0.2797,1.3342,-0.4305,-0.4395,-0.3047,0.0898,-0.6579,-0.0947,-0.8892,-0.384,-0.4137,-1.6385,-0.5656,0.4891,-0.1341,-0.777,-0.2379,-0.4836,0.1322,-0.4966,0.2876,-0.2498,-0.4524,-0.0564,-0.3126,0.7449,0.0788,-0.1681,-1.4559,-0.3743,-0.7632,-0.4169,-0.4978,-0.2801,-0.5472,-0.0204,-0.2379,-0.2722,-0.1713,0.4095,ALL
0.2644,0.3244,-0.9326,-0.7547,0.022,-0.5037,1.4854,1.2926,-1.1021,-0.6383,0.1143,-0.8839,-0.2469,1.5264,0.1287,0.2564,-0.1368,-0.0128,0.008,0.0743,0.4173,-1.2072,-0.0656,0.0027,0.7831,-1.7015,0.3575,-0.9624,0.3269,-0.2451,0.2186,0.2066,-0.7595,-0.1449,-0.6286,-0.4639,-0.0628,-0.4991,-0.4432,-0.6818,-0.0796,-0.8615,-0.79,-1.6324,0.1201,-0.7888,-0.2368,-0.2515,0.5452,-0.5441,-0.356,-0.1734,-1.2129,-0.4885,0.2327,0.2225,0.3173,-0.0001,0.3402,-0.3856,0.5538,-0.4188,-0.8162,-0.638,0.2753,0.7266,0.6576,0.0211,-0.8714,-0.4089,-0.1401,-0.6662,-0.616,-0.5987,-1.0858,0.7321,-0.0347,-0.9144,0.0242,-0.6378,-0.6725,-1.0398,-0.8567,-1.1314,0.7328,0.7977,-0.207,-0.5916,-1.1433,2.1306,-0.8072,-0.1912,-0.4024,-0.8915,-0.108,0.2527,0.1271,-0.8271,-0.0066,0.5805,ALL
0.2537,0.5327,0.4378,0.2389,-0.4784,-0.0105,0.5394,-0.807,-0.5899,0.0738,-0.1361,-0.1649,-0.4685,0.0096,-0.7498,0.3779,-0.2738,-0.2941,0.7725,-0.0148,-0.172,0.1175,-0.0656,-1.4882,1.5167,0.3627,0.5429,-0.5513,-0.2279,-0.0955,0.3095,-0.562,-0.0684,0.0157,-0.8483,-0.4398,-0.3059,-0.338,0.6287,-0.2055,-0.1194,-0.3192,0.3626,-0.4952,-0.1205,-0.8048,-0.1609,0.8584,-0.0923,0.1189,-0.0622,-0.8423,-0.1794,-0.7824,-0.7987,-0.064,0.0673,-0.1124,-0.7084,0.0115,0.4029,-0.7053,-0.7051,-0.7798,1.0814,0.6517,-0.3351,0.185,0.3019,-0.2975,-0.0423,-0.27,-0.1622,0.0454,-0.1024,0.8057,-0.1444,0.0671,-0.0151,-0.6278,-0.6425,-0.6919,-0.1707,-0.259,-0.1383,-0.6844,0.1105,0.0239,-0.8991,-0.0488,-0.9738,0.5021,0.7001,0.3457,-0.1921,-0.0751,0.2293,-0.3401,0.561,0.0204,ALL
-0.7017,0.8167,0.4534,0.5457,-0.2806,1.3018,0.0897,-0.4022,0.0931,1.6138,-0.2186,0.3589,-0.3289,-0.1534,-1.2202,0.1822,0.4595,0.4133,-0.2452,-0.1667,0.3759,-0.2679,0.7726,-0.6691,-0.0269,-0.4018,0.9342,-0.2625,-0.1196,-0.4491,0.4609,-0.2156,-0.0762,-0.4541,0.3541,-0.6041,-0.549,0.1548,0.8984,-0.7234,-0.5778,0.1689,0.0227,0.3123,0.395,-0.3968,0.9475,1.6404,0.2564,0.2814,-0.6671,-0.9833,-0.4894,0.1528,-0.2153,0.1287,0.0986,-0.4616,-0.4112,-1.3736,0.2898,-0.1322,0.3757,-1.0185,-0.2389,-0.9216,-0.208,-0.9418,-0.7545,0.1958,0.4073,1.1164,-0.5622,1.4624,-0.3435,0.5112,-0.1854,0.3942,-0.3549,-0.4966,-0.2225,-0.8586,-0.1058,-0.5783,0.6055,0.4245,1.238,0.4535,-1.3094,-0.9611,-0.3401,-0.5024,2.1136,0.5687,-0.5472,-0.5303,1.2003,-0.1872,0.1216,0.5831,ALL
1.6814,-0.3574,0.3132,0.6435,-0.2767,-0.3842,0.4153,-0.0228,0.3207,0.6434,-0.57,-0.0263,-0.5095,-0.2612,0.8598,-0.23,0.9188,-0.5129,0.7675,0.3571,0.3759,0.3824,0.2783,-0.3108,0.836,-0.1534,-1.2334,-0.1975,-0.6324,0.0133,-0.2054,-0.5181,0.5499,1.2003,0.1229,2.834,0.6172,-1.7701,-0.0907,0.7154,0.0759,0.2894,0.5694,0.2435,0.4294,0.8553,0.1049,-0.0245,-0.5827,1.0284,-0.4165,-0.3093,-0.722,-0.5699,-0.1007,-0.1726,-0.3389,0.586,0.7117,-0.4038,0.2546,0.3397,-0.0906,0.1467,-0.1862,0.1273,-0.7605,0.4846,0.2806,-0.4687,0.3291,-0.3421,0.0697,-0.6989,0.7033,0.5296,0.432,-0.9743,0.3896,-0.0226,0.0776,-0.2425,0.0675,-0.1577,1.1281,0.0656,-0.7946,-0.5949,-1.1726,0.1533,-0.7287,-0.0766,-0.6003,-0.798,0.2377,-1.1312,0.1709,-0.7931,0.6892,-0.0348,ALL
0.1785,0.3812,-0.2785,0.3082,-0.3038,-0.1794,0.3688,0.2808,-0.2294,0.9838,1.8242,0.6002,0.0158,1.6254,-0.251,0.3779,0.4595,0.1157,2.2054,0.3414,0.0245,0.0452,0.7511,-0.6244,1.1876,-0.937,-2.119,-0.0544,-0.9353,-0.1635,-0.1549,-1.124,0.3655,0.7185,0.1576,0.9867,0.2591,0.1548,-0.289,1.3334,1.6583,0.5485,0.5842,1.0439,0.0342,-0.3328,0.2643,0.5809,1.0029,0.6642,-0.5116,-0.2361,0.0532,-0.3702,-0.0277,0.0348,-0.7451,-1.2971,-0.4442,-0.1871,0.33,0.0869,-0.5199,-0.4371,0.2852,-0.0413,0.2615,-0.9898,0.6209,0.243,-0.6288,0.5402,1.4444,0.4032,-0.1468,-0.7585,0.0982,-0.2328,0.2697,1.349,-0.6125,-0.4708,0.3564,0.0215,-0.527,-0.4192,-0.1594,0.1439,-0.4497,-0.0193,0.265,0.4876,0.8733,0.1731,0.3778,0.016,1.3901,0.481,0.6343,-0.5896,ALL
-0.2938,0.4569,-0.0605,0.1874,-0.5676,-0.4184,0.8806,0.1543,0.2069,0.641,-0.1247,-0.1598,0.065,0.1493,-0.3757,0.6181,-0.7654,0.0474,-0.4224,-0.6696,-1.1643,-0.0993,0.4502,-1.0659,0.2483,0.5538,-0.1676,-0.5825,-0.1156,-0.3539,0.7234,-0.3739,0.1836,-1.0243,-0.3165,0.1212,-0.6115,-0.4116,-0.486,-0.7038,0.2592,-0.051,-0.928,0.2472,-0.1033,0.4752,1.5473,0.1521,0.4145,-0.333,-0.7535,-0.6489,0.1048,-0.3776,2.4465,0.84,0.1611,-0.6985,-0.3534,-0.4381,0.237,-0.6379,-0.5983,-0.8507,0.4901,-0.6407,0.0708,-0.1427,-0.9317,-0.6382,-1.3326,-0.144,0.5184,0.7754,-0.3308,-0.1513,-0.428,0.1925,0.2363,0.6127,0.1076,-0.4926,-0.1924,-0.4148,-0.0088,0.5796,0.5075,-0.7351,-0.2446,-0.1425,-0.8723,0.0854,0.1736,0.5831,0.1162,0.2527,0.1344,-0.493,0.3962,0.5726,ALL
-0.0469,-0.2059,0.4845,-1.318,-0.9516,-0.304,0.3533,1.0144,-0.514,-0.8507,-0.6753,-0.1444,1.0335,-0.6629,0.8144,0.1318,-0.4833,1.4507,-0.6148,-0.4024,0.4276,0.7918,1.5463,-0.2404,-0.6969,0.4009,-0.0492,-0.7308,0.4898,-0.6531,-0.0337,-0.4154,-0.4997,0.5297,0.3773,-0.4118,0.3741,0.339,-0.4846,-0.6012,-0.8967,0.1779,-1.0757,-0.0751,-0.2751,-0.0648,-0.6999,-1.1848,0.5071,-0.6617,0.1366,-0.9572,-0.2052,-1.104,0.5817,-0.2665,-0.1202,0.1869,-1.4185,-0.3559,-0.0195,0.2049,-0.4588,-0.3213,0.776,-1.5022,-0.3987,1.064,-0.0313,-0.9548,-0.6288,-0.144,-0.8664,-0.5844,-0.0453,-1.3474,-0.5547,0.3451,-0.2646,-0.5572,-0.2525,0.283,-0.7629,-0.6173,-0.9737,0.7752,-0.1912,-1.1926,-0.0199,-0.5715,0.1788,-0.6134,-0.7204,-0.8843,1.6204,0.2527,0.4702,-0.1646,0.0667,-0.9551,ALL
-0.7125,-2.6677,0.2042,-1.2814,0.181,-0.1129,-2.0815,1.1156,-0.4571,-0.5345,-0.3908,0.9905,-0.0581,-0.5785,0.8314,0.2475,-0.8862,-0.8082,-1.2629,-0.4967,-0.2133,-0.2679,-0.2805,0.745,-0.6048,-0.1534,0.0692,-0.4004,1.7265,1.3053,0.148,0.5221,0.1161,-1.7873,-0.0968,-0.0712,0.2854,0.2745,-0.4689,-0.9041,-0.4383,-0.2469,1.3132,0.0588,-1.1686,0.0832,-0.8821,0.9593,0.9866,0.1899,0.5816,0.6522,0.3115,-0.3481,-0.507,0.4004,1.0985,-0.8357,0.2906,0.5911,0.1616,-0.0648,-0.5286,0.3972,0.7778,0.5206,-1.3327,-0.8859,-0.3893,-0.2359,2.7533,-0.7022,0.0025,-0.0262,0.367,0.4744,-0.4265,2.7878,0.2226,1.3288,0.2876,0.2359,-0.9723,0.4499,-1.2887,1.7676,1.0316,-0.3406,0.7616,1.6671,-0.1467,-0.7044,0.3079,0.9643,-0.9302,-0.8216,0.076,0.3791,-0.7023,-0.679,ALL
-0.7017,-0.0923,-0.8547,0.0896,-0.9244,0.3462,0.1982,-0.2758,0.0172,-0.0638,-0.533,-1.4077,0.5821,-0.366,-0.9765,-0.0906,0.4756,-0.6739,-0.2907,2.0439,-0.3373,-2.0501,-0.5599,0.0155,-0.548,0.8214,0.5944,-0.7517,1.4444,-0.4763,-0.4577,-0.178,-0.4867,0.7144,-0.8252,0.0891,1.0082,-0.0064,-0.5459,-0.7893,-0.3187,-0.039,0.1409,0.2073,0.2576,0.0872,-0.4949,-0.2515,-0.7025,-0.3013,0.0415,-0.2309,-0.8253,-0.1688,-0.5799,0.7017,-1.3388,0.3865,-1.2038,0.2031,0.325,-1.7335,-1.2695,-0.56,-1.9127,0.9701,-0.4378,0.3088,-0.7155,-0.0923,-0.2183,-1.9806,-0.8278,-1.3574,-0.5465,0.0328,0.16,0.0234,0.199,-0.1941,1.8178,0.5729,-0.8784,-1.2015,-0.1562,1.9791,-0.08,-0.807,-0.0394,-0.9068,-0.6675,-0.648,-0.6003,-0.9562,0.3685,-0.3664,0.514,-0.2552,0.4695,0.3832,ALL
-0.1972,0.3812,-0.2318,-0.133,0.022,-0.5088,-0.4221,-0.301,0.0551,-0.2811,-0.24,-0.6066,0.1963,-0.2058,-0.6704,-0.4939,0.1533,-0.1031,-0.2401,0.1266,0.562,-0.4365,-0.7963,-0.7075,-0.4089,0.5729,-0.0853,-0.2521,-0.2748,0.1493,-0.0842,0.8946,-0.2736,-0.932,0.4582,0.041,-0.3388,0.2561,-0.7229,0.774,0.0639,0.672,-0.8984,0.6129,-0.3782,0.5273,-0.0318,-0.201,-0.2067,0.0012,0.4002,0.1192,0.1307,0.005,0.7901,-1.1013,-0.0264,0.7856,0.0017,1.0064,-0.2382,-0.1659,-0.071,0.2696,0.528,-0.2473,0.3446,-0.0788,0.7875,0.7274,0.0163,-0.7922,-0.4614,-0.4556,0.1894,0.2352,-0.7371,-0.2328,-0.186,1.1069,-0.6125,0.504,0.2047,0.2318,0.0426,0.0768,0.1899,1.08,-0.2348,-0.2264,0.2248,-0.2495,-0.6568,0.5039,1.1533,-0.1115,0.2439,-0.4024,-0.5742,-0.3635,AML
-1.0775,-0.1491,-1.0727,-0.5592,0.4486,0.9878,-1.3681,-0.7311,1.0605,-0.8724,-0.4605,-1.3923,0.935,-0.6688,-0.1264,-0.6718,0.9349,-0.5766,-0.8274,0.4357,0.0038,-0.6051,-1.5056,0.457,-1.0044,0.936,-1.0995,-0.0388,2.6156,4.1477,-1.548,0.5767,-0.045,-0.5344,-0.9755,-0.1353,0.4562,-0.9827,-0.4774,0.6568,-0.4821,-0.042,-0.0955,-0.1657,0.7559,0.0112,-0.6619,0.2782,-1.2256,-0.3573,-0.343,1.5249,1.3451,0.0401,0.1337,-1.042,-1.6825,1.4465,-0.469,0.8215,-0.6707,0.3566,-0.1342,-0.4087,-0.6136,0.2958,0.6967,-0.0748,0.3373,-0.1209,0.0359,-1.6385,-0.4715,0.2601,0.716,-0.3169,0.1013,-0.2492,-0.3255,-0.2849,-0.5225,1.3339,-0.604,1.8287,-1.7734,1.8533,0.2058,-0.278,-0.1957,-1.3654,0.2037,-0.3113,-1.3105,-0.8555,0.0228,2.7291,-0.7562,-0.544,-0.4826,0.6725,AML
0.4576,-0.3006,0.4067,1.4579,0.437,-0.5139,-0.8719,-0.9082,1.3261,2.1907,-0.3082,-0.0879,-0.411,2.2368,-0.4324,1.3447,-1.4986,0.5488,0.1295,1.1272,-0.1409,-0.2197,-1.6345,-1.0851,0.0338,1.0316,1.2276,-0.351,-0.4036,-0.8027,0.6628,-0.6072,-0.2762,0.6582,1.5334,0.4137,-0.71,0.8685,-0.6259,-0.5866,0.2433,-0.0179,-2.1544,0.7542,0.1029,-1.0249,0.3174,0.2782,1.3734,-0.9306,-0.0103,-0.001,0.5441,0.0456,0.613,-0.4443,0.0986,5.1379,5.5006,-2.4279,-0.027,0.0195,1.1101,-0.3378,0.0594,-0.4159,1.3617,3.0939,0.153,-0.483,-0.7461,-0.8282,0.1167,-0.1264,1.7057,-0.4825,-0.7294,0.4324,-1.7143,-0.5874,-1.2726,-0.6411,0.0675,1.0497,2.2539,-0.2489,1.1904,-0.7048,-1.114,-0.4384,-0.0548,-0.2003,0.7425,1.4174,-1.1638,-0.9673,0.8644,-0.1646,4.5159,0.2229,AML
3.6781,0.2297,-0.6211,-0.3665,0.7357,-0.4849,-0.8409,-0.3263,0.0931,-0.5997,-0.0337,-0.5295,-0.5998,-0.4096,-0.8688,1.0689,0.7012,1.5248,1.3396,0.399,-6.5811,0.5269,0.1708,2.2934,-0.3854,-0.1916,-1.5011,0.1615,-0.5907,-0.3267,1.1776,0.3856,-0.4893,0.4574,4.528,-0.6763,2.5161,0.9238,-0.1249,1.4677,2.567,-0.6988,0.3379,-0.7958,0.4294,0.3232,0.3022,-0.983,-0.1904,0.117,0.0761,1.1434,-0.0244,-1.1521,0.7171,-0.8938,0.0986,-0.5738,-0.5928,-2.2887,-0.7587,0.2386,0.428,-0.482,0.1638,-0.6594,1.7334,0.3967,1.0038,-0.5775,-0.0228,0.0,1.2192,0.5464,1.896,1.0633,3.845,0.6232,1.3698,-0.1336,-0.4925,-0.1845,1.324,-0.664,1.691,-0.2663,0.3487,-0.2521,-0.2934,0.3653,-0.5526,0.8806,2.2019,-0.0499,-1.8645,-0.5667,-0.7635,-0.2438,0.7441,3.0258,AML
2.2825,0.0971,-0.4654,0.8864,0.9529,-0.3979,-0.143,1.5203,1.3261,-1.2152,-0.4662,0.5592,-1.519,-0.6047,-0.2227,1.2824,4.4563,-0.3705,0.4282,-0.8372,0.0761,0.7437,-0.3235,1.2121,-0.4089,-0.6312,0.4245,1.7147,-0.8458,-0.6667,1.4502,-0.9063,0.0043,0.2687,0.4235,-0.9207,3.2651,1.2876,1.2281,-1.5954,0.3748,0.6871,1.126,-0.2635,-0.0689,1.0713,0.1884,1.7665,0.518,-0.6505,0.465,0.8142,-0.4119,-0.1688,-0.7153,-0.8642,-0.0889,-0.5114,0.5631,0.3401,-0.4721,0.2386,1.6788,-1.0445,0.9519,-0.0788,1.3519,-1.3694,0.9116,-0.1066,-0.4724,0.9004,0.1134,2.3212,-0.7749,1.5234,3.7461,-1.0616,0.2344,0.0076,-0.2825,0.1054,-0.113,-1.2483,0.1453,-0.2319,0.3646,0.2365,0.2634,0.3012,-1.0063,0.1018,0.8909,0.1443,-0.4724,0.3073,-0.1722,-0.7365,0.3047,5.3265,AML
-0.1006,0.9303,0.7492,-0.8497,0.4797,-0.3979,-0.9494,-0.0481,0.2638,-0.8845,6.0949,0.174,-0.7065,-0.7357,-0.5628,-0.6718,0.8624,-0.2362,0.727,-1.0101,0.0761,0.5751,-0.1731,0.0027,0.9995,-0.7268,1.3255,0.328,-0.7883,0.4077,-0.0539,-0.4922,-0.5542,1.1843,0.886,-0.1954,0.2328,0.8962,6.0192,-0.0052,-0.1354,-0.048,-0.46,0.8918,0.0342,-0.9248,0.9096,-1.1344,0.0221,-0.4507,0.1625,1.2793,1.035,-1.0652,-0.2986,0.1287,0.286,0.2742,-1.0635,-0.9698,-0.4142,2.5309,1.2321,-0.5174,0.5952,-0.3597,0.9216,-0.8539,0.0431,-0.7372,-0.2378,-0.216,-0.0093,1.1046,-0.445,-0.5377,-0.0247,-1.7267,1.0162,-0.2445,1.3377,-0.3802,-0.3368,0.076,2.0864,-0.039,1.3968,-0.6236,-0.2739,0.7943,0.175,6.2454,2.1489,1.1441,-1.005,0.016,-0.1795,-0.442,0.1216,0.0335,AML
1.091,-0.168,-0.481,-0.8266,-0.9089,-0.659,-0.0344,-0.6552,-0.4571,-0.9328,-0.782,-0.9404,0.065,-0.2815,-0.6988,0.2979,-0.6445,0.3913,-0.5895,-0.2977,0.1382,-0.5328,-1.2477,-0.8355,6.6059,0.3818,0.929,-1.4151,-0.2589,-0.4491,-0.1852,-0.9382,-1.04,-0.3698,-1.0217,-0.5881,3.0187,-0.6603,-0.2377,-1.2974,-0.7492,-1.1959,-1.0462,-1.2231,-0.4985,0.0392,-0.2064,-0.7308,-0.0759,-1.0184,-0.7967,-0.0062,0.0273,-1.3462,-0.3611,-0.6222,0.0673,-0.6985,-0.5681,-0.8922,-0.0999,-0.8907,-0.3913,-1.2974,0.2944,-0.3223,-1.1322,-0.5503,-1.5343,-1.5907,-0.0619,0.3602,-0.7572,0.6609,0.8429,-1.0898,2.2455,-0.8707,0.4269,-0.2949,-0.4025,-1.1485,-0.3802,-1.1003,0.5206,0.3969,-0.9216,-1.52,-0.8209,-1.8535,-1.3893,-0.4442,0.4139,-1.8193,0.0975,0.2891,-0.0481,-0.4873,0.7807,0.4043,AML
0.6508,0.2486,0.2821,1.2149,1.2864,-0.3979,-0.236,-0.8576,-0.2484,0.32,0.3021,0.9084,-0.2551,-0.0545,0.8371,5.7128,-0.9668,0.4249,1.0561,5.077,0.0968,0.4546,-0.5384,-1.9233,0.0426,0.3435,-0.7597,0.3671,-1.1187,0.6797,0.6224,-0.3847,-0.0918,0.349,-0.3049,0.0009,-1.2356,-3.0364,-0.6159,-0.8455,-0.1234,-0.753,0.5744,-0.9769,0.4122,0.9913,-0.1001,0.2026,0.3109,0.6175,-0.9739,0.694,-0.6703,-0.727,1.1287,-1.0371,-0.6201,-0.6486,-0.2626,0.3652,1.2729,-0.3345,-1.3348,-0.6947,0.0099,0.9326,0.9461,1.8312,0.075,-0.8772,-0.5115,1.2245,-0.3858,-0.4699,-1.4664,0.1432,-0.3747,-0.7726,0.3051,-0.8597,0.0176,1.2035,0.1831,-0.6173,2.7431,-0.0801,-0.6199,-0.9538,0.4783,-1.3407,-0.7594,-0.0256,0.1877,0.3313,-0.5378,0.4348,-0.8439,6.2059,-0.9587,-0.1242,AML
-1.1741,-0.6604,-0.7457,-0.6027,0.3439,-0.4337,-0.6858,-1.1611,0.3207,-0.3535,-0.6824,-0.2317,0.5575,-0.5581,-0.3077,-0.6036,-1.1844,-0.1135,-0.2148,-0.5858,0.8825,1.4421,-0.3665,-0.426,-0.6538,1.9872,-0.4869,-0.0128,-0.0952,0.2445,0.5417,-0.5215,-0.3542,0.8429,-0.8136,-0.5641,-1.1864,-1.3833,-0.5502,-0.0956,-0.3227,-1.0152,0.7517,0.5948,-0.1033,-1.4609,-0.5101,-0.3272,-1.4381,0.1357,0.8452,1.018,0.5699,-0.6992,0.7119,-0.7259,-1.3388,-0.4117,-0.758,1.4719,-0.1779,0.0869,0.4084,-0.4796,0.3121,0.4457,-0.2324,0.3768,-0.3468,-0.6676,-0.4333,-0.5581,-0.6009,-0.9566,1.1474,-0.7585,-0.105,-0.4509,-2.0796,-0.6177,-0.3125,0.3953,-0.5246,0.9173,0.152,-0.3835,-0.0959,-0.3718,-0.0101,0.7401,-0.2137,-0.4169,-1.1303,-1.1432,-1.2946,-0.3846,-0.727,-0.4137,-0.5009,-0.3504,AML
0.2644,0.2297,0.0641,1.5828,0.4331,-0.5719,-0.112,0.129,0.2638,-0.1386,-0.3908,0.7184,-1.084,-0.6018,-0.1774,-1.5229,1.1283,-0.7758,1.6789,0.0847,-0.2753,-0.581,-0.9898,0.4698,-0.3697,0.8596,-0.5126,0.8458,-0.4154,-0.2043,0.9556,0.281,-0.2347,1.4453,-0.328,0.053,-1.459,-0.0939,0.309,-0.0345,-0.1712,1.1089,-0.5339,2.6627,-0.1548,-1.5169,0.1049,0.9845,0.0276,-0.0156,0.8625,0.5738,1.681,-0.2242,-2.3665,-1.3236,-1.1826,-1.2597,-0.3121,-1.1842,1.2427,0.5083,0.842,-0.3615,0.615,-0.0039,0.1148,0.0131,0.8159,-0.2323,-0.5506,0.5402,-0.2026,-0.6274,-0.2039,2.4251,-0.3639,1.3538,-1.675,1.0061,0.6476,-0.5469,-0.4596,0.8628,1.079,0.2204,0.2376,0.8787,0.195,0.1878,-0.3573,0.0253,-0.4907,2.6186,-0.3883,0.4712,-1.4571,-0.1589,0.1033,-0.0874,AML
1.2949,0.722,4.9382,-0.3556,1.5618,-0.4934,-1.1665,-0.9841,0.8519,-1.109,1.241,1.0573,-0.0827,-0.5872,-0.7838,-0.1944,-0.4753,-0.9043,4.489,0.9962,0.8411,1.7552,-1.0757,3.7651,0.2973,-1.7206,-0.7752,1.2568,-0.5884,-1.4011,1.2079,-0.7569,0.1628,0.2366,-0.1777,-0.9568,0.4168,1.0757,0.8798,3.0555,6.2539,0.1779,1.5004,1.2793,2.0961,-0.1048,6.7931,0.3791,1.0901,-1.1548,2.0983,1.389,1.6551,-0.6715,1.3631,-1.2594,-0.9951,0.798,-0.2213,0.2419,0.3149,0.0532,0.9074,-0.1417,0.0672,-0.6594,3.4546,-2.0407,0.7202,-0.2538,0.2705,0.3962,5.6174,1.2334,-2.6845,0.2536,0.1863,-0.4945,1.5269,-1.3741,-0.0725,-0.9637,2.5805,-1.4508,-1.4785,-0.2563,1.7144,0.1932,1.3868,0.0646,1.117,0.715,2.6507,2.2374,-2.5933,0.0342,1.7843,-0.2665,-0.446,0.5647,AML
-0.2723,-0.9066,-0.4498,-0.319,-0.2922,-0.5054,0.0431,-0.6552,-0.1725,3.5376,-0.5259,5.5558,1.6983,-0.3718,-0.4834,0.5915,0.1694,0.0173,-1.0401,0.9019,-0.2443,-1.4962,-0.302,-1.469,-0.2336,-0.3445,1.032,-0.8791,-0.6383,-0.3947,-0.1448,-1.2753,-1.1154,1.2285,-0.8945,-0.0592,-0.0727,-1.701,-0.7243,-0.9774,-0.5818,-0.6596,-0.7457,-1.5201,-0.7562,-0.4328,-0.5784,0.4044,2.3596,-0.9829,0.0545,-0.2152,-1.8072,-0.7307,0.4359,0.3954,-0.9951,-1.0352,-0.5598,0.9676,-0.8894,0.07,-1.8033,-0.9476,-1.4442,-0.1912,0.7994,1.9311,-1.2755,-1.1644,-1.489,0.4682,-0.6715,-0.8278,0.1513,-0.2985,-0.3824,0.3124,-0.0013,-1.3438,-0.7325,0.2938,-0.6184,-0.5004,-0.938,-1.5955,-0.5246,-1.5095,-0.7037,-1.0547,-0.5947,-0.6498,-0.5791,-1.3374,0.8356,-0.0204,-0.362,-0.442,0.085,-0.2978,AML
2.9696,1.1008,0.2509,1.1498,0.5107,-0.5702,0.3998,-0.1999,-6.4328,-0.3076,-0.4434,0.7902,-1.6668,-0.6163,-1.0955,-1.2946,0.2822,6.1316,2.2358,0.3519,0.0141,-1.2554,-0.1731,0.0859,-0.6087,-1.4339,0.0589,6.0569,-0.4072,-1.4011,0.5013,0.1487,1.1552,-0.3778,0.7819,0.1332,-1.0024,0.7074,-0.379,0.305,0.7296,2.2387,3.3278,2.7604,1.4088,0.8353,0.3554,0.2278,0.6705,-1.1155,0.1539,-3.2616,1.3967,0.3284,0.0504,-0.7061,0.5048,-0.05,-0.5928,-0.899,-0.3539,-0.3345,3.2303,0.0143,-0.0336,1.1574,0.325,0.2529,0.3905,0.7193,0.2509,4.8257,0.2293,2.2926,1.5471,2.3699,-0.4612,-0.2055,-0.1899,0.6026,0.6776,-0.1012,5.3822,-0.2979,-1.0005,0.201,-2.1602,0.6253,0.4686,2.6385,0.0046,-0.577,4.421,2.072,0.0788,0.016,0.8571,-0.5213,0.7991,0.3333,AML
0.0604,-0.168,0.3288,-0.3543,-6.0792,-0.6095,-0.4842,0.7867,0.3017,-0.8242,-0.7492,-1.8288,0.8612,-0.4184,0.327,-0.4376,-1.2085,-0.4574,0.0536,-0.7325,0.0865,2.1887,0.1063,0.5402,0.0328,0.592,-0.5898,-0.1533,0.7643,-0.0955,0.2994,0.0983,-0.4009,0.5779,-0.883,-0.4318,-0.8053,-0.6695,-0.4632,-0.5353,-0.0875,-0.4186,-0.6767,0.5007,0.9964,-1.0969,-0.1077,0.0512,-1.0295,-1.5899,0.4434,-0.5287,-0.0244,-1.2501,1.6391,2.2429,-1.0576,-0.287,-0.7167,0.4405,-0.0597,0.07,-0.2845,-1.1603,0.7424,-0.1537,1.0047,0.4607,-0.7226,-0.7318,0.8179,-1.6385,-0.5774,0.4318,-0.6988,-0.4641,-0.5339,-0.8326,-1.3843,1.238,0.5276,-0.0323,0.6019,0.9796,1.6397,1.4222,-0.7787,-0.5266,-0.1664,1.0803,-0.9393,-0.2913,0.2513,-1.3374,-0.3416,0.3802,0.2804,-0.2495,-1.2699,-0.1531,AML
0.2215,-0.3953,0.8115,-0.2239,0.3594,-0.5924,0.3378,-0.1999,-1.3487,-0.2617,-0.0778,-0.4525,0.0404,-0.267,-0.7214,-1.0633,0.6206,-0.0776,0.8789,0.8286,-0.0582,0.9123,-0.6889,-0.7267,0.6626,-0.1916,-0.4714,-0.4785,-0.9927,-1.8092,-0.0842,-0.0365,-0.1879,0.867,0.6547,-0.4118,-1.1864,-0.5728,-0.1292,0.0168,0.0002,-0.3704,-1.3959,-0.622,2.182,0.6713,0.4693,-0.8821,0.251,-1.4797,1.0742,0.3857,-0.7478,-1.0467,0.7224,1.1512,-1.6825,-0.4491,0.109,-2.129,-0.995,0.778,0.3539,0.4468,0.5311,-0.4721,1.3177,2.3826,-0.7261,-1.0431,-0.5897,-0.6842,-0.3101,-0.5844,0.8809,-0.1697,-0.7896,-0.2165,1.301,-0.1336,1.7278,-0.0033,-0.2069,-0.9055,-0.1897,-0.3776,-0.08,-1.0152,-0.186,0.7993,-0.0452,0.3984,-0.1091,-0.2873,-0.1641,-0.8398,0.8206,0.3168,-0.3728,0.399,AML
-0.5944,-5.5841,0.3755,-0.6434,-0.0866,-0.5071,6.138,2.3551,-0.2105,-0.228,-0.2841,0.5283,0.1963,-0.7677,5.218,-0.4316,0.8624,1.5329,0.246,0.0847,0.9548,0.4546,4.4907,-1.0147,-0.6029,1.9299,-0.5898,-0.2755,-0.4443,1.0877,1.531,-0.3621,-0.4009,-0.3015,-2.282,-0.1233,0.8439,1.6053,-0.6045,-0.0394,0.1755,0.0966,1.7516,0.4101,0.584,0.7273,-0.8061,-2.3956,1.6949,-0.0361,1.6316,0.0304,-1.4196,0.7221,0.0348,0.1534,-0.2139,0.0248,-1.08,1.0429,0.3753,-2.4414,0.1099,1.6829,0.765,-4.1432,-0.3645,1.0121,0.6422,-0.6944,-0.6874,-1.0263,0.1756,-2.3736,-0.3245,-0.4457,-0.2364,1.5883,0.5821,-0.6177,-1.3626,-0.6267,0.3564,-1.0457,0.6501,-0.9577,-3.2242,-0.9517,-0.059,0.173,0.9025,-0.7445,-0.8194,1.0938,1.2374,-3.3527,-1.7783,1.5682,1.385,-0.4608,AML
-0.5085,0.8925,-0.6834,-1.2366,-0.2534,-0.4354,1.3148,1.3685,0.0741,-0.7155,-0.6198,-0.396,1.173,-0.4533,0.1513,0.9236,-0.6767,-0.2802,-0.8983,-0.9577,0.624,-0.1475,1.7612,-0.8867,-0.5823,-0.9561,-0.4869,-1.0977,-0.0547,0.1221,-0.5789,-0.9591,-1.0141,-0.6469,-2.0045,-0.6642,0.5088,0.7902,-0.633,-1.0434,-0.793,-1.2291,0.4906,-0.7596,-1.4607,-0.9328,-0.586,1.1359,0.5834,-0.3592,-0.0535,0.4954,-0.877,-0.4848,0.5088,0.1731,-1.0888,-1.0477,-0.213,-0.8237,0.1364,-1.9526,-2.7294,-0.04,3.9927,-0.06,-0.1933,-0.758,-0.999,-0.9164,0.8961,0.9364,-0.5656,-1.1283,-1.2698,-2.8933,-0.5447,0.2688,0.4446,-0.3353,-0.7025,-0.1048,-0.7701,-0.6796,-0.4444,-1.4063,0.1105,-1.0956,-1.2312,-1.3259,-0.1141,-0.5115,-0.8194,-0.165,-0.2295,0.7261,0.0395,-0.7195,0.323,-0.6738,AML
-2.3012,1.2901,-2.6766,-1.1348,0.3982,-0.2067,-0.4221,-1.8947,-0.2674,-0.2642,0.3234,1.2986,-1.1907,0.3153,-1.3392,0.4699,-1.5148,-0.5616,-1.1464,-1.6702,1.6474,0.7437,2.5349,0.425,-0.5999,-2.982,0.929,-0.5123,1.0078,0.8021,0.9455,-0.8158,-0.7724,0.7305,0.2963,0.0931,-0.8611,1.5593,-0.4803,-0.0272,0.1995,-0.6687,2.4757,-0.3395,-5.8767,-0.6728,-1.0946,1.4638,1.8584,0.2832,-1.3023,-0.5287,-0.2569,-0.4978,-0.6476,-0.9334,2.3796,-1.0477,-0.6093,0.4975,-0.7939,-0.2165,-0.2257,-0.0117,-2.2177,2.3749,-1.5674,-1.2016,0.231,0.8192,4.9037,1.1705,-0.132,0.4891,-0.3752,-1.2738,-0.4837,0.8904,1.0496,-1.0715,3.948,-0.344,-0.6401,-1.5676,-1.2641,3.7175,0.0947,-0.1078,2.6177,-1.2027,0.7264,-0.2058,0.5058,2.1655,-1.4067,3.2026,1.8427,0.4017,1.1836,-0.4897,AML
0.4469,-1.5694,-0.4654,-1.2895,-0.5637,1.58,1.2373,1.3179,-0.1346,-0.4211,-0.5572,-0.6476,-0.805,-0.4766,0.4404,-0.058,0.0405,0.1898,-1.0097,-0.1143,0.0968,0.5269,-0.6674,-0.2084,-0.547,-0.593,-1.5835,-0.7647,0.0446,-0.2995,-5.2931,-0.0836,-0.6374,0.1563,-0.3511,-0.9808,0.9786,-0.1998,-0.6958,-1.1411,-0.5738,-1.8196,-0.0315,-0.7741,0.395,-0.5008,-0.8972,3.3305,-0.7243,0.0255,-0.6757,-1.903,-0.2569,0.1362,-0.4132,0.351,2.3484,2.2571,-0.4525,0.4176,6.362,-0.3682,-2.1367,-0.1204,1.0333,1.0638,-0.8437,-1.1456,-0.4673,-0.4188,-0.5701,-0.8102,-0.4631,-0.1121,2.4733,-0.961,-0.4265,-1.1924,0.6921,-0.7387,1.3977,0.5004,-0.4379,-0.6952,-0.7749,1.024,-2.7001,-0.6866,-0.6353,-2.1938,-0.4722,-0.5243,-0.6462,-0.5894,0.3685,0.6715,1.412,0.0846,0.1948,-0.1663,AML
-0.6588,0.4569,-0.7145,-0.4615,0.6542,6.1824,-0.0189,0.6602,0.2828,-0.1049,-0.3054,0.4154,-4.8513,-0.4096,-1.6736,-0.2152,0.3144,-1.2018,-0.9034,-0.9211,-0.5131,1.8997,-0.0226,0.0795,0.0064,0.8787,0.7025,-0.1246,-0.2406,0.6661,-0.3366,0.5515,-0.3256,-1.2733,0.2963,-0.7604,-0.4866,-0.0386,-0.4632,-0.8064,-0.3705,-0.6687,-0.8787,-0.7632,1.048,-0.4608,-0.5632,-1.0587,-0.2285,1.9547,3.6192,-1.5111,0.1565,-0.1207,-1.3508,1.0475,2.6608,0.2244,-0.8488,0.1073,0.4055,-0.7559,-0.0623,-0.5316,-0.368,0.5393,-1.5283,-1.717,-0.439,0.4277,0.5637,0.7383,-0.5034,-0.4556,-1.5172,0.3088,-0.5262,0.5033,-1.4432,-1.2833,0.0776,-0.4853,-0.8856,-0.5472,0.5273,1.0401,-0.0324,0.0372,0.1364,0.0646,5.0994,2.4984,-0.7063,0.3601,0.0975,-0.9309,1.85,-0.4194,-0.153,-2.7852,AML
-1.1097,0.9682,-1.2596,-1.2244,-0.4241,-0.3928,-0.5462,-0.5034,-0.1346,-0.2955,0.4614,-1.6079,0.4672,-0.5232,-0.5344,0.3186,-0.6364,-0.1656,-1.1464,-1.8011,0.5413,0.5751,0.5362,-0.9187,0.2248,2.5988,0.1413,-1.0274,-0.2946,-0.7211,0.7335,-1.0597,-0.7101,0.3771,0.8397,-0.9007,-0.7396,-0.5544,2.7738,-0.7698,-0.5618,-0.3433,0.535,-0.5278,-0.1033,-0.7128,0.7729,-0.302,-1.1766,-0.4414,-1.6696,-0.5862,-3.435,-0.5532,2.1965,5.1919,1.2547,-0.6611,0.398,0.0069,-0.2885,-0.3176,-0.2606,-0.8743,0.4625,2.5809,-0.9464,0.4846,-1.2188,-0.73,0.1141,0.8824,-0.653,-1.1283,1.0839,1.4682,-0.4435,0.0016,-1.121,-0.5269,-2.4127,-0.3005,-0.0191,0.0448,-0.2701,-1.1596,-0.08,-0.8467,-0.3032,-0.2707,-0.5411,0.7478,-0.6709,-0.8339,0.1629,-1.2222,0.3607,0.1356,-0.1347,-0.1321,AML
0.0175,0.116,-0.7457,-1.1402,-0.9322,-0.4166,0.1517,-0.4781,-0.2484,0.2596,-0.1205,-0.7401,-0.0663,-0.2117,-0.2454,0.5321,-1.4664,0.1424,-0.954,-0.5596,-0.5338,-2.0983,1.4388,-0.0101,0.4001,-1.7588,4.7442,-1.0196,0.1208,-0.7211,0.6426,-1.4667,-0.588,0.1964,-0.3511,-0.3397,0.6172,-0.3472,-0.4717,-1.742,-0.4223,-1.1959,-0.8787,-1.6468,-0.6531,0.1192,-0.1988,-0.6803,0.0113,-0.6991,-0.8745,-0.304,-1.5746,0.6685,0.4098,0.598,0.2236,-1.1973,-1.1295,-0.7096,0.2596,0.9802,-0.8293,-1.978,-0.1932,-1.1651,-0.6627,-0.0188,-0.9423,-0.9557,1.9126,-1.7826,-0.5824,-0.0119,-0.4069,-0.8506,0.8029,-1.5359,1.4346,-1.0816,-1.0926,-0.8223,0.2264,-0.6407,0.7641,1.3778,-1.6362,-1.0976,-0.606,-1.3605,-0.97,-0.4951,-1.3706,-0.726,-0.0333,1.3452,-0.5518,-0.023,0.2681,0.7987,AML
-1.5498,0.2107,-0.2007,0.7344,0.8986,-0.3552,0.0586,0.812,0.5863,3.0959,0.4657,-0.0263,1.6491,5.611,2.4467,-0.9713,-0.3947,-0.8128,-0.5844,0.1738,0.4483,1.418,-1.0113,-0.9251,0.1474,-0.9179,-0.147,0.3801,-0.9278,-1.2515,0.0268,0.5768,-0.0164,1.0076,0.2385,1.6959,-0.1482,-0.3103,-0.6016,1.9318,0.0679,0.6058,0.2,0.5115,0.5325,0.0232,-0.6771,0.5053,2.6975,-0.7178,-1.298,0.4902,1.7326,3.6351,1.0349,-0.795,-0.4639,1.01,0.9264,2.3139,-0.7411,-0.3008,1.0904,1.6782,-0.6465,0.4082,0.8727,-0.746,0.2984,1.308,-0.2574,-0.108,0.0075,-1.114,-0.445,-0.2985,-0.6544,-0.669,0.4033,-0.4563,0.5576,1.1419,0.212,-0.2745,-0.221,-1.6816,2.0479,0.4766,4.6301,0.7845,-0.0854,-0.1712,-0.3388,-0.3736,0.6394,0.1617,-2.063,1.7268,-0.8122,0.5279,AML
-1.3351,2.2749,2.6491,4.9845,1.7131,-0.4184,-1.7869,-2.6536,-0.0587,-0.6311,0.0062,-1.3101,1.4603,-0.0341,0.31,-1.0633,3.5779,-1.2805,-1.0046,0.1686,0.1588,-3.134,-0.9253,2.9269,-0.7243,1.605,-1.4239,-0.4577,4.4017,2.7061,-0.1852,4.9652,5.7484,-5.3171,0.9207,4.3006,-0.8283,3.7788,-0.0792,2.7111,-1.654,4.7273,-2.5436,3.5137,0.4294,4.9876,-0.2216,-2.774,-4.3749,4.995,-2.0714,-3.0108,1.5259,4.3153,-4.174,-1.3038,-1.8388,1.2719,-0.5515,3.5256,0.6695,4.2839,0.8224,4.2591,-1.9728,-1.0153,-2.8877,1.5395,5.885,4.6304,-1.704,0.4502,-0.295,3.6381,-1.035,2.4067,-1.1234,4.4889,-3.6806,5.373,-1.4226,5.864,-0.3441,3.1841,-1.827,-1.6179,1.0633,5.4029,0.4392,2.8653,0.713,-0.6171,-0.2858,0.7485,4.9839,-0.6031,-3.6326,-0.7648,-2.6797,-1.9885,AML
-1.4102,0.2297,1.0295,1.5529,-0.1642,-0.4747,0.5239,3.4934,0.3776,3.0283,-0.1603,-1.346,1.2059,-0.037,0.0267,-0.743,-0.3463,0.0602,-0.5692,0.881,-0.6165,-2.002,-0.1946,-0.6627,0.499,-0.096,0.3524,0.8146,2.6973,0.9109,0.2691,2.7716,0.0901,-2.0082,0.6085,3.4551,-0.5228,0.1962,-0.5902,2.2812,-0.2111,-0.0812,-0.3418,-0.8791,0.7387,0.8193,-1.3755,-0.6551,1.0901,0.4046,-1.4146,1.1225,0.1048,3.4226,-0.4132,-0.3258,1.2235,0.5112,0.5218,1.7685,0.2647,-0.2165,-0.3891,1.6451,-2.4739,-0.2473,-0.7361,0.161,0.5252,2.191,-0.2183,-0.5041,1.11,-0.0548,1.7818,0.6769,-0.6475,0.0834,-1.2919,1.4397,-0.2525,-0.0359,-0.4957,2.7791,-0.9023,-0.6866,0.6663,1.6038,-1.4462,-0.3447,-0.8781,-0.5297,-0.4271,-1.7258,0.1722,0.4348,-1.0921,1.3021,-0.9037,-0.1032,AML
