U58522_at,S77576_at,U71300_at,X65550_at,D87466_at,U79249_at,D31884_at,D11139_at,D30742_at,X15187_at,X65724_at,U44975_at,D87460_at,L75847_at,U33818_at,M16342_at,M55040_at,AJ000480_at,U47105_at,U38175_at,M28879_at,X79204_at,U67674_at,L77567_s_at,Y09858_at,M73047_at,U04898_at,U20158_at,D88422_at,U75308_at,U73824_at,M61855_at,L14542_at,D87685_at,X14813_at,S58544_at,U77948_at,AB000381_s_at,X06700_s_at,D13644_at,L07590_at,U70426_at,D87469_at,X52851_rna1_at,L32164_at,AC002073_cds1_at,X99459_at,U12387_s_at,U83192_at,U57629_at,U30521_at,U43083_at,U72515_at,HG2788-HT2896_at,U72066_at,D14661_at,U87408_at,U78793_at,M28170_at,X58521_at,U09279_at,AF000560_at,M19267_s_at,U09564_at,U66061_cds3_at,U62389_at,X78338_at,M94250_at,U03397_s_at,U76366_s_at,S80437_s_at,U40990_at,X13334_at,D25538_at,D86976_at,D26561_cds1_at,D63480_at,U03105_at,HG2797-HT2906_s_at,Y10505_at,HG3638-HT3993_s_at,D25274_at,U40391_rna1_at,Y10512_at,M55131_at,U41767_s_at,X86019_at,X93920_at,X69910_at,S71043_rna1_s_at,U41668_at,D63390_at,U11287_at,L15326_s_at,S77582_at,M74587_rna1_s_at,X66533_at,U62317_rna3_at,U19345_at,U29607_at,class
0.9665,0.432,0.55,-0.943,1.2576,1.1486,-0.4714,0.8427,0.0118,-0.7623,-0.2439,-0.1432,0.219,-0.683,-0.5853,0.0534,0.4092,-0.0084,0.352,-0.4226,-0.2948,0.5002,1.4423,0.089,-0.4085,-0.4213,0.1553,-0.0712,-0.4198,1.166,0.5389,0.6858,-1.207,-0.4207,-0.652,0.7499,0.3473,-0.2819,1.1867,0.4409,0.8953,0.5925,-0.156,0.8724,-0.1357,0.0274,-0.229,0.3925,1.2025,-0.9861,0.4713,0.2201,-0.0634,-0.3633,0.4043,-0.0893,1.4934,1.1134,1.432,2.1228,0.2977,0.9099,0.1467,-0.382,0.1308,0.6479,0.5153,1.3385,-0.3396,-0.0805,-0.9861,1.7676,-0.3665,-0.7644,0.1349,-1.9668,-0.1041,-0.2275,-0.4216,0.0797,1.4817,0.3721,1.2141,-0.224,2.3367,0.008,0.3201,0.0029,0.4961,0.1302,-0.0251,-0.8001,-0.2122,-0.7976,1.1217,1.3348,0.9904,-0.0747,0.0812,0.7506,ALL
-0.128,-0.5329,-0.7502,-1.2231,-0.4993,-0.4404,3.1771,-1.1176,1.0437,-0.4651,-1.408,2.5504,0.8547,1.0468,-0.6473,0.9369,-0.4634,-0.2649,-1.4998,1.0366,0.5488,-0.0335,0.8759,-0.8376,1.3291,-0.1942,3.9631,1.3232,-0.222,-0.8165,2.5292,-0.1918,0.5822,-0.0309,0.8244,1.2501,0.5739,-0.6859,0.2284,-1.0946,-0.4651,-0.3125,0.5409,1.3107,-0.6827,0.4543,0.1142,0.29,1.0797,-0.6283,-0.4834,-0.2716,-0.749,0.1279,0.2589,1.0749,-0.7864,0.2369,-0.8723,1.5216,0.3289,-1.0924,0.4633,-0.6287,-0.5635,0.1209,1.5144,-0.3458,0.0304,-0.4372,0.4584,-0.9381,0.3253,-0.0191,-0.0864,0.48,-0.204,1.4919,-0.0163,0.046,-0.6302,-0.64,-0.0177,0.0202,-0.852,-0.6104,0.9841,-0.4331,1.0729,-0.2393,-0.3007,0.1113,0.8682,-0.9576,-0.7976,-0.2785,0.705,-1.0618,-0.8931,0.6605,ALL
0.2945,1.7352,1.8699,-0.2758,0.2928,-1.2803,-0.2805,-1.2562,2.1572,-0.0879,1.9222,-0.584,0.6843,-1.4544,-0.5204,0.6207,0.7191,0.2622,1.0722,-0.1044,1.8601,1.0191,0.7558,-1.4181,0.4146,-0.0451,-0.137,1.4866,-0.3985,-0.8744,1.7034,1.2677,-0.8142,0.3692,-1.0753,0.8214,0.4606,-0.6282,0.3293,-0.0198,-0.2682,1.177,0.1812,3.0239,3.4444,-0.6895,0.4382,1.9025,0.9432,1.3997,0.7007,3.011,0.0514,-0.3479,2.2243,0.2527,2.9152,1.2135,0.301,2.8278,0.4224,0.5868,0.0172,1.1796,-0.1981,-0.6168,1.6067,-0.3547,0.7588,2.5933,1.6164,2.4663,-0.9036,-0.0552,0.8135,-0.6299,-0.2577,-0.4192,-0.7987,0.3941,-0.7248,0.1416,1.8317,-1.0868,3.3091,0.2127,2.1129,-0.9553,-0.6934,-0.3532,-0.2827,4.1253,-1.731,-0.5288,0.5944,1.0807,1.8986,-0.4146,2.8017,1.4106,ALL
0.1793,-0.4393,1.0819,1.0052,0.7392,1.3529,-0.6593,0.8823,2.472,-0.3484,0.5371,-0.9008,0.3818,0.6727,-0.5027,-0.0374,1.135,0.2043,-1.2883,-0.7627,0.4235,-0.4635,-0.2224,-0.054,0.8801,0.9983,-0.3898,-0.551,-0.4564,0.9634,-0.6368,0.1802,-1.3161,0.1333,0.4186,-0.3456,1.3907,-0.1087,-0.8308,0.9235,-1.0558,-0.0071,0.5746,0.6138,-1.2197,-1.2478,-0.0783,-0.2319,-1.4444,-1.0657,0.5697,-0.2914,-1.4404,-0.3617,1.1813,-0.3985,0.1415,0.1321,1.2523,1.4783,-0.4821,0.3834,0.1899,-0.0664,0.1186,1.7808,-0.1641,-0.6262,-0.2124,0.5855,-0.8134,-0.9959,-0.3346,-0.3677,-0.1878,-0.4533,0.5719,-0.4134,0.1388,-0.0101,0.1199,0.631,1.2433,1.0783,-0.0198,0.3559,0.1541,-0.6802,0.0087,-0.4218,0.2146,-1.6727,-1.3082,-0.004,-0.0594,-0.4001,0.1147,1.4067,0.2645,0.5635,ALL
0.7553,-0.6913,0.8258,0.2247,0.1776,-0.0999,-1.1635,-0.2464,-1.2708,0.8773,-1.1869,0.3569,-0.3267,-0.1688,1.3736,1.2258,-0.3574,-0.467,-0.4596,0.7514,-0.7709,0.2037,-0.1595,0.1691,-0.4002,1.5875,-0.374,-0.2584,-0.3383,0.9489,1.5571,-1.2221,0.3422,0.1333,1.2722,-0.7029,1.0563,0.1222,-0.898,-0.0636,0.1972,0.5699,-0.5662,1.6398,-0.1755,0.1533,-0.4664,-0.437,0.4316,0.1935,0.9008,0.4137,0.5591,-0.2922,0.3334,0.1217,-0.3474,-1.0493,0.6604,1.3096,-0.7941,-0.0314,-0.4144,1.4507,0.2709,2.2989,-0.2256,-0.527,-0.0505,-1.0861,1.2828,-1.036,0.1025,0.4137,0.5895,-0.0497,0.3568,-0.2682,0.96,-0.6051,0.0762,0.9879,-0.5906,-0.338,-0.5804,-1.0447,-0.3771,-0.6397,-0.0226,-0.3682,1.0295,-0.2184,0.3828,-0.452,0.1304,-0.2122,-0.0799,-0.3744,-0.6809,-0.6308,ALL
0.4097,-0.5545,-0.3562,-0.4783,-0.1033,-1.4619,-0.4117,-0.286,1.9007,-1.026,-0.1555,-0.3009,-0.587,-0.5428,-0.9511,-0.2326,-0.2922,-0.2597,-0.671,-0.3952,-0.0944,-0.1521,0.5613,0.4236,-0.1674,-0.8472,0.0842,0.4085,-0.4017,0.7463,-0.3611,-1.3461,-0.4651,-0.9439,-0.9459,-0.0836,-0.4256,-0.1664,0.178,0.4848,-0.0892,0.0042,-1.0101,0.722,2.1715,-0.3064,0.4093,-0.698,0.186,-1.1187,0.132,1.1885,-1.3515,-0.4722,0.2695,-0.5804,-0.7914,0.5037,-0.2751,1.9498,-0.8564,0.2039,1.1539,-0.119,-0.5757,-1.0032,0.5983,-0.4733,0.6663,1.4756,1.1022,0.4192,-0.0757,-0.7123,-0.3758,-0.2767,-0.7263,-1.186,1.0446,-0.2458,0.2801,-0.4584,0.3487,-0.5984,-0.5717,0.3764,-1.1407,-1.0452,-0.2551,-0.4054,0.9097,0.3246,-1.0421,0.0985,1.185,-1.6929,0.1991,-0.067,1.2196,0.2708,ALL
-0.8576,-0.2809,0.8652,-0.0494,-0.2113,-0.3042,0.1133,-1.0087,1.7258,-0.807,0.7434,-1.0621,0.5943,0.9532,-0.2313,-0.4005,1.2655,0.0356,-0.8025,-1.0425,0.3901,-1.1751,0.0579,-0.6174,0.2234,0.8422,-1.3457,-0.5984,-0.4689,-0.2811,-0.408,-0.0105,-0.7488,-0.7182,0.1317,0.7976,0.647,1.8923,1.2371,-0.7436,1.6649,1.5994,2.3391,-0.0522,-0.3645,-0.7881,0.7622,-0.6234,0.9091,0.22,0.0642,0.0016,-1.0474,-0.5738,0.3724,-0.7587,0.8099,0.4751,0.8136,0.6998,-0.5133,0.527,-1.0618,0.3017,0.1126,0.7093,-0.616,-0.6118,0.8744,1.1392,-0.5268,0.0276,-0.4436,0.606,0.3055,-0.1001,0.8408,-0.3495,0.8613,0.3267,-0.3462,-0.1221,1.6029,1.7295,2.2929,0.5378,0.7849,-0.698,-0.3222,-0.4384,-0.0191,-0.5577,-0.8072,0.4697,-0.8609,0.285,-0.3199,0.4505,0.9784,0.9721,ALL
-0.32,2.2104,0.0575,0.3856,0.336,0.5584,-0.6176,-3.0481,0.1867,-0.6201,1.0086,-0.2606,1.0442,1.3273,-0.8921,-0.4186,2.0402,-1.1348,-0.1338,-1.7885,0.9998,-0.3597,-0.4112,0.0862,0.4977,0.4802,-0.1133,-0.464,-0.4383,0.8476,1.464,0.9816,-0.116,-0.7387,-0.4946,1.4168,1.1349,1.5075,1.1027,0.1557,0.233,0.7698,2.8561,0.7752,0.6599,-0.2189,2.0325,-0.0082,-0.1278,0.0345,0.1524,0.672,0.6796,-0.5908,1.1387,-0.4531,1.1093,1.1373,0.5758,1.6427,1.1399,2.0388,-0.4576,-0.4305,-0.3199,0.1648,0.8565,0.404,0.4813,0.8097,-1.0096,0.2056,-1.3697,-0.6202,-0.8597,0.7071,-0.058,0.5712,-2.8499,2.5047,0.3092,-0.7647,2.1551,-0.0449,2.6608,0.7743,1.9801,-0.4762,1.0371,-0.027,-0.8879,1.0033,0.2888,0.0601,-0.6922,0.6386,0.7569,1.212,2.7149,1.2239,ALL
0.1793,0.0936,-0.4744,1.9466,0.4296,0.1044,1.1664,-0.2563,2.9559,0.0032,1.2591,-0.1044,-0.049,-1.1272,-0.131,2.0821,0.3032,0.0602,1.4094,2.5233,2.1107,0.0406,0.773,-0.1912,0.373,-0.2084,-0.2081,1.0517,-0.4356,1.8605,2.0799,0.7812,0.4295,-0.154,-0.8759,-0.0122,0.4423,0.6994,0.1612,-1.4017,0.1077,-0.1956,1.1534,2.1971,1.177,-0.3612,2.9274,0.5883,-0.155,0.4189,1.2455,1.0693,0.2235,1.0288,2.1143,0.9694,0.1814,0.2131,-0.5393,0.9679,0.3913,0.2677,1.0244,0.9976,0.6973,-0.4411,1.207,-0.487,1.2328,2.0396,2.0718,0.6907,-0.4008,0.1011,1.6362,0.5809,0.7179,-0.0823,0.3291,0.787,0.0835,1.561,0.9681,-0.3868,1.2242,0.44,-1.7218,-0.8425,1.2652,-0.1274,0.2685,0.3537,-0.9638,-0.6376,-1.0086,1.368,4.1235,0.5401,0.853,-0.3871,ALL
-0.5696,-0.3961,-0.5138,-0.2162,-0.6217,-0.9625,-0.2208,0.5655,-1.0084,0.5529,0.3455,0.2411,-0.2692,0.065,1.5152,1.7341,0.083,-0.6392,-0.1738,0.9159,1.3423,0.515,0.9789,0.5781,-0.4916,-0.7833,0.4871,-0.5721,-0.3684,-1.0191,-0.7376,0.0467,0.0804,-0.3489,0.2086,0.1069,-0.9537,0.5455,-0.3096,-0.5462,-0.8589,-0.1504,-0.5943,1.4891,-0.4042,-1.111,0.5408,-0.5209,0.0701,-0.1378,-0.4929,-0.644,-0.1437,-0.534,0.2802,0.4382,-0.1628,-0.087,-0.9515,-0.6108,-0.3574,-1.5113,-0.2274,0.0428,-0.0519,-0.4324,-0.9819,-0.2458,-0.8136,0.2797,0.533,0.3169,-0.1889,-0.508,-0.8851,1.3125,-0.7724,-0.7154,0.7027,-0.7735,-0.2661,-1.0079,0.1027,0.4923,-0.2213,-0.5808,0.6189,-0.9286,-0.9438,-0.4331,1.9883,0.1501,0.4298,0.0921,-0.5445,-0.1017,0.0628,-0.5706,-0.1213,-0.6187,ALL
-0.1664,-0.2089,-0.8093,0.9397,0.336,-1.53,1.0113,-0.0088,1.615,0.8917,-0.3028,1.102,-0.7728,-0.87,-0.4437,1.0352,-0.6021,-0.5145,-0.0252,-0.5652,0.3065,-0.1966,-0.5313,0.5266,-0.6662,-0.8969,0.7162,-0.203,-0.4773,-0.4837,1.4661,0.2184,0.3422,1.0258,0.1492,0.607,0.2194,-1.0707,0.1948,-0.1294,-0.2503,-0.9536,-0.1728,1.4151,0.8985,0.5036,0.6306,0.1316,-0.7622,-0.0053,-0.5384,0.3691,-0.2441,-0.3084,0.0673,0.6711,-0.3424,-0.0346,-0.7507,1.4221,-0.7317,-0.4064,-0.7453,-0.3375,-0.393,0.6566,1.1025,-0.5125,-1.4958,0.718,1.4594,0.4682,-0.169,-0.3316,-0.5851,-0.0245,-1.072,-0.2072,0.1071,-0.3469,0.8845,0.5931,-1.3682,0.8016,0.2868,-0.383,0.4197,-0.8615,-0.2194,-0.3718,0.0708,0.1598,-0.3688,0.2073,-0.2914,-0.5327,0.225,-1.1839,0.4382,-0.2796,ALL
-0.1088,-0.5833,-0.632,-0.9788,-0.9817,-0.0091,0.0447,-0.1771,-0.5304,-0.1087,-1.0101,0.7933,-0.5507,-0.5662,-1.2166,-0.6592,-0.9283,-0.7798,-0.4481,-0.642,0.3065,-0.5079,-1.1549,0.3721,-0.4168,-0.8543,0.6056,-0.5721,-0.3526,-0.831,-1.2835,-0.7451,-0.9233,-0.6054,-1.3937,0.1307,-1.2187,-0.9938,-0.0574,0.3531,0.8595,1.6258,-0.2965,-0.8786,-1.0606,-0.5472,-0.5498,-1.5275,-0.4961,-0.1113,-0.7182,-0.5745,-0.6974,-0.1699,-1.3056,-0.3585,-1.1656,-1.1779,-0.2222,-0.0182,-1.5427,-1.5073,-0.2417,-0.9038,-0.7036,-0.0898,-1.0218,-0.3637,-1.0333,-0.709,-0.4287,-0.0525,-0.0739,-0.4398,-0.9491,-0.5038,-0.9261,-1.183,0.4102,-1.3236,0.1636,-0.7679,-0.1054,-0.4519,-0.9046,-0.2921,-0.7423,-0.6967,0.201,-0.4538,-1.1216,-0.6741,0.649,0.0217,-0.7976,-0.2012,-0.5534,-0.9584,-0.922,-0.4651,ALL
1.2353,-0.7201,0.3136,3.1918,2.6256,0.1044,-0.6295,-0.6424,-0.542,1.1905,-0.5828,0.6371,-0.589,-0.0051,-0.5735,0.8068,-0.7081,-0.4969,1.1179,0.7459,-0.2113,0.0851,-0.5199,0.7582,0.1236,0.4163,0.1711,-0.1819,-0.474,1.3251,0.0252,-0.4494,-1.1634,1.9696,0.1562,-0.4409,0.2377,0.1607,-1.3856,1.1648,-0.7873,-0.8216,-0.3583,0.482,0.3118,-0.1094,-0.5883,-0.3624,-0.2301,2.1685,0.8873,-1.091,0.737,-0.4966,1.6247,1.9881,-0.1579,-0.1728,-0.2064,-0.0658,-0.7941,0.9139,0.0028,2.4459,-0.1981,-0.7134,-0.447,1.0194,-0.2124,0.0079,0.588,-0.809,-0.1473,0.7262,0.6349,-1.0335,1.2173,1.6633,1.0728,-0.4142,0.8554,0.5316,-0.0968,1.2899,0.0415,-0.5763,-0.6593,0.9142,0.6705,-0.4261,-0.3966,-1.0328,0.5081,-0.1448,-0.3758,-0.0575,0.4456,-0.9259,-0.6616,0.0789,ALL
0.1025,-0.4321,0.0772,0.332,0.3792,1.0805,-0.8085,0.8031,1.0553,-1.042,0.2571,-1.2271,-0.8781,0.813,-0.4496,0.25,-0.0312,-0.5408,-0.0938,1.6236,-0.3366,-0.0335,-0.3998,-0.5173,0.8053,0.8138,5.1086,5.5038,-0.3424,1.9474,-0.5249,-0.6306,2.0005,0.7385,0.674,0.6547,0.541,0.8725,-0.8476,-0.3488,1.1638,0.2569,-0.0099,1.4819,0.0731,-0.8537,0.605,-0.4556,-1.3352,0.3526,0.1117,0.1158,0.4616,0.2661,0.8797,-0.8969,-0.542,0.0225,0.153,1.5778,0.0481,1.0376,0.0316,2.2153,0.3257,-0.1689,1.0963,-0.5766,2.0653,1.2785,0.8902,0.4237,-0.0083,2.3932,1.0562,-0.201,0.9868,0.0542,0.0296,-0.2683,0.1417,-0.5595,-1.3166,0.8992,-0.5454,-0.574,1.0505,-0.6802,0.3485,-0.2868,0.4902,1.6723,1.0561,0.0281,0.7843,0.1745,0.6337,-0.2926,-0.3143,0.717,ALL
0.8513,-0.9793,0.7076,3.0011,-0.2401,0.8989,-1.6706,0.4071,-0.0057,0.93,-1.0101,-0.4168,-1.2859,-0.0285,0.2673,0.5465,-0.0394,-0.4846,-0.5339,1.1189,-0.3199,0.1889,-1.029,0.0518,-0.3752,0.4092,-0.4451,0.1581,-0.4351,1.3975,0.8475,-1.079,0.2986,-0.4002,1.8075,-0.6552,2.1801,0.5455,0.178,0.9454,-0.1071,-0.2371,-0.4032,1.5286,-0.9114,-0.1751,-0.9091,0.0477,-0.1687,0.1538,1.3921,-0.3659,0.1059,-0.4633,1.2699,-0.3294,-0.6018,-0.8016,1.2946,1.5172,-0.4509,-0.6138,-0.3281,1.0056,-0.2712,0.2439,-0.6898,0.1166,0.3079,-0.1076,0.0541,-1.3119,-0.0751,0.1813,1.0615,-1.2857,-0.204,-0.0561,2.9795,-0.4592,-0.0185,0.9358,-0.3463,0.5737,-0.3877,-0.8537,1.0505,-0.428,-0.7336,-0.2706,1.7186,-0.325,-0.4784,-0.2152,-1.2617,-0.6542,-0.1707,-0.4748,-0.0828,0.2498,ALL
0.9473,-0.2449,1.6532,-0.2638,1.1784,0.4903,-0.8294,-0.2167,-0.7694,-0.0863,0.2276,-0.5187,0.1711,-0.0051,-0.541,0.5148,-0.0801,-0.5127,0.3406,0.7514,0.1395,1.3601,-0.5828,0.0061,0.0737,0.8635,0.0684,-0.4165,-0.4328,1.412,-0.2393,-0.249,-0.8361,0.0204,-0.624,-0.7029,1.1824,0.8918,-1.3015,-1.2262,0.2509,-0.4784,-1.2855,0.8395,-0.7622,-0.6895,-0.7198,-0.3251,0.0428,0.6309,1.3297,-0.644,0.4071,-0.5372,0.5108,0.1108,0.7201,0.2131,1.2364,-0.2691,1.9509,-0.9209,-0.0547,-0.2647,-0.1006,0.6479,-0.6406,0.0932,0.4929,0.1608,-0.4679,-0.8224,-0.2744,-0.3357,0.1455,-0.0245,0.7333,-0.1897,0.9107,0.5625,0.9865,-0.2421,-0.4994,1.1109,0.0853,-0.2739,1.1003,-0.7271,-0.4251,-0.4561,0.694,0.1598,0.8995,-0.6952,0.8686,0.1193,0.6661,-0.1535,-0.623,0.2454,ALL
2.0033,3.4128,1.6729,0.7252,1.488,1.2394,-0.0299,-2.9491,-0.682,0.3196,1.1854,-0.0442,0.1099,-1.5246,-0.0218,2.3468,0.2379,0.0443,0.9979,1.0531,-0.7626,-1.3975,2.0601,-3.0797,1.0132,1.9779,-1.3378,3.3186,-0.4615,-1.3809,1.4325,3.1089,0.1895,3.5084,1.5941,-0.4171,2.847,1.6037,0.447,0.3312,-0.662,0.7811,-0.5325,1.3469,0.5007,0.9031,0.2329,2.7507,2.0825,3.7988,0.4286,1.2679,1.0009,-0.3353,2.054,-0.7951,0.1315,2.0281,-1.813,0.6608,1.483,-0.9648,-0.4144,0.6335,0.5511,2.7995,1.9725,-0.4223,1.3138,2.0396,0.7411,-0.809,-1.3299,0.6902,0.3922,1.4134,1.2096,0.8646,-0.2912,3.1334,2.9381,0.1542,0.8597,0.4109,0.4095,1.2017,1.7145,-1.0034,-0.7828,0.4768,-0.4505,1.0324,-0.3218,-0.26,3.8637,4.9703,5.343,1.867,2.5123,0.5303,ALL
-0.4736,0.0648,0.1954,1.0648,-0.2833,-0.0999,-1.2411,-0.187,0.6589,-0.8582,-0.2881,-1.1164,-0.432,0.0884,1.7807,-0.8801,-0.7326,-0.1173,-0.8825,0.8172,-0.9881,0.6188,-0.6915,0.2606,0.2982,-0.258,-0.4214,-0.5984,-0.4976,-0.9902,-1.3164,0.2566,0.7349,-0.3489,-0.3371,-0.8457,-0.5773,0.6994,-0.5449,0.2873,0.1435,0.3097,-0.3808,-0.1236,1.2864,-0.093,-1.6822,0.2993,-0.7622,-0.6415,-0.6944,-1.1903,-0.8408,-0.5388,-0.362,-1.1443,-0.3025,-0.0013,0.3644,-0.7578,0.7656,0.4512,-0.3856,0.8964,-0.2712,-0.0723,-0.4992,-0.4229,0.0882,-0.3964,0.0227,0.0276,-0.1245,-0.512,-0.6718,0.3539,-0.6265,-0.3785,-0.5907,0.0124,-0.2661,-1.0174,-1.2478,0.3295,0.6197,-0.5194,-1.4728,-0.8374,-0.4832,0.799,-0.3786,-1.1492,0.0227,0.0665,-0.0383,-0.4443,-0.2096,-0.4795,0.1584,-0.3354,ALL
0.1217,0.1296,-0.0213,1.0052,0.2208,-0.395,-0.3849,0.8823,-0.9385,-0.2381,1.0823,-0.8531,1.879,0.2052,-0.957,-0.2991,-0.39,-0.7499,-0.8882,-0.3897,-0.203,0.263,-0.6057,0.1348,-0.1341,-0.4213,0.1395,-0.1951,-0.4624,0.1819,-1.2163,-0.6783,-0.116,-0.8926,-0.2007,-1.1315,-0.7509,-0.4935,-1.167,0.1338,-0.3577,-0.8405,-0.1504,-0.7322,-0.812,-0.6567,-0.6942,-1.0894,-0.7144,-0.0848,-0.6368,-0.9023,-0.1265,-0.6307,0.3511,-0.1148,-0.3025,-1.2637,0.8401,-0.8573,-0.9188,-1.2201,-0.0691,-0.0381,-0.1981,-0.8188,-0.6529,-0.0777,-0.883,0.4326,-0.2403,-0.5197,-0.1805,-0.6402,-0.6291,0.7575,-0.5189,-0.3989,0.0542,-0.5377,-0.0767,-0.1742,-0.5631,1.7457,-0.8082,-0.6968,0.4363,0.0105,0.6526,-0.3491,0.5861,-0.4026,-0.7759,-0.42,0.2148,-0.7758,-0.6507,-0.8595,-1.5105,-0.6438,ALL
3.1361,-0.4609,0.8849,-0.0136,2.7912,1.1032,0.0507,-1.2364,-1.7197,2.6128,-1.1869,1.3257,2.3596,0.8364,2.5802,2.834,-0.2106,-0.1735,0.3863,1.3219,-0.203,-1.0416,0.4412,0.9012,-0.2173,3.3336,-0.1449,0.0474,-0.4986,3.1919,3.6097,-0.249,0.6695,2.144,2.7871,-0.2742,3.1138,-0.0895,-0.7299,2.2177,-0.8052,1.3354,0.1362,1.6023,1.3858,-0.2134,2.0004,2.8439,0.6636,1.4262,5.8122,-0.6341,1.1472,-0.4498,1.05,3.3524,0.7002,0.194,1.8178,-0.4378,0.1417,-0.2588,0.3482,2.195,0.746,-0.8715,0.5921,0.3682,0.0651,1.1189,1.3809,-1.5166,-0.3786,0.5619,1.7828,-0.2263,2.8997,0.6032,-0.27,-0.0999,2.2754,2.8368,0.0872,-0.9891,0.3481,-0.4558,1.3493,0.1423,2.316,-0.3677,4.2533,0.7124,1.8859,-0.26,-0.3758,0.7381,0.718,1.2306,0.6504,1.6531,ALL
1.8689,0.0792,-0.7305,-1.1814,0.3,0.9897,0.003,-0.2068,0.1342,0.155,-1.2901,-0.7512,-0.7364,0.5091,1.3913,0.8567,-1.5726,-0.9696,-1.1283,-0.4884,0.1478,2.8723,-1.2464,0.1233,-0.766,-0.0806,0.4239,-0.8936,-0.436,0.8621,-0.014,-0.6974,-0.3124,1.7542,-1.1348,1.1072,-0.0145,-1.4363,-0.2928,-0.7436,-1.2169,-0.3427,0.9736,-0.3115,-0.4341,-1.0015,1.0733,-0.1574,-2.5358,-0.3499,0.643,-0.8824,-0.8293,-0.6465,-0.2768,-0.8278,-0.3374,-1.2351,2.0503,-1.2769,-2.2913,-0.9409,0.8949,1.8714,-0.0519,-0.8188,-1.5014,-0.3533,-0.0158,-2.5606,-1.7437,-0.6354,-0.0221,-0.544,-1.3664,0.0764,0.764,1.6226,-1.6234,-1.2001,-0.7904,1.6968,-1.148,0.1341,0.0591,-1.579,-0.4933,-0.4014,-0.1836,-0.4397,-0.0311,-0.1214,0.6803,0.6873,0.6999,-0.6542,-0.4561,0.1601,-1.2693,0.7328,ALL
-1.9904,0.6552,-0.9078,-0.2162,-0.8305,0.7854,-0.3759,0.6744,0.3383,-0.7351,-1.3638,-0.4784,0.0716,-0.683,-0.8626,-0.8846,-0.6918,-0.5408,-1.0711,-1.1577,-1.1468,0.0554,-0.5771,-0.0168,-0.2671,-0.6059,-0.3898,-0.6116,-0.4745,-1.5401,-0.6438,0.3138,0.5386,-0.1437,-1.5791,0.2974,-0.305,-1.3016,0.0267,1.8009,0.4836,-0.4294,0.3891,-1.5116,-1.0606,-0.0164,-1.8458,-0.9683,-0.5644,-0.2704,-0.6022,-0.798,-0.1322,-0.6754,-0.6174,0.4964,-0.4971,-0.411,-0.1641,0.6176,-1.0124,-0.0713,-1.0331,-0.8958,-0.6244,-1.2491,-0.8005,0.8451,-0.0968,-1.1507,-0.4719,0.9755,-0.4207,-1.097,-1.4424,0.2026,-1.533,-0.3059,-0.3581,-0.6725,0.5204,-0.2847,-0.4323,-1.3473,0.4533,-0.6809,1.5153,-0.5332,0.9745,-0.4743,-1.3973,0.1695,0.555,-0.3688,0.5101,-0.378,-0.7415,-1.4898,-0.0828,0.0029,ALL
-1.3952,-0.1225,-1.3215,1.5772,-0.4705,0.5584,-0.7488,-2.0185,1.5567,-0.7623,0.6844,-0.504,-0.6139,-0.309,-0.7977,-0.1448,-0.5939,-0.7411,-0.511,-0.9053,0.0643,-1.3975,-0.64,-0.0711,1.512,-0.4426,0.4397,-0.2953,-0.4587,0.3701,-0.5214,0.6572,0.4076,-0.9234,-2.0584,-0.2503,-0.422,-2.0327,0.4806,-1.0288,-0.5009,-0.3314,-0.0829,0.6562,-0.1158,-1.2806,0.3965,0.4392,-0.2164,-0.4692,2.0964,0.4038,-0.924,-0.6449,-0.9509,-0.2239,0.0816,-0.6444,-0.386,1.1583,-0.6069,-0.0075,1.0532,-0.4062,-0.7706,-0.7924,-0.2564,-0.4898,-0.5477,1.4246,-0.2442,-0.0658,-0.4261,-0.524,-0.6144,1.2116,-0.4805,-1.3399,-0.0163,0.046,-1.7953,-0.2058,0.2077,-1.1031,-0.1687,0.0831,-2.8174,-0.9312,-0.6531,-0.4095,-0.5224,0.5379,-0.3218,0.2841,-0.2282,-0.6321,-0.3847,-0.1891,0.1391,0.2349,ALL
-0.128,0.4608,2.7957,0.1473,1.4088,0.0817,-0.7876,-0.385,0.5365,-0.3932,1.0233,-0.0222,-0.5373,0.5792,0.7865,2.2682,-0.9446,0.0777,0.3235,0.1863,0.507,0.6336,-0.5199,-0.7832,-0.342,3.6601,-0.7532,-0.3296,-0.4124,1.2672,-0.2219,-0.4494,-1.3597,1.0566,0.555,2.0836,2.3756,1.3343,-1.0661,1.2306,-0.1608,-0.1541,0.8612,1.085,1.5748,0.7498,0.7622,0.057,-0.0186,-0.2439,0.9286,0.3492,1.219,-0.462,0.9897,0.3364,-0.2576,-0.2299,1.5429,1.1799,2.793,0.8102,-0.0835,1.5558,0.0151,0.6479,0.0388,-0.5863,1.071,0.069,1.64,0.2279,-0.1744,1.8402,0.6802,-0.9578,1.1174,0.7251,-0.3088,-0.1111,0.8481,1.111,-1.1153,1.1271,-0.8783,-0.3285,-0.2775,-0.9515,-0.3088,-0.4548,1.449,-2.0605,0.649,0.0729,-0.7765,0.0419,0.5169,-0.41,-0.3722,-0.0298,ALL
-0.9536,-0.1225,0.2742,-0.5617,-0.5569,-0.168,0.6772,0.7833,-0.4721,0.7207,0.0213,2.0862,-0.5851,0.9299,-1.0278,-0.4156,-0.1372,-0.3827,-1.2769,-0.2745,-0.4535,0.3519,-0.6,-0.2427,-0.0344,-0.4568,-0.295,-0.2847,-0.4865,-0.1364,-0.8587,-0.0201,-0.967,-0.3591,0.0687,-0.7743,-0.6285,0.3531,1.3885,-0.5023,0.5194,0.5548,0.1138,-0.679,-0.7324,0.613,-0.6044,-0.1574,0.6158,-0.0053,-0.7257,-0.4801,-0.0749,-0.5445,-1.1673,-0.675,-0.5619,-0.4919,1.4003,0.2846,0.7032,-0.901,0.3913,-1.1668,-0.5148,0.1561,-0.7021,-0.0549,0.7357,-0.4949,-0.7663,-1.0627,-0.2612,-0.3637,-0.3878,0.0008,-0.8108,-0.1142,-0.7987,-0.3132,-0.0986,-0.9763,-0.4753,0.069,-1.2112,-0.4808,0.2205,1.1487,-0.112,-0.4261,-0.5344,0.0143,0.8995,-0.3112,0.025,0.0419,-0.1447,-0.7235,-0.7291,-0.3588,ALL
-0.0512,-0.0361,-0.7305,-0.2579,-0.5353,0.0136,-0.4028,-0.6523,-0.2447,-0.5338,0.6697,-0.1132,0.7015,-0.3558,-0.9777,-0.6153,-0.6429,-0.5074,-0.5224,0.6801,0.365,0.4113,-0.0794,0.4007,-0.9239,-0.8614,-0.216,-0.0923,-0.4583,-0.4114,-0.7285,0.5141,0.1676,-0.2155,0.3661,-0.1075,-0.1077,0.026,-0.7299,0.397,-1.7359,-0.0108,-0.7854,0.2329,1.0676,-0.3447,-0.0205,-0.8378,-0.1823,0.0477,-0.729,-0.5,0.4587,-0.3003,-0.9154,-0.1948,0.7551,-0.3157,1.9499,-0.68,0.9215,-0.6936,-0.2705,-0.8189,-0.1067,-0.8363,-0.2225,-0.4422,-0.698,-0.9808,0.4388,-0.4307,-0.1076,-0.1553,1.2202,-0.0497,-0.6265,0.4028,1.316,0.1359,1.1103,-0.3905,-0.3016,1.6155,0.1291,-0.8014,-0.8419,1.0257,-0.2507,-0.2805,0.8558,-0.0632,-1.23,-0.0424,-1.0718,0.1966,0.0369,-0.2339,-0.951,-0.105,ALL
-1.7408,1.4832,-1.223,0.1175,-0.3625,0.5584,0.2565,-1.5136,1.1078,-0.855,1.2591,-0.9316,-0.1926,-1.8986,-0.898,-1.1433,1.7793,0.8632,0.9464,0.2522,1.2671,-0.1373,0.6357,-1.5325,-1.9881,0.5085,-1.1245,-0.8884,-0.4309,-0.9902,-0.4969,1.1819,-1.3379,-0.6669,-0.4771,-0.5123,-0.4914,0.5647,2.145,-0.5023,1.9871,1.524,0.0182,-0.888,1.4057,-1.111,0.1078,1.6322,2.1712,-0.4559,0.0872,-0.6341,-3.6264,-0.5608,0.9507,-0.3731,1.5283,1.9757,0.4913,0.756,0.8591,-1.1722,-1.1913,-0.208,-0.3747,0.7884,-0.1887,0.5501,-0.6517,0.4428,-0.5857,-0.582,-0.5767,-0.8365,-0.9024,0.3287,-0.373,0.1355,-1.6621,1.3708,-0.2879,-0.7663,1.3311,1.7946,-0.3351,0.2786,-0.2609,-0.6118,-1.0153,-0.3964,0.1966,-0.1408,0.9152,-0.2472,1.0374,3.0365,0.4261,1.4299,0.2742,0.8367,ALL
-0.8,-0.4321,1.3577,-1.229,-0.6577,0.1044,1.0501,0.5358,1.2361,-0.6648,0.1245,1.4019,0.4564,-0.8233,-1.3789,-0.8256,-0.2269,1.2041,1.4723,-3.3739,0.8495,-0.6265,-0.0222,-0.8662,0.4728,-1.7061,-0.5004,-0.5378,-0.4657,0.3411,-0.1365,0.9148,-2.298,-1.6415,0.1632,-0.3932,-0.1241,1.6614,-0.4441,1.8667,0.1972,-0.3691,0.3891,-1.3267,1.8831,0.1095,-0.1007,0.5417,-0.0664,-2.126,-0.1279,-0.2368,0.0169,-0.7014,-0.7167,-0.2239,1.4435,1.0753,-0.3121,0.3408,-1.4491,0.8381,0.1036,-0.6571,0.7399,-0.7924,-0.4162,4.4617,0.2501,0.2049,-0.625,-0.2661,-0.4707,-1.3254,0.1322,-2.0173,-0.9952,0.5189,0.1741,0.3379,1.5618,-0.9305,-0.8882,-0.6635,0.7686,0.0194,1.6149,0.2741,1.5961,-0.527,0.7119,2.3898,-0.7602,-0.9,0.8686,-0.0796,-0.521,0.347,1.4222,-0.9028,ALL
0.4097,1.5336,0.5894,-0.234,0.7104,-0.622,0.4445,0.3675,-0.3322,-0.9605,1.7159,-0.7856,2.2849,0.439,-0.839,-0.042,-0.1128,-0.6146,-1.0083,1.4481,-0.4702,2.8723,1.2192,0.1548,2.1771,-1.1098,0.5424,-0.493,-0.4555,-1.0047,-0.9406,-1.1744,-0.1597,0.0615,-0.8444,-0.298,-0.2977,-0.2049,-0.1751,0.3751,3.1864,0.0495,4.9185,0.0594,-1.5877,-1.0015,0.7814,-1.0149,-1.765,0.7105,-0.5153,0.4386,1.4485,0.1674,-0.9757,-0.6896,-0.4173,-0.4348,1.6434,0.211,-0.0454,0.6666,0.1323,0.0833,0.4719,0.964,0.1648,-0.1363,0.4351,-3.3794,0.8157,0.526,-0.4653,-0.3116,-0.6851,0.8332,0.2262,-0.6748,-1.6339,0.9442,-0.1495,-0.7995,0.3281,0.1667,-2.1485,-0.5786,1.7311,-0.6397,0.1831,-0.3532,-0.6303,0.2664,0.9152,0.4953,-0.0383,-0.599,-0.761,-0.6695,0.0137,0.3436,ALL
1.0433,-0.7849,-1.2033,0.8324,-0.7945,-1.5527,0.2446,1.1397,-0.3438,-0.2861,0.1097,1.0441,-0.2156,-0.2857,-0.3198,0.0019,-0.0149,-0.7587,0.0377,1.0257,-1.5394,-1.2937,-0.1995,-0.7317,0.664,-0.4213,-0.2318,-0.5088,-0.4068,-0.6718,0.8272,-0.4684,0.7568,-0.8413,0.4186,-0.7743,0.4515,-0.2049,-1.6209,-0.612,-0.4472,2.3649,-0.4988,-0.4207,-0.2352,0.4434,-0.8706,-0.1108,0.5544,0.7237,-0.5479,-0.5646,0.2264,-0.3544,-0.0285,2.3228,-0.532,-0.1108,-0.7824,-1.4153,-0.139,-0.6218,0.9237,0.3948,-0.0032,-0.608,-0.4193,-0.2038,-1.0911,-1.0827,-0.9194,-1.5833,-0.4882,-0.1754,-0.9611,0.253,0.0803,1.6836,-1.2463,0.3828,0.0616,-0.73,-0.453,-0.8589,-0.1599,-0.4967,-0.7091,0.0321,-0.9661,-0.36,-0.2168,0.6542,0.9465,-1.2712,-0.1227,0.1414,-0.2874,-0.5691,0.0716,0.8961,ALL
1.7537,-1.5625,-0.6911,0.5107,1.2864,1.3302,-0.7787,0.4764,-0.2389,0.4139,0.2424,-0.7739,-0.0739,0.4857,-0.7092,-0.4005,-0.439,-0.8993,0.3292,-0.4555,-0.1445,0.6336,0.3897,1.0785,-0.4916,0.6505,0.1632,-0.2637,-0.4457,-0.5127,-0.5823,0.8003,0.2549,1.4977,-0.4561,0.869,-0.0912,1.0457,0.985,2.108,0.6447,-0.931,-0.1953,-0.7031,0.3018,0.7991,-0.4504,-0.8191,-0.4484,-0.2041,-0.1462,-0.7682,-0.0519,-0.3336,-0.7415,-0.4895,-1.0808,-1.1065,-0.6556,-0.5589,0.7344,-0.4024,-1.3064,-0.1028,0.8252,-0.0898,0.4108,0.7403,-0.2702,1.0679,-0.1814,-0.5197,-0.1473,-0.1513,-0.7224,1.1107,0.5719,-0.8752,-0.5942,-0.8072,0.6078,0.9136,-1.3286,0.4271,0.1116,-0.5626,-0.4103,-0.0275,-1.5161,0.9313,-0.3606,0.8094,-0.494,0.0921,-0.7765,0.5834,0.692,-1.1746,-0.1503,-0.8188,ALL
1.6001,-0.1297,1.3183,0.0698,3.8641,-0.6901,-0.8324,0.2586,-0.029,1.296,-0.0229,-0.7248,-0.028,-0.3792,0.6567,1.8597,0.0748,-0.2245,0.735,-0.1593,-0.3366,-0.0928,-0.1709,0.4551,0.5975,0.2814,-0.4372,-0.464,-0.4745,1.7882,0.1784,-0.4303,0.2113,2.5236,0.8769,-0.298,0.9247,0.026,-0.2423,0.8357,0.1435,-0.716,0.2599,1.7135,-0.4738,0.2737,0.7076,0.812,-0.1005,0.8297,0.6233,-0.7533,0.8661,-0.3885,1.3444,1.2495,0.351,0.0083,0.7872,0.5181,0.2665,-0.0912,0.2474,4.1693,0.277,-0.3972,-0.3701,1.0573,0.7357,0.718,0.7018,-0.6577,-0.2473,0.6781,0.5909,0.4296,1.2864,-1.5374,-0.2383,0.5063,0.7534,1.0131,0.2782,-0.8263,1.2855,-0.4331,0.0545,1.4199,0.5766,-0.4731,0.4303,0.2373,0.054,-0.484,0.5101,0.2408,0.8218,-1.2781,-0.295,0.2648,ALL
0.0833,1.7568,-0.1789,-1.0265,-0.2401,-1.2803,0.0566,-1.4938,0.7522,-1.1426,0.2866,-0.0941,2.373,0.2754,-1.1016,-0.9527,-0.0394,1.2639,-0.934,0.5374,-0.6039,0.7226,2.7923,-2.093,-1.6888,-1.2234,-1.3536,-0.8857,-0.4536,-0.4258,-0.0693,0.8194,-0.727,-0.9747,-0.9144,1.1072,0.0915,-0.6667,0.7496,3.0293,-0.1071,1.4787,-0.5493,-0.1481,-0.454,0.7608,1.253,2.1355,2.2394,0.1007,-0.4848,-0.212,-4.7309,-0.0655,1.7985,-0.5259,2.4762,3.5763,1.7491,-0.334,1.0775,-0.9169,-1.105,0.5768,0.076,0.1648,0.1464,-0.1445,0.8166,1.1087,0.4231,0.5127,-0.5056,-0.4038,0.2389,-1.1344,-0.711,-0.7648,0.0472,1.1575,0.2219,-0.7553,1.6889,-0.3217,1.3994,1.3404,-0.3273,-0.461,-0.3625,-0.286,1.3711,-0.2572,0.9621,-1.3864,-1.1351,1.147,-0.2031,0.9016,0.361,1.6139,ALL
1.3697,-1.1521,0.0772,3.305,-0.9241,-0.2361,-0.9517,0.5952,-0.2972,-0.9461,-0.406,-1.1633,-0.2788,0.8831,0.0401,-0.7,-1.3361,-0.713,-0.1909,-0.9273,-0.6707,-0.7155,-1.5324,1.0299,-0.608,0.6079,-0.0264,-0.6696,-0.3897,0.8187,-0.9546,-0.7737,1.695,0.8001,0.5305,-0.7743,1.1568,-0.6474,-0.7803,-0.3049,0.0361,-0.618,0.4228,-0.6095,-0.2551,-1.1876,-1.2684,0.1316,-1.4444,0.4851,0.3566,-1.1158,0.6882,-0.653,0.4788,-0.3876,-0.9411,-0.7682,-0.2222,-1.2466,0.4224,0.9578,-0.1842,0.1601,-1.1787,-0.4587,-1.4307,-0.5167,-0.7096,-0.1246,-0.3894,-1.0226,-0.1991,0.7943,0.7949,-0.8317,-0.204,-0.5789,0.5935,-1.4359,-0.7685,0.8994,-0.914,-0.7612,-0.7293,-1.122,-0.7921,-0.826,-1.4803,-0.4227,-0.073,-0.4123,0.4141,-0.3944,0.2991,-0.2564,0.1147,-0.0191,-1.1922,-0.9505,ALL
0.1217,-0.6625,0.2151,0.5167,-0.2113,1.7388,-0.5937,1.3377,0.3558,-0.8007,-1.1133,-0.8568,-0.4741,1.3974,-0.8095,-0.7908,0.3113,-0.6691,0.0148,-1.1522,-0.512,-1.7533,-0.4798,0.4751,-1.4976,-0.5846,-0.216,-0.1793,-0.2618,-0.0785,-0.7747,-0.3826,-0.727,0.1025,-0.1097,-0.56,0.499,0.5455,-0.5954,-0.8314,0.1077,-0.5199,-0.4257,-0.8799,0.1527,0.5419,0.4895,0.1129,-1.4989,-1.3307,-0.5737,-0.3957,-0.4363,-0.3397,-1.0573,-0.5004,-1.2354,-1.6971,1.5535,-0.6973,0.2665,-1.6868,1.974,0.0266,-0.9046,0.5952,-0.9911,-0.372,0.0766,-0.5425,-0.4248,-0.1148,-0.2124,-0.0391,-0.6611,-0.6047,-0.9799,-0.3553,-0.2841,-2.1207,-0.8049,-0.2832,-0.3188,-1.8845,-1.1936,-1.0515,0.8015,0.3667,-0.2551,-0.3473,0.1547,0.4894,-0.2592,-0.452,-1.6202,0.5834,-0.5728,-1.428,-0.5651,-0.0533,ALL
-1.3568,-0.7201,-0.4941,0.755,-1.1113,-2.0974,-0.531,0.4368,-0.6295,-1.2944,-1.1575,-1.2938,-0.3879,-0.1454,-1.3317,-0.6289,0.7598,-0.9046,0.3406,1.8814,-0.8628,-1.5754,-0.2339,1.9508,-0.3835,-0.1516,-0.6347,-0.522,-0.4708,-0.8889,-0.0847,-1.6513,-0.0506,-0.3694,-1.8765,-2.1556,0.8973,-0.5897,-1.1166,-1.5114,0.6626,-2.0095,-0.3077,-0.6529,-0.8816,-0.4816,-0.6717,-1.0149,-0.8099,-0.9464,0.5738,-1.2648,0.0829,-0.7018,-1.0112,0.34,-1.6944,-1.2017,0.2851,-0.3123,-0.5133,-0.3904,-1.7381,-0.6854,-1.1787,-2.303,-1.1725,4.86,-0.3049,-0.8789,-1.3119,-0.4218,0.0923,-1.1451,-0.6144,0.7071,-0.6956,-1.0233,-0.5414,-1.5257,-0.033,0.0752,-0.668,-0.4356,-0.668,-1.1493,-0.2277,0.3502,0.2591,-0.3487,1.0056,-1.2849,0.007,-1.5336,-1.1773,-1.2178,-0.6637,0.0349,-0.6905,-0.7751,ALL
-0.9536,-0.8785,-0.2774,-0.5856,-0.7873,0.4903,-0.3222,-0.6028,-0.3963,-0.7096,-0.2734,0.8182,0.3454,0.3455,-0.0602,-0.6168,-1.5726,0.9669,1.9124,1.3603,-1.4809,-2.539,-0.8059,0.8726,-1.19,-0.9182,-0.5083,-0.5641,-0.4545,-0.7297,0.0245,-0.9359,0.3204,-0.1027,-2.0934,-2.4891,0.2907,0.1607,0.447,-1.6868,-0.2861,-2.2471,-0.5662,-0.7765,0.2422,-0.8483,-1.0823,-1.6953,-0.3529,-1.238,-0.6721,-0.8427,-0.2183,-0.5916,-1.2169,-1.1953,-1.3052,-1.4351,-0.497,-1.4153,0.2665,-1.7306,-0.9611,-0.8108,-1.0203,-0.7749,-0.4562,1.65,-2.282,-0.5663,-1.1196,-0.3996,-0.1034,-0.3797,-0.2824,0.9341,-0.5189,-0.4715,-0.3017,-0.7174,-1.4385,0.1179,-0.594,-0.4194,-1.693,-1.1015,-0.3439,1.1208,-0.1478,-0.4942,0.7599,-0.9649,-0.9325,-1.6872,-0.5023,-1.6045,-0.5728,-0.929,0.5443,-1.0778,ALL
0.4481,-0.8425,1.1804,-0.5141,-1.3777,-0.0091,-0.5251,0.0408,-0.5829,-0.7495,-0.7891,-0.3838,-0.7632,1.6078,-0.8597,-0.5926,0.0259,-0.9116,0.5864,1.289,-1.364,-0.3745,-0.5656,0.784,-0.4667,-0.8259,0.179,-0.5431,-0.4912,-1.1349,-0.7054,-1.5273,0.8877,-0.749,0.0792,-0.8696,-0.1095,-0.936,-1.0493,-0.0636,0.2151,1.0564,-0.0661,-1.1793,-0.1954,0.2518,-1.0438,0.5137,-0.6667,-0.1246,-0.5051,-0.7284,0.2464,-0.6754,-1.1815,-0.4531,-0.9012,-1.6829,0.988,-0.7838,0.7344,0.3675,-0.5583,-0.0098,-0.4478,-1.0559,-1.3416,0.0402,-1.1605,-0.8823,-0.5347,0.1611,-0.4069,0.2574,0.7815,-0.6803,-0.373,-0.6109,0.5124,-1.5145,-0.4408,-1.1137,-0.4753,0.4923,-0.7293,-0.7013,-1.0909,0.0891,-1.145,-0.4265,-0.87,0.0434,0.1323,-0.2472,-0.2492,-0.831,-0.3134,-1.0232,-1.0378,-0.1681,ALL
-0.6464,-1.4545,-0.9275,-0.1983,-1.2769,-0.3042,-1.1784,0.0507,0.7172,-1.368,-1.0249,0.2081,-0.8072,1.0935,-0.2932,-1.1025,-0.3003,-0.6164,-1.2254,-1.2784,-1.2387,-1.0268,-0.0966,0.6724,-0.184,-0.5988,0.0921,-0.5852,-0.4402,-0.6863,-0.7264,-1.2984,-1.0106,-1.1286,-0.652,-0.1551,-0.7728,-0.1087,-0.7131,-0.7436,0.4299,-0.9725,-0.3189,-1.5181,-1.2296,-1.4722,-0.6108,-0.5488,-1.3625,-0.509,-0.4366,-1.1357,-1.6039,-0.5612,-1.0857,-0.8024,-0.971,-1.5495,0.7396,-0.4161,0.672,-0.0713,-0.2274,-0.7299,-0.6549,-1.0295,-1.5783,-0.1535,-0.6286,-0.923,-0.9508,0.1789,-0.1124,-0.4639,-0.8397,-0.2515,-1.0029,-0.759,-0.7881,-1.4359,-0.8632,-1.1074,-0.0349,0.069,-0.2213,-0.6809,-0.0285,-0.0731,-1.1316,-0.472,-0.9419,-1.0425,1.244,-0.5416,0.046,-1.0189,-0.735,-0.7235,-0.2757,-0.5916,ALL
-0.6272,-0.4105,-0.7305,-0.2817,-0.6073,-0.0772,0.2804,-0.0088,-0.134,-0.2238,-1.0838,2.128,-0.9738,0.1117,-0.1841,-0.7878,-1.23,-0.2807,-1.5627,-0.6585,-1.222,0.4557,-0.8345,0.2692,0.4561,0.5227,0.8189,0.2899,-0.4476,0.4135,0.4563,-1.0504,-0.7488,-0.3079,0.6005,-0.8934,-0.7491,-0.7629,-0.9653,0.0461,-0.1966,-1.0215,-1.4428,-1.36,-0.8617,3.0102,-1.2652,0.3087,0.3293,-0.8138,-0.7236,-0.7433,0.1317,-0.2759,-1.2063,1.2932,0.2811,-0.2823,0.0843,-1.1082,-0.4197,-0.9249,-0.3712,-0.827,0.0212,-0.9505,-0.5576,0.3675,-0.8483,-0.8245,0.6861,0.5171,-0.1552,-0.4398,2.2655,0.8584,-0.8493,2.1338,0.5723,-0.4142,-0.0112,-0.7142,-0.8504,1.3876,0.7161,-1.1925,-0.1115,-0.6599,0.4111,-0.4202,-0.1269,-0.2475,1.0404,-0.0168,0.2359,-0.3117,-0.7674,-0.4965,-0.2082,0.0239,ALL
-0.3584,-0.2593,1.6138,0.046,-0.3337,-0.0318,1.5005,-1.2958,-0.2097,-0.0384,-0.6565,0.6503,-0.3401,0.0182,0.9842,-0.2432,-0.0394,-0.3212,-0.6253,-0.8614,-0.2447,-0.3893,-0.3425,0.3207,0.3896,0.1111,0.9216,-0.4745,-0.4824,-0.9034,1.7118,0.123,-0.9233,0.9335,0.4221,1.2739,0.1719,1.0265,-1.4528,0.8577,-0.4472,-0.2861,-0.8865,-0.1438,0.3317,2.2604,-0.4921,-0.2785,1.1547,-0.7078,0.3186,-0.7036,-0.6457,-0.4287,-0.291,3.3451,0.8848,0.2845,-0.0372,-0.5416,-0.3886,-0.7773,-0.3137,-0.5721,-0.2042,-0.7749,-0.4101,2.6596,0.3541,-0.8075,2.2131,-0.6176,-0.2286,-0.6041,0.8029,1.6404,-1.0029,3.6441,-0.0585,-0.0887,1.0957,0.5584,0.1268,0.7202,0.0503,-1.0197,-0.2443,-0.7018,1.2071,-0.0458,0.8018,1.0421,0.7429,0.0601,0.3835,-0.0465,-0.3264,-0.5629,-0.2082,0.4535,ALL
1.6577,-0.7273,0.2348,-0.3532,-0.7009,0.1725,-1.3425,-1.0879,-0.0174,-0.5258,-0.0965,0.1428,-0.7287,0.5091,2.648,2.188,-1.2953,-0.6304,2.1067,0.9214,-0.963,-0.1373,-0.8803,1.1729,-0.342,2.4463,-0.3661,0.6668,-0.3999,1.0936,0.3996,-0.5543,1.9787,-0.2463,1.783,0.226,2.3719,-1.1477,0.6151,0.397,-1.0558,-0.5426,-0.0885,0.783,-1.0109,-0.2462,-0.9508,-1.1547,-0.4006,1.5853,2.5918,-0.4503,-0.6773,-0.1516,-0.1172,0.2745,-0.2327,-0.7539,-0.3121,-1.1774,-0.1702,-0.8691,-0.5439,0.8115,-0.5757,-0.3797,-0.4439,-1.1059,0.1229,-0.4338,1.0551,-1.5522,0.3133,2.834,2.3975,-0.0245,0.6949,0.4492,1.4746,0.0685,-3.1935,1.0021,-0.7024,-0.4031,-0.9746,-0.092,-0.5597,-0.6942,0.4871,0.0293,0.3105,0.6445,0.5394,0.1049,0.2148,0.6607,0.3937,0.5926,0.0137,-0.5949,ALL
0.8705,-0.5257,0.5697,-0.3294,0.0408,0.1725,-0.4803,-0.7117,0.2975,0.604,-0.848,1.1423,0.265,0.6727,0.7393,0.7977,-0.5858,-0.3616,2.3296,0.8227,-0.4118,-0.1669,-0.5885,0.172,-0.3253,1.9495,0.4476,0.9067,-0.4119,1.166,0.7768,-0.478,-0.0069,0.6565,0.7789,-0.1551,0.8224,0.0837,-1.6546,0.7919,-0.4114,3.3152,-0.1223,0.4465,-0.7225,3.0266,-0.9091,-0.0642,0.4248,0.6309,0.7902,-0.2169,0.4903,-0.0399,-0.7167,1.7261,-0.4821,-0.4538,0.153,-1.0779,1.1711,1.4085,-0.213,1.4426,1.2393,-0.7573,-0.4254,-0.2059,0.1576,-0.1246,1.6047,-0.0436,-0.1811,0.9867,2.3388,0.5809,0.0649,1.9334,0.3256,-0.6388,0.018,-0.4174,-0.8297,0.8016,0.2868,-0.3148,-0.0285,0.2577,0.6258,-0.3968,2.0841,-0.1408,0.8212,-0.3752,0.2359,-0.1459,0.2055,-0.5706,-0.3336,0.1439,ALL
0.3713,-0.7489,-0.3365,-0.5558,0.0264,0.4222,1.0888,-0.2662,0.0409,2.8525,-0.848,0.3709,-0.8723,-0.2857,0.58,0.3801,-1.3279,-0.4037,-0.8025,0.1534,-0.7793,-0.5524,-0.9604,-0.523,-0.5082,0.757,1.4272,1.5657,-0.3355,-0.0351,1.76,-0.1346,-0.5088,0.0512,0.527,0.0831,0.8681,-0.0125,-1.0829,0.1996,-0.3219,-1.5155,-0.8809,-0.9745,-0.0164,-0.1204,-0.0719,-0.8098,-0.1823,-0.4957,0.0825,-0.1176,0.2522,0.1194,-0.9154,1.1841,-0.522,-1.5304,-1.1471,-0.7319,-0.2638,1.1174,-0.5007,-0.7865,0.6364,-0.5816,0.3954,-0.4753,-0.3165,-0.0091,0.0541,-0.3061,0.2603,0.1212,-0.0304,0.1521,-0.9799,-0.1926,-0.418,-0.3693,0.1782,-0.0558,-1.1101,0.9969,0.2343,-1.1424,-0.1447,-0.4255,-0.206,-0.2764,-0.2887,-0.199,0.5394,-1.1368,-0.5445,-0.5437,-0.5145,-1.2333,-0.6712,-0.7351,ALL
0.1409,-0.7561,1.1213,1.5891,-0.5281,0.0136,-1.3962,0.1002,-0.1864,-0.6504,0.1834,-1.1934,0.1788,1.4208,0.3882,-0.933,-0.8223,-0.4494,0.8036,-0.1373,-1.4141,-0.5524,-0.9947,0.7954,-0.5082,-1.2731,-1.0534,-0.8805,-0.4078,-0.2956,-0.9819,-0.7165,-0.5088,-0.4412,0.59,-0.5838,-1.2278,-1.2054,2.414,-0.3927,-0.5367,0.8414,-1.1731,-0.228,0.0532,0.0712,-0.1232,-0.0455,-0.4552,-0.9596,-0.2432,-0.7781,0.5046,-0.4068,-0.4471,-1.108,-1.2504,-0.0108,0.3063,-0.3772,-0.7941,-0.546,0.1036,-0.2768,-0.6427,-0.9681,-0.985,-0.5939,0.3773,-0.2673,0.6626,-0.1593,-0.0251,-0.4118,0.0922,-1.1848,-0.3346,-0.8868,-0.1008,-0.9531,-0.317,-0.4947,0.027,0.3946,-0.9133,-0.2284,0.7517,-0.6232,-0.519,-0.4501,-0.1329,-1.1395,0.2106,-0.5864,2.2185,0.0088,-0.0345,-0.6278,-1.0474,-1.1926,ALL
-0.9152,0.9864,2.2639,0.9695,0.5448,-2.5741,-0.4356,1.9911,-0.2097,-0.5082,0.5813,-1.343,-0.1467,-2.3427,-0.8184,-1.0435,1.1431,-0.3247,0.0034,0.1534,1.1752,0.7967,2.7294,-0.0311,-1.2648,-0.5917,-0.4372,-0.6696,-0.4161,-0.4982,-0.9756,0.8862,-0.0942,0.3077,1.2092,0.1783,-0.0382,0.1991,0.9345,-0.0856,-1.557,0.8225,-0.7573,-0.7768,-0.086,0.0,-0.4632,0.5044,-0.1346,0.4984,0.3173,-0.4752,0.6682,-0.3812,-1.0289,-0.4058,1.1442,0.6704,2.6105,0.038,1.3894,-0.6178,-0.9467,-0.3334,-0.125,-0.7485,-0.2502,-0.2217,-0.0968,-0.2197,0.6783,1.1045,-0.4605,-0.0712,0.0175,0.9593,0.449,-0.5964,0.1177,1.5167,0.0616,-0.9826,-0.1347,1.2574,0.5584,-0.7855,0.2537,0.2818,-0.0137,-0.2557,-0.3487,0.693,0.5394,-0.3112,0.6155,0.3292,0.9256,0.7579,0.2356,-0.3406,ALL
-0.896,-1.0657,-0.9866,1.3031,-0.1609,-1.0306,-1.1307,0.5853,0.6939,-0.3676,-1.5406,-1.3591,-0.6675,-0.3324,-1.4379,-1.284,-1.5481,-0.9169,0.5464,-0.6146,-1.8902,-1.1751,-0.1194,0.9412,-0.5664,-0.9962,-0.5715,-0.8304,-0.3063,1.0791,-1.3367,-1.7277,0.8004,-1.3235,1.4016,-0.941,-0.612,-0.3204,0.4302,-0.5462,0.3941,-0.4106,-0.4369,-0.5394,-0.3346,-1.2532,-1.1529,-0.8471,-0.9532,0.1273,-0.6897,-0.9668,-0.29,-0.4823,-1.0963,-0.9406,-0.2377,-0.8063,0.5547,-1.225,1.0463,-0.2348,-0.141,-0.2808,-1.6294,0.2263,-0.6191,0.7383,-0.8252,-0.094,-0.3973,-0.7422,-0.2708,0.0891,0.2255,-0.2515,-0.1348,-1.003,0.6393,1.1575,0.7389,-0.951,-1.3131,0.8667,-0.5279,-0.4262,0.1873,-0.3684,-0.3043,-0.2659,-1.0318,-1.2461,-0.3688,0.0345,-0.1227,-0.2343,-0.5858,-0.6726,-1.2983,-0.807,ALL
-1.5296,1.728,0.1166,-0.7464,-0.1321,0.3314,-0.1134,-0.6127,-0.9326,-0.2589,0.4929,0.7258,0.2248,-1.0804,0.2968,-0.3596,0.2461,0.0426,-0.4138,0.307,0.5905,-0.5228,0.5556,0.069,0.8885,0.8493,0.1474,-0.4244,-0.1571,-1.4388,0.2701,2.4316,-0.3342,-0.9644,-0.9634,0.0354,-0.6906,0.0837,-0.0238,-1.3359,1.0922,-0.1579,0.1194,-0.4745,2.261,0.1369,0.1046,0.9891,-0.2642,1.0816,-0.305,1.4715,0.0772,-0.1167,-0.3194,-0.595,0.6353,0.618,-0.7243,-0.5718,-1.3555,-0.1152,-1.0762,-0.3051,0.1004,0.402,2.1324,-0.4161,0.4582,1.214,1.063,1.0022,-0.3996,0.041,0.3055,-0.201,-0.1963,0.1733,0.1987,0.2706,1.0229,-0.7837,0.8855,1.3062,1.3994,1.7997,-0.5763,-0.3786,-1.0779,0.5479,1.0894,0.1888,0.8056,-0.4968,1.0374,0.1856,-0.6572,-0.0871,0.6215,1.08,AML
-1.3952,0.4464,0.4909,-0.3115,0.912,0.4222,-0.5937,1.6941,1.2419,-1.1235,0.2276,-0.6595,0.2037,-0.9402,-0.5971,-0.6199,1.4857,-0.6603,-1.5341,1.1683,-0.0109,1.3008,0.5098,-0.0883,-0.0926,-0.4781,0.2106,-0.5852,-0.0992,0.0228,-0.5907,-0.8596,-1.1852,-1.5492,-0.8199,-0.6076,-0.2831,-1.4363,0.447,2.2177,-1.1274,0.272,2.1143,-0.6676,1.3759,0.2628,0.5152,0.6908,-1.0214,0.6044,-0.2147,0.4286,0.6366,-0.2251,-0.6458,-0.5004,-0.542,-0.6777,-0.3121,-0.6021,0.3913,0.2079,-0.8892,-0.2647,-0.2468,0.9816,-0.2379,-0.6759,-0.9755,1.1019,-1.5082,0.6684,-0.3864,-0.1353,-0.7371,0.2782,0.3492,-1.0407,-1.4753,0.192,0.5204,-0.7268,0.2283,0.3295,0.9526,0.1558,-0.9581,-0.6169,-0.1568,-0.2923,-0.9239,0.6058,1.4632,0.1561,0.8686,0.2408,-0.7545,-0.2972,-0.0924,-0.278,AML
-1.6832,0.1296,-0.5926,0.0698,-0.2401,-0.3723,1.3394,-1.8799,0.2858,1.7338,-1.3785,0.3364,-0.0548,-0.7064,-0.0071,0.3998,0.7354,2.3024,-0.3395,-0.3238,-0.5705,0.3668,-0.251,0.5008,0.2566,-0.0664,-0.1212,1.455,2.7995,-0.0351,0.212,1.2868,-0.0287,-0.7285,-0.9144,0.7976,-0.9501,-0.6667,0.7832,-0.9191,-0.3398,-1.968,0.3048,0.5176,-0.5633,0.6404,0.0532,0.1502,1.3594,0.3791,-0.8247,0.6472,0.694,3.3359,0.2731,0.3618,0.4657,-0.2442,-0.9145,0.2932,1.8885,1.7037,-0.3712,-0.4224,1.2089,0.7708,-0.3732,-0.4801,1.5334,-0.1926,0.6351,0.6595,1.8114,0.4137,1.2282,0.2782,-0.7571,1.2654,2.9055,0.7646,-1.9846,0.3089,-0.2912,-0.7449,-0.3089,2.5273,-1.34,1.411,3.0315,1.5474,-1.7089,-0.7419,-0.588,3.6441,-0.9242,-0.4774,-0.2031,3.3516,-1.1922,-0.7048,AML
0.3521,-0.1513,-0.1986,-0.7703,-0.4777,0.9443,0.8949,0.0408,-0.1689,0.2317,-0.5681,0.3129,-0.5526,-0.309,0.2437,0.4845,2.2686,1.0987,-0.4367,0.2686,1.5177,-0.8193,-0.1652,-0.6688,0.0238,-0.5136,0.1711,0.7301,1.2867,-0.9034,0.0784,0.8766,-0.4215,-0.4002,-0.1132,0.2498,-0.9446,1.469,-0.0742,-0.6339,-0.3577,0.6679,-0.3021,-0.1503,-0.086,0.6623,-0.0109,-0.6607,0.377,-0.1511,-0.8872,0.8657,1.9046,0.7679,0.6172,1.6534,-0.1628,0.5894,-0.7771,0.6435,-1.3867,-1.2959,2.2761,-0.471,0.1004,-1.1261,0.1003,-0.0108,4.528,-0.7294,-0.7506,0.9666,-0.5207,-0.6763,-1.2677,-0.983,-1.1412,-1.3166,-0.915,-0.4592,-0.7394,0.3263,1.7852,-1.2496,0.3131,0.8425,-0.8087,1.7482,-1.0198,2.0931,-0.4805,0.8094,-0.7289,1.0649,0.953,0.3624,-0.5728,1.3928,0.2838,-0.2521,AML
0.0833,0.2736,0.9834,-0.3294,0.0408,1.5118,2.0226,-0.3058,-1.1833,1.5948,0.4044,0.0313,-1.0063,0.5559,0.6154,-0.0979,2.4888,0.1463,1.1122,-1.4265,-0.3617,-0.5969,0.2409,-2.0101,0.639,-1.0743,0.3449,-0.3243,0.2039,-1.2073,0.4836,0.4187,4.4443,0.7898,0.7579,-0.1789,-0.5736,1.9885,0.1612,-1.0507,-1.02,1.2713,0.1138,-0.6588,1.2764,-0.8811,1.2337,-0.2972,0.0632,-1.2115,-0.8023,0.1505,0.5276,-0.5445,-0.4826,-0.2821,0.9845,0.8276,-0.7613,0.0596,0.7032,-0.2229,2.6358,-0.2566,0.5328,-0.6958,0.709,-0.4657,0.4235,-0.6071,-0.676,-1.3386,-0.4779,-0.9207,-1.2317,1.7665,-0.8185,-0.7067,-0.4603,0.1022,0.3238,-0.3368,2.1689,-0.81,-0.414,0.4992,1.2829,-0.319,-1.2031,-0.3093,-0.8999,0.1791,0.3985,-0.2792,0.6366,0.937,-0.7545,0.5045,1.345,0.2365,AML
0.7937,0.36,-0.4547,-0.7822,-0.4633,-0.3723,2.0644,0.4269,-0.4896,0.3244,1.3033,1.9036,0.175,-0.8467,0.2968,0.5163,0.8577,2.6644,0.5121,-0.1977,0.2982,-0.7303,-0.0622,-1.1693,-0.1092,-0.9891,-0.2476,-0.3322,-0.373,-0.5995,0.1491,-0.0392,0.1676,0.3384,-0.3406,0.4879,-0.5682,-1.1477,0.8505,-0.3488,0.6089,0.3625,-0.9202,0.2642,-1.1203,2.6982,0.3419,0.1875,0.6226,-0.2306,-0.4631,0.374,0.8977,-0.2089,0.4221,0.3291,0.0217,0.3179,-1.0044,1.2923,0.1417,2.5374,-0.141,0.0428,0.5572,-1.0647,1.2839,0.0925,0.886,0.0894,-0.1539,-0.1103,-0.1889,-0.1954,-0.9411,-1.1344,-0.3422,0.911,0.7168,0.1471,-0.9797,-0.8879,0.3831,1.8271,0.1204,0.9562,0.6853,1.5479,0.2546,0.1093,-1.3493,0.3634,-0.4627,4.0985,-0.418,0.4287,-0.4301,0.0983,0.4092,-0.6236,AML
-0.0128,-1.2601,-0.7108,-0.4783,-0.6865,-1.5527,-0.2715,-0.9988,-1.1483,-0.1598,-0.5239,-0.8355,-1.3893,-0.5194,-0.606,-0.464,-1.1159,-0.5795,0.2491,-0.28,-1.3055,0.1296,-1.5953,0.8326,-0.6579,-0.1658,-0.4135,-0.7803,0.2317,-0.9902,-0.5711,-1.8326,0.2113,-0.0822,0.2121,-1.1315,-0.8039,0.507,-1.3015,0.0461,-0.6978,-0.8405,-1.3136,-0.4791,-1.1302,-0.7771,-0.5659,-0.9123,-0.3802,-1.0524,-0.7555,-0.0928,0.6452,-0.1276,-0.5996,-0.0856,-1.6495,-0.9159,-0.4812,-1.2639,-1.0748,-0.0474,1.5855,-1.0333,0.143,-0.529,-0.4869,-0.5401,-1.0217,-1.1439,-1.1941,-1.3475,0.0237,-0.5881,-1.1571,-0.7308,-1.0797,-0.6806,0.1635,-1.7053,-0.2879,-0.1,-1.394,-0.1101,-0.5717,-0.7673,-1.257,-0.5129,-0.908,-0.3458,0.3404,0.693,0.3202,0.0345,-1.5148,-1.3393,-0.1966,-0.8904,-0.8931,-1.52,AML
-0.608,-0.2665,-0.5729,-0.5439,-1.5433,1.4664,1.3842,-0.5335,-0.7228,3.7282,-0.0376,1.3572,-0.7594,-0.5895,1.2261,2.4452,1.396,1.6294,-1.3912,0.6965,-0.0443,-0.5821,-0.7087,-0.3257,-0.2339,0.2885,-1.796,0.2477,3.9537,-0.3101,0.7985,0.2852,0.4076,0.0717,0.4291,0.5832,-0.8879,0.0067,0.1444,-0.6997,2.6852,-0.6595,0.6589,1.0019,-0.5037,-0.0492,-0.5466,-0.7166,0.4043,0.6839,-0.6327,0.6621,0.628,3.3899,-0.0817,1.2605,-1.5946,-0.1394,-1.4007,0.0077,-0.5445,0.2398,1.1539,-0.3132,-0.192,1.1484,-0.7359,-0.221,-0.3049,0.5651,1.2435,-1.4365,-0.5634,0.0009,0.1895,0.2026,-0.2731,-0.6283,0.7098,0.4278,-0.3607,1.2263,-0.09,-0.8914,-0.3001,0.7947,-0.2775,4.264,1.8644,-0.3218,-1.0737,0.5379,0.2888,-0.2664,-0.7133,0.4176,-0.508,1.1951,0.1391,-0.9538,AML
-0.6656,0.6264,-0.8093,-0.1328,0.0912,-0.0091,0.8323,1.7238,1.1661,0.7175,0.095,-0.3522,-0.2137,-0.3324,-0.3788,-0.3128,0.3276,0.1761,-0.6825,1.0805,-0.0443,-0.7155,-0.5542,0.6896,0.0238,-0.7549,-0.3898,-0.4113,-0.0802,-0.3535,0.2295,-0.5925,-0.0069,-0.6772,-1.0578,1.6073,-0.7436,0.3338,0.7496,-0.283,1.0564,-0.8518,-0.111,-0.2899,0.1228,-1.806,-0.8096,0.0197,0.6499,-1.1717,0.014,0.5925,-0.2499,0.0877,-0.4719,-0.3585,0.1165,0.7466,-0.6926,0.038,0.1105,0.7025,-1.1482,-0.8998,-0.4721,0.5337,1.2593,-0.4023,-0.8136,0.3476,-0.9665,1.1935,-0.272,-0.5641,-0.7971,-0.3272,-0.204,-0.8258,0.2622,-0.9419,0.1053,0.7873,0.7582,0.5574,-1.4915,0.9402,-0.7755,-0.1492,-0.7917,-0.1444,-1.2834,1.0227,-0.0243,0.3481,-0.4813,-0.4332,-0.5988,0.9664,-0.7098,-0.3718,AML
0.0065,-0.4825,0.2151,-0.9669,0.156,0.0136,0.5757,0.6744,-0.8044,0.5721,-0.5975,2.4081,-0.3573,-0.6597,-0.4407,-0.1872,0.8414,0.9774,-0.2767,0.4113,1.8183,0.3519,-0.4455,-0.8004,0.2234,-0.2297,0.2264,0.941,-0.3336,0.1241,0.921,1.2391,0.2986,-0.6669,-1.5756,0.9643,0.5629,1.1611,-0.4777,-0.4585,0.6984,-0.3238,-0.6336,-0.2449,-0.8716,0.6075,0.0565,0.7281,1.2912,0.2068,-0.5024,1.2034,0.0026,-0.228,0.1205,0.2563,1.4934,1.1897,-0.9251,0.9204,0.3913,0.0324,1.0388,-0.8553,6.861,0.1561,1.1394,0.1098,-0.328,0.4156,-0.0283,2.1548,-0.3635,0.053,-0.4931,0.9845,0.3184,0.0455,1.0657,0.5288,0.2728,0.2426,1.35,-1.038,-0.1424,1.7724,-0.3439,2.7989,-0.3893,0.0017,0.0348,-1.2946,-0.3218,2.0249,0.1093,-0.1459,-0.7156,-0.0299,1.7888,0.8787,AML
0.6401,1.4544,0.0181,-0.9311,-0.9673,-0.0091,2.9176,1.4565,1.8249,-0.0879,1.4064,0.3122,1.117,0.2754,-0.6001,0.5057,2.6193,3.536,1.3351,-0.9712,2.1692,0.604,1.1562,-1.6412,0.3813,-0.7549,0.0131,0.2319,-0.025,-2.1334,-0.0147,0.2661,-0.1597,0.0102,0.2471,2.7505,-1.3411,1.2766,0.447,-0.0417,1.0206,1.3467,-0.4426,-0.5375,-0.8617,1.4832,1.1471,-1.0708,2.6487,0.3791,-0.7433,1.8539,-0.815,0.3295,0.5853,0.0199,2.561,1.9376,-0.571,0.8771,-0.1078,0.2877,0.2331,-0.0543,0.0699,-0.9154,1.5421,-0.7462,-0.1777,0.1302,-1.1196,3.2762,-0.0215,-0.9568,-1.2117,0.3791,-1.026,1.1986,-1.8701,1.2922,-0.9579,0.4542,2.9017,1.2574,0.7774,1.7792,1.2995,-0.2138,3.2819,-0.28,-0.7561,0.5282,0.5394,3.5545,-0.2914,0.2961,-0.8323,0.968,1.5669,0.1932,AML
-0.9152,-0.6409,-1.1442,-0.7286,-0.8809,-0.4858,-0.5818,0.1794,-1.0842,-1.2673,-0.4502,-1.046,-0.5947,0.3922,-0.839,-0.5109,-1.1974,-0.5092,-0.4996,-0.3129,-0.7375,0.3519,-0.6572,0.8698,-0.317,-0.9466,-0.1212,-0.4297,3.8763,-0.4837,-1.3402,-1.4892,0.6695,-0.6772,0.1002,-0.7743,-1.3155,-0.7629,0.0435,-0.8752,-0.2861,-1.2628,-0.4707,1.1137,-0.5534,-0.6239,-1.2267,0.523,-1.2261,-0.509,-0.8017,-1.3095,0.9063,5.0851,-1.6497,-1.3772,-1.3152,0.2131,-0.8088,-0.4983,-0.3574,-0.5898,0.5927,-1.2154,-0.2894,-0.6343,-1.4492,-0.4643,-0.8945,-0.2945,-1.6141,-0.2305,3.5179,-0.0592,-0.4718,0.4044,1.0329,-0.8694,0.96,-0.5265,-1.6351,-0.0826,-0.6955,0.2318,-0.4665,0.7743,-0.5597,-0.4229,-0.908,-0.4827,-0.7262,0.6251,0.5707,0.3033,-0.6922,-0.2785,-0.482,0.4397,-0.7098,-1.5095,AML
-1.2416,-0.2233,0.5697,-0.8596,-0.3841,0.1271,1.0322,1.1001,-0.6878,-0.3868,-0.0671,1.3961,0.0046,-1.1272,1.586,0.2924,1.1187,3.5149,0.9636,-0.845,2.5534,3.2133,-0.1824,-1.3924,-1.032,0.0046,0.8505,-0.0897,-0.1006,0.2977,0.6011,1.1056,-0.0942,1.0566,-0.1447,2.2027,0.0093,-0.9553,3.1874,-0.5243,0.233,0.2984,1.0354,-0.1905,1.6842,1.0125,0.2393,0.7467,0.8068,3.1493,-0.5072,1.993,0.169,2.1051,0.9329,1.3114,0.1664,0.6514,-0.941,0.7257,-0.3574,2.6451,-1.1482,-0.3901,-0.1189,0.5864,0.5522,-0.5532,0.7819,0.6092,0.6194,0.2457,-0.8627,0.1332,0.2975,0.2278,-1.195,0.1326,1.3759,0.439,0.0034,0.77,0.1733,-2.731,-0.1599,0.6447,0.7019,0.4617,-0.7783,0.4543,-1.1096,-1.2558,-2.3103,0.2393,-0.9031,-1.0852,0.238,0.7687,-0.7195,0.6253,AML
0.6209,0.6264,-0.5335,-0.7524,-0.0169,-0.9852,0.5161,0.7338,-1.5623,1.0659,0.3455,-0.3618,-0.9393,-0.9869,-0.6266,-0.2023,-0.5695,0.8808,1.7638,-0.3184,0.34,0.3964,-1.4924,1.0614,0.1319,-0.3148,0.7636,-0.4693,-0.0334,0.5582,0.1176,-0.3063,0.0585,-0.4412,-0.9459,0.6785,-1.0834,-0.609,0.985,-0.8314,-0.8231,-0.1541,-0.9933,-0.9295,-0.6131,-0.4761,0.435,-0.4836,0.6772,0.1538,-0.7385,0.7713,-1.0933,0.4546,-0.0852,-0.4531,-0.4422,0.7133,-0.4336,-0.6973,0.3289,-0.4662,0.3769,-0.0907,-0.2407,-0.6783,1.8649,-0.1094,-0.883,0.5583,-1.202,0.4904,-0.3093,-0.4318,-1.2171,0.0512,-0.3192,-0.3611,0.7873,-0.5265,-0.6156,-0.13,0.6653,0.1178,1.3906,0.3923,-0.5597,-0.48,-0.8812,1.0069,-0.079,-0.645,0.5081,-0.0872,0.9108,-0.2564,-0.6766,-0.0438,1.1424,-0.5266,AML
0.8513,0.1728,-1.4594,-1.4078,-0.0313,1.9204,1.1933,0.5655,0.006,0.0623,0.1097,0.8974,-0.0452,0.2052,0.0785,-0.0056,-0.4716,0.8456,-1.7227,-0.5049,0.8327,-0.7896,-0.5313,-0.2627,-0.3835,-0.329,-0.5083,0.3901,1.2992,-0.8165,-0.4507,-0.001,0.6913,0.5641,0.1422,1.131,-0.813,1.8345,1.069,0.2215,1.2533,-0.2748,-0.0604,-0.6585,-0.1258,-1.3135,1.0701,-0.5861,0.2133,-0.5885,-0.7854,4.5803,-0.1867,0.4709,-0.0888,0.3,-0.1579,0.6752,-0.0848,0.4619,-1.5115,-1.1483,-0.6446,-0.564,-0.1493,0.1648,2.3107,-0.403,0.6547,-0.0771,-1.5867,0.9799,0.7191,-0.4118,-0.3904,-0.8821,-0.4575,-0.6109,0.1811,0.2594,-0.7976,-0.2579,-1.1291,-1.3147,-0.7469,1.1403,-1.7716,1.4516,-0.5503,-0.3055,-1.0018,-2.3514,-0.3688,0.2201,0.1515,-1.3946,-0.5664,-0.0747,1.4897,-1.0152,AML
0.4097,-0.2233,0.55,0.7907,0.192,-0.2134,0.0895,0.9219,-1.1192,1.2768,0.3013,-0.837,0.9025,1.3273,2.1465,-0.6062,1.029,-0.7025,1.5066,0.8885,-0.7626,0.0554,-0.4284,1.1672,0.639,0.0614,0.3133,0.1212,0.5439,1.166,-0.0084,-0.354,-1.2506,1.0258,-1.0123,-1.465,-0.9574,-0.3011,-1.3351,0.2873,0.1077,-0.7613,0.1194,-0.3656,0.282,0.0876,0.0276,0.2527,-0.1619,-0.7873,0.3946,-0.2964,0.1891,0.1076,-0.5287,-0.9661,0.0167,0.013,-0.6609,-0.6713,1.4206,1.8393,1.0388,-0.0624,0.9348,1.974,-0.158,-0.077,-2.282,1.3906,0.8274,0.5928,0.6252,-0.1233,-0.0278,-2.3956,0.618,-0.2798,0.1247,0.4951,-0.2733,4.722,-0.0125,-1.5263,0.6197,0.3332,0.2869,2.0283,-0.1657,0.9284,0.4183,0.1501,1.0248,-0.9256,-0.4602,-0.0907,0.225,0.1832,-1.0282,-0.9517,AML
0.4481,-0.3817,-1.2624,0.3856,-1.0897,0.8989,-1.2381,0.4071,-0.6353,-0.6856,-0.848,-1.3488,-0.1141,3.9687,0.1935,-1.4232,-0.9283,-1.0047,0.4778,-1.9641,-0.8545,-0.0928,-0.1881,0.4236,-0.7576,-0.2084,-0.9823,-0.3506,0.4369,-0.5561,-1.3598,0.8671,0.5167,-0.4002,-0.6695,-1.1554,-1.0067,-2.9178,0.1444,0.1557,-1.1274,-0.403,-0.0211,-1.236,0.0035,-0.799,-0.9604,-1.7232,-1.3011,0.114,-0.5689,-0.4702,1.021,-0.4332,-0.9225,-1.53,-0.9062,-1.4304,-1.1946,-0.7795,1.0151,1.0775,0.2474,-0.7663,-0.4843,1.1309,-0.4193,-0.0074,-2.0045,-1.2152,0.1326,-0.3017,-0.0131,-0.6642,-0.6864,1.1359,0.0035,-1.0611,-1.1088,-0.8072,-0.7394,-1.0537,-1.1291,-0.2566,-0.3351,-0.7468,-1.2404,-0.4838,-0.2104,0.6016,0.3884,-0.6935,-0.3375,-0.9512,-1.2617,-1.2178,-0.6312,-0.9645,-0.6616,-1.0956,AML
-0.6848,-0.0145,-2.464,-0.6273,-0.3913,-1.076,0.0745,-0.2167,-0.7169,-1.2849,-0.848,-0.3566,0.7264,1.2104,-0.8007,-1.3158,0.4173,-0.04,0.7007,-1.1577,1.8351,1.6862,1.6368,-1.2008,-1.1983,-0.4213,-1.1324,-0.1503,0.1927,-0.2956,-0.788,2.1931,0.5167,-1.4261,0.8314,-0.2265,-1.2315,-1.013,-0.1078,0.3312,-0.6978,0.4832,0.4622,-1.3218,0.1726,0.9688,-1.1657,-0.2506,0.2406,-1.4103,-0.4346,-0.3014,0.1317,0.2356,-1.2808,-1.1407,0.5406,0.861,-1.1682,-0.3123,-1.6986,1.5003,-2.2129,-1.3529,-0.7584,0.3844,0.3032,-0.6083,0.2963,-0.3522,-0.6328,1.8522,1.7687,0.0931,0.0375,1.4638,0.4337,0.7716,-1.7009,2.2802,0.1854,-0.5768,-1.3802,0.0365,-0.2475,0.4082,-0.8253,-0.2125,0.3619,0.4375,-0.5644,2.1474,-4.8156,0.0537,0.9319,1.2685,-0.6572,0.6498,-0.4879,-0.1078,AML
-1.8368,-0.7633,-0.2774,0.0281,-0.9169,2.624,-0.6265,0.4863,-0.921,1.3775,0.1097,-1.1853,-0.4722,1.1403,1.0727,-1.1872,-0.4961,-0.9766,-0.0481,0.2467,-0.086,-0.1669,0.2238,1.7763,0.955,-0.4,-0.6742,-0.2452,1.441,1.3541,-1.1204,-0.8309,-1.6652,-0.0206,1.0063,-1.3221,-1.0049,-1.5325,1.1531,-0.1294,0.2688,-0.4181,-1.0158,-0.5238,-0.1059,-0.0383,-0.938,-0.0642,-1.2602,-1.2115,-0.2636,-0.058,0.6223,-0.5234,-0.738,-0.9988,-0.1728,0.2274,-0.6503,-0.9568,-0.8564,-0.55,-0.3425,1.1311,-0.2955,0.9025,-0.5392,-0.1749,-0.3511,-1.2492,-0.8448,-1.4053,0.2766,-0.9808,-1.2104,3.3305,0.5796,-0.6341,-1.13,-0.6837,0.5714,-0.7553,-0.5132,0.7364,0.4445,-0.4876,-0.9747,0.0485,1.851,0.9666,0.7539,-0.9649,0.0696,-0.5288,-1.8522,-1.0078,-0.1966,-0.4486,-1.3272,-0.6866,AML
-0.128,-0.1081,-1.1639,-0.5796,-0.1969,0.1044,1.6706,0.8427,-0.1923,0.3675,-1.4522,1.6601,5.0994,-1.1272,-0.4171,-0.8846,-0.4961,1.6628,-0.1224,0.2522,-0.4953,-0.6414,1.0247,2.6085,0.5725,-0.4923,0.7636,-0.7065,-0.4295,-0.3969,0.2764,0.6095,0.3422,-0.3079,0.3276,0.226,-0.6467,-0.2626,-0.4945,-0.4585,-1.5391,0.1362,-0.8078,-0.9719,0.998,2.2385,-0.0237,1.0357,1.9597,0.4454,-0.7569,-0.2318,-0.115,0.0483,-0.3052,-0.1184,0.4508,1.1039,-1.591,-1.385,0.7967,-0.1112,-0.2274,-1.0252,-0.7158,-0.327,1.5114,-0.3699,0.2963,0.1506,-0.044,-1.0671,-0.1552,-0.7604,-0.6598,-1.0587,0.2954,1.7155,-0.6189,1.034,-1.1326,0.0816,0.8236,-0.9403,0.4182,0.1081,-0.4933,-0.8158,0.1205,-0.4161,-1.3314,-0.7322,0.2732,0.3481,1.2905,0.6607,-0.2291,0.5154,0.1681,0.0372,AML
-0.896,0.6192,-1.4594,-0.3294,-0.8881,-0.5766,-0.0716,0.5457,0.0293,0.5145,2.5558,0.6686,-0.5411,-0.496,0.344,-0.7046,-1.0343,0.1182,0.2434,-1.1193,-0.6122,0.4557,-0.3254,0.3464,0.0987,-0.258,0.1237,-0.6221,0.1297,-0.9613,-0.8916,1.6398,1.3895,-1.3542,-1.1698,0.2022,-1.1584,0.6032,-1.2511,-1.1823,-0.1071,-1.2779,-0.3527,-0.485,-1.8263,-0.7005,-0.9861,-1.5461,0.0155,-0.9331,-0.4732,-0.0978,-0.6084,-0.2463,-1.0928,-0.6023,0.0916,-0.8826,-1.1788,-0.641,-1.2307,0.2279,-0.0115,-1.0576,0.6729,-0.2128,-0.8405,-0.2472,0.8397,-0.4508,-0.9508,-0.0258,-0.0582,-0.9007,-0.5318,-0.302,-0.7648,-0.5847,-0.6365,0.0573,-0.3025,-0.4853,-0.1674,-0.7449,0.5496,-1.0356,-0.3771,0.9015,-0.832,-0.3239,-1.7808,-0.4317,-0.7759,0.9753,2.092,0.0861,-0.5599,-0.1921,-0.623,-0.8467,AML
-0.0704,-1.3393,-1.5185,-0.6213,-0.8161,0.286,-0.0358,0.0111,-1.1542,0.3579,-0.3618,-1.1274,-0.97,0.3689,1.0491,-0.3491,-1.4665,-1.0785,-1.0368,-0.3568,-0.9129,-0.76,-0.886,0.681,-0.8824,0.0046,1.3719,-0.5562,-0.4453,-0.1798,-0.2268,-1.1457,0.975,-0.6874,-0.1167,-1.5126,-0.3105,1.1227,-1.4024,-0.4146,1.6649,-0.8141,-0.4313,-1.0765,0.3317,-0.2024,-0.4696,0.318,-1.2056,-0.8536,-0.1896,-0.7582,0.7141,0.184,-1.0928,-0.5804,-1.5796,-1.4351,-1.295,-1.3936,-1.761,-0.6616,3.8588,-0.5721,-0.5148,-0.8012,-1.5137,-0.5112,-0.3511,-0.675,0.2504,0.0187,0.011,-0.3397,-1.2797,-0.6803,-0.25,-0.5586,-0.3299,-1.8064,0.8044,-0.6558,-1.2736,-1.6077,-2.1047,-1.1561,0.1873,-0.8082,-0.8275,-0.3581,-0.097,-0.0826,0.7429,-0.5928,-0.7976,-1.4056,-0.1577,-1.5423,-1.5009,-1.0976,AML
0.8513,1.0872,0.4515,-1.0503,0.7032,0.5584,-0.8592,-0.2266,-0.7636,-0.1119,-0.1997,0.4185,-0.0854,0.439,2.7631,-0.1857,0.5804,0.944,1.9581,0.2138,1.4926,1.0636,2.7809,-1.4753,0.3314,0.1536,-0.2792,0.4718,3.1229,0.6739,-0.3996,0.352,-0.3342,0.3179,0.9293,-1.0839,-0.305,1.3728,1.8256,-1.7307,0.5015,0.5925,0.7656,0.967,0.0831,0.4488,1.1984,2.6668,0.5203,0.5912,-0.5099,0.0016,0.3669,1.3164,1.0855,-0.4931,0.1614,1.3993,-0.8723,-0.7795,1.1711,0.18,1.0532,-0.653,1.0627,2.053,-0.616,-0.6311,0.2385,-1.1337,-0.5857,1.9768,5.3779,1.6959,1.8201,0.5053,3.7524,0.8587,0.7732,0.4839,-0.4481,1.5121,0.5827,0.2644,-0.4052,3.273,0.4695,2.1956,-0.358,0.7471,0.2506,-0.0148,-1.5274,0.7577,0.7843,0.8928,-0.5988,1.2738,-0.6326,0.4766,AML
-0.416,3.564,1.2001,-0.6511,2.82,-1.5527,-0.0299,1.3773,-0.9385,-0.9333,3.8967,-0.218,0.713,-2.4596,1.0815,-0.8392,1.5183,0.6998,-1.9342,-0.269,1.2671,0.5892,2.6836,-2.176,5.7104,1.481,-0.4688,0.7195,-0.1895,0.0372,-0.4528,0.8385,-0.9888,2.5338,2.3917,2.2027,0.0294,0.2953,0.4134,2.437,-3.3827,1.3543,1.8671,-0.8926,-0.8219,-0.2408,3.4375,-1.5368,0.4998,1.572,-0.2412,1.0146,1.1415,0.0361,2.6677,-0.213,2.2018,0.3941,-0.0689,-0.4032,0.7032,1.9271,-1.4072,0.6375,0.3257,3.0542,2.4767,-0.629,0.9207,0.8844,2.3465,-0.4441,-0.5201,4.3006,2.4215,-2.774,3.3606,1.9886,-0.3934,2.1679,3.1056,-1.5858,1.3259,-1.8845,-0.5541,3.0957,0.7683,-0.1542,-0.6486,-0.0483,1.2632,0.3537,-0.7132,1.0841,-2.0421,0.6828,1.2369,3.5416,2.1939,5.4029,AML
-0.4544,-0.3457,-0.041,-1.2648,0.1848,-2.2563,-1.1158,0.714,-1.0842,-0.0751,0.5076,-0.7915,-0.8781,-0.1688,-0.0366,-0.6486,-0.1291,-0.3809,0.2149,-0.2964,1.217,1.1229,0.7501,-0.2313,0.1153,0.1182,-1.085,1.5947,2.7087,-0.1364,-0.8293,0.6286,1.5423,-0.0719,0.8734,0.1783,-0.3562,-0.9168,0.262,-0.0198,0.4836,-0.2182,-0.3077,-0.6092,-1.1103,0.1369,1.4968,1.9118,-0.271,0.2465,-0.324,-0.1375,0.0686,1.8256,1.1671,-0.806,0.4308,-0.0823,0.0315,-0.7708,-1.5739,-1.1882,0.4201,-0.8998,-0.4904,0.7269,-0.5515,-0.6614,0.6085,0.1166,-1.2923,0.6106,3.4047,3.4551,1.6242,-0.6551,1.3709,0.7687,1.2561,0.4502,-0.7103,-0.4284,-0.114,-0.4682,-0.9571,0.1422,2.0797,0.1398,2.0075,7.1221,-0.3546,-0.6353,-1.4492,0.0153,1.3959,-1.1404,-1.1631,0.71,0.8723,1.6038,AML
