37780_at,1462_s_at,37985_at,34361_at,37277_at,32794_g_at,36029_at,38915_at,32287_s_at,36808_at,32249_at,33777_at,31900_at,36377_at,33238_at,1065_at,36490_s_at,35362_at,771_s_at,38319_at,1405_i_at,33145_at,36455_at,38819_at,41097_at,675_at,619_s_at,41198_at,37829_at,41049_at,36591_at,38533_s_at,35193_at,2059_s_at,1104_s_at,34990_at,40954_at,35792_at,1997_s_at,656_at,40463_at,40715_at,35994_at,34665_g_at,41685_at,41468_at,296_at,31742_at,35974_at,32649_at,577_at,38604_at,38051_at,35246_at,37889_at,35791_at,41504_s_at,40708_at,37419_g_at,36856_at,37401_g_at,1536_at,40775_at,36799_at,38803_at,32227_at,41745_at,40688_at,36392_at,33910_at,35862_at,1814_at,39261_at,38620_at,717_at,40377_at,1637_at,34730_g_at,37602_at,1737_s_at,1731_at,245_at,38884_at,35863_g_at,37918_at,36787_at,36874_at,37695_at,36906_at,35936_g_at,39576_at,32625_at,189_s_at,40749_at,33856_at,1426_at,40720_at,36108_at,37571_at,910_at,class
-0.34946,0.44858,-0.48735,-0.27176,-0.62335,-0.38501,-0.40883,-0.61624,-0.46432,-0.57756,-0.34065,-0.42326,-0.15739,-0.60558,-0.47962,0.33621,-0.79108,-0.08423,-0.32564,-0.40356,-0.71892,0.14729,-0.43599,-0.41672,-0.53225,-0.53327,-0.46559,-0.12312,-0.35426,-0.6608,-0.61134,-0.45791,-0.34149,-0.50433,-0.05898,-0.47191,-0.35962,-0.36073,-0.04004,-0.29279,-0.53781,-0.47116,-0.56841,-0.65456,-0.47717,-0.30228,-0.74044,-0.62391,-0.3146,-0.49116,-0.3078,-0.16276,-0.35297,-0.35322,-0.523,-0.39252,-0.43813,-0.69821,-0.18409,-0.84733,-0.2291,-0.39122,-0.53404,-0.2308,-0.53199,-0.41877,-0.5102,-0.43121,-0.56592,-0.57515,-0.36469,-0.23822,-0.76767,-0.56185,-0.4037,-0.78208,-0.54531,-0.80332,-0.07791,0.53911,-0.33404,-0.73898,-0.38834,-0.50463,0.92186,-0.7152,-0.49133,-0.57136,-0.46176,-0.60352,-0.76064,0.08526,-0.3231,-0.41073,-0.79699,-0.79056,-0.74235,-0.13543,-0.37675,0.59207,after Th
-0.35181,-0.23154,-0.4368,-0.00938,-0.28144,0.04213,-0.34749,-0.65181,-0.02604,0.15385,-0.34699,-0.36926,-0.37345,-0.04949,-0.11075,-0.63312,-0.36623,-0.56114,0.00917,-0.03353,0.52799,-0.51038,-0.53994,-0.42488,-0.68311,-0.18927,0.17743,-0.25487,-0.11949,-0.43688,-0.28695,0.10226,-0.41336,-0.14965,-0.61372,-0.28308,-0.10455,-0.48873,-0.19438,-0.45187,-0.52972,-0.16435,-0.5745,-0.45054,-0.50522,-0.22855,-0.44069,-0.32686,-0.51152,-0.02002,-0.81267,-0.59077,0.33087,-0.40007,-0.67358,-0.46067,-0.33078,-0.59257,-0.0337,-0.43731,-0.52766,-0.3589,-0.29336,-0.8098,-0.49263,0.58298,-0.78544,-0.16917,-0.4218,-0.43256,-0.33368,-0.48349,-0.77304,-0.6989,-0.34094,-0.63364,-0.38211,-0.48427,-0.65081,-0.7271,-0.44164,-0.02037,-0.38105,-0.48234,0.13297,-0.53092,0.29396,-0.54457,-0.4577,-0.45608,-0.41114,-0.76521,-0.65012,0.27866,-0.59919,-0.34304,-0.03183,-0.52968,-0.40947,-0.49695,after Th
-0.30509,-0.65088,0.04062,2.1973,2.08677,6.76039,-0.2938,1.35205,-0.36809,3.14827,0.08582,3.64009,-0.52135,-0.27851,6.08462,-0.54144,0.23784,-0.49144,0.02912,5.7246,-0.4478,0.13447,-0.20635,1.73222,-0.54636,0.65274,-0.49487,-0.70495,1.2675,1.61987,-0.72996,-0.29489,3.04142,5.63292,0.77895,-0.57659,6.0219,-0.14379,0.07422,0.80916,-0.5134,-0.56377,-0.87453,-0.11451,0.55266,2.04704,2.51854,-0.20989,-0.41862,3.96224,-0.66141,-0.5721,6.28565,-0.17454,3.86076,-0.62709,-0.38343,0.17545,-0.25136,1.10314,-0.44411,-0.05385,2.56327,0.087,0.18659,0.02512,-0.69193,6.97937,2.61763,2.81307,-0.11425,-0.22523,0.58857,0.54554,4.48394,1.96201,2.24923,3.74709,2.34114,-0.74755,0.12221,1.48721,6.67562,1.96371,0.85388,1.91762,5.56098,0.65856,-0.40589,0.89481,0.67252,-0.59565,0.46017,-0.42699,3.14531,2.84074,3.52525,-0.51991,-0.43577,-0.742,after Th
-0.35309,-0.32085,-0.68843,-0.89774,-0.81682,-0.35512,0.79976,-0.74081,-0.46547,-0.57527,-0.25605,-0.48668,-0.69559,-0.74241,-0.47885,-0.30895,-0.83516,-0.55985,-0.29278,-0.40705,-0.48189,0.09965,0.11168,-0.30287,-0.61639,-0.36544,-0.50796,-0.68787,-0.16669,-0.5646,-0.8092,-0.35172,-0.38127,-0.50689,-0.6135,-0.63367,-0.38554,-0.5124,0.13035,-0.40222,-0.35676,-0.60971,-0.7963,-0.6432,-0.66547,-0.34168,-0.68844,-0.24144,-0.5417,-0.46516,-0.49133,-0.53136,-0.34459,-0.47634,-0.81696,-0.42473,-0.17297,-0.80502,-0.69719,-0.61289,-0.532,-0.36878,-0.19561,-0.55392,-0.60171,-0.50674,-0.26989,-0.44659,-0.43077,-0.5958,-0.71636,-0.21559,-0.73819,-0.61247,-0.19582,-0.54133,-0.5428,-0.8123,-0.54882,-0.69799,-0.32392,-0.79188,-0.36339,-0.56654,-0.75982,-0.5749,-0.46834,-0.4356,-0.4636,-0.72565,-0.40821,-0.42255,-0.81336,-0.43863,-0.43888,-0.70654,-0.90614,-0.53092,-0.48628,-0.80917,after Th
-0.28155,-0.30425,-0.52615,-0.77172,-0.87404,-0.2929,-0.01928,-0.92157,-0.10629,-0.52997,-0.26162,-0.29735,-0.68927,0.08807,-0.40458,-0.44142,-0.21753,0.08452,-0.21043,-0.33725,-0.03421,-0.16568,-0.54581,-0.75967,0.19237,-0.39706,-0.47773,-0.34739,-0.33314,-0.52091,-0.51431,-0.37465,-0.37674,-0.38849,-0.70767,-0.3935,-0.36029,-0.42781,-0.22959,-0.69814,-0.68874,-0.65914,-0.94885,-0.17283,-0.41075,-0.26096,-0.63329,-0.3356,-0.51183,-0.37631,0.37855,-0.42215,-0.3329,-0.63514,-0.27646,-0.42715,-0.38601,-0.66305,-0.46505,-0.82151,-0.52621,-0.51716,-0.49156,-0.54218,-0.59407,-0.39508,-0.41117,-0.34057,-0.85569,-0.54179,-0.66412,-0.6379,-0.38261,-0.72806,-0.42684,-0.40558,-0.49953,-0.43902,-0.68006,-0.52755,-0.44655,-0.57389,-0.26198,-0.74164,-0.65521,-0.75014,-0.47365,-0.49134,-0.44678,-0.47002,-0.27282,-0.06654,-0.44796,-0.34801,0.25072,-0.53608,-0.68983,-0.27054,-0.39926,-0.57808,after Th
2.47228,3.21794,2.42275,-0.54646,1.52318,-0.31095,0.04389,3.44671,-0.20902,-0.44248,-0.31626,0.24431,-0.44443,1.58929,-0.26559,-0.43363,2.09313,1.15528,-0.10252,-0.41121,-0.66374,2.82473,0.13437,1.28142,3.39921,-0.17932,0.22362,0.23777,-0.11912,1.05484,1.19073,0.14097,-0.0764,-0.21188,0.87121,0.87018,-0.30957,-0.07027,0.77512,0.23728,0.4665,-0.52468,1.4565,-0.10666,-0.00769,-0.26497,0.914,-0.14509,-0.26173,-0.2659,3.65806,1.54883,-0.3341,3.84337,0.72765,1.89612,-0.18352,1.7786,-0.14253,0.15898,0.39443,1.60065,-0.34499,2.62064,0.3655,-0.58106,1.04113,-0.36155,2.12382,-0.00925,0.11595,0.01558,1.79036,0.18019,-0.35034,0.52483,0.01881,1.59403,1.58592,0.55505,-0.20549,-0.355,-0.37616,0.17708,-0.67729,0.77667,-0.00163,-0.0817,-0.15774,-0.73003,0.89821,2.73094,1.68593,0.27578,1.84093,0.12608,-0.18836,-0.52152,0.29536,2.16001,after Th
-0.3527,-0.2949,-0.33601,-0.20094,-0.53452,-0.35592,-0.41366,-0.48865,-0.37337,-0.32465,-0.34766,-0.35743,-0.48875,-0.38827,-0.46774,-0.39368,-0.54633,-0.5694,-0.32124,-0.40379,-0.49187,-0.10785,-0.24793,-0.4655,-0.65075,-0.30154,1.28711,-0.51663,-0.34842,-0.56865,0.19147,-0.45475,-0.3855,-0.48897,-0.54884,-0.65301,-0.3399,-0.47599,-0.50743,-0.59604,-0.67242,-0.64014,-0.48163,-0.6432,-0.67236,-0.21649,-0.68186,-0.5761,-0.44637,-0.44896,-0.22995,-0.45062,-0.36015,-0.42513,-0.68079,-0.2482,-0.42902,-0.39507,-0.4885,-0.32354,-0.06598,-0.12117,-0.49726,-0.71607,-0.64231,-0.47821,-0.26792,-0.43443,-0.51212,-0.61363,-0.68677,-0.5556,-0.56199,-0.52936,-0.32381,-0.85685,-0.51656,-0.65273,-0.09499,0.2582,-0.44377,-0.79379,-0.39123,-0.81992,-0.02507,-0.75532,-0.52016,-0.65542,-0.40982,-0.63676,-0.77669,0.15221,-0.42563,1.14697,-0.76103,-0.68312,-0.59317,-0.22005,-0.547,-0.02114,after Th
-0.34764,1.15412,0.32401,0.74908,1.20947,-0.29509,-0.3931,-0.25233,0.13614,0.50849,-0.32183,1.21542,0.73251,2.09221,-0.34676,4.35538,0.81971,-0.53894,-0.12486,-0.36885,0.59561,1.25045,-0.17509,0.56674,-0.20264,-0.12281,-0.39137,4.00366,-0.32084,0.51439,0.08765,1.94791,-0.19758,-0.29462,5.54453,1.21157,-0.33737,2.22708,0.77749,2.35253,2.01733,2.36556,1.94646,0.66465,1.05395,0.16662,-0.51648,0.06338,0.73725,-0.34237,-0.03598,-0.5761,-0.28016,0.71533,0.18122,0.41385,-0.23452,0.57983,4.23303,0.65613,0.98359,0.03857,-0.0143,1.97741,0.88279,5.93955,0.46219,-0.17545,0.24413,-0.42637,1.3298,3.46327,2.02971,1.03162,-0.46883,0.86649,0.92152,-0.52142,2.1871,1.32942,-0.3831,1.44209,-0.32117,1.21541,2.76365,0.28776,-0.47097,1.64123,-0.33676,1.27319,-0.41076,-0.38083,1.93956,-0.24726,-0.27081,2.38402,0.70292,5.54976,-0.11513,0.58511,after Th
-0.35258,-0.72269,-0.80101,-0.13388,-0.48171,-0.35748,-0.40034,-0.31737,-0.47204,-0.64978,-0.31597,-0.53214,-0.6895,-0.76875,-0.43874,-0.45034,-0.7464,-0.56906,-0.34152,-0.40569,-0.67381,-0.73782,-0.57104,-0.81183,-0.53868,-0.24296,1.60012,-0.75523,-0.34159,-0.69565,-0.09144,-0.06345,-0.36059,-0.46506,-0.51729,-0.55712,-0.37292,-0.5096,-0.9877,-0.42405,-0.78694,-0.30374,-0.59101,-0.61095,-0.58088,-0.34671,-0.66765,-0.62319,-0.37949,-0.48104,-0.72832,-0.57009,-0.35332,-0.69724,-0.5081,-0.7513,-0.48055,-0.91153,-0.62441,-0.51195,-0.47178,-0.8564,-0.54623,-0.71335,-0.66806,-0.58932,-0.14887,-0.44078,-0.27593,-0.51766,-0.52297,-0.50715,-0.65068,-0.7001,-0.21985,-0.585,-0.41383,-0.81128,-0.65097,-0.37533,-0.37683,-0.43647,-0.39203,-0.71436,-0.84901,-0.61887,-0.22947,-0.6294,-0.45623,-0.37742,-0.726,-0.6032,-0.66182,1.4442,-0.67895,-0.7177,-0.41209,-0.32574,-0.11683,-0.91613,after Th
-0.34635,-0.7374,-0.51839,-0.22501,-0.39308,-0.34227,-0.39801,-0.74113,-0.13757,-0.63939,-0.34228,-0.49882,-0.47481,-0.52851,-0.36374,-0.61226,-0.49024,-0.57061,-0.29055,-0.37916,-0.52719,-0.4987,-0.51597,-0.63243,-0.6308,-0.47605,-0.41179,-0.48353,-0.33886,-0.49179,-0.81943,-0.46797,-0.35671,-0.42462,-0.73443,-0.31122,-0.36181,-0.49153,-0.84924,-0.2884,-0.53321,-0.15208,-0.36182,-0.66208,-0.31551,-0.31524,-0.67843,-0.58241,0.63558,-0.45061,-0.73256,-0.55738,-0.32349,-0.36548,-0.81199,-0.8222,-0.39126,-0.39815,-0.48298,-0.86475,-0.06291,-0.7354,-0.50691,-0.68225,-0.79322,-0.45737,-0.58729,-0.38927,-0.07582,-0.48147,0.3797,0.26417,-0.71946,-0.52982,0.54009,-0.43706,-0.58553,-0.57622,-0.66773,-0.63052,-0.45306,-0.71679,-0.39553,0.09132,-0.60655,-0.65811,-0.52231,-0.13123,-0.21287,-0.72113,-0.51062,-0.7919,-0.69869,-0.33098,-0.50588,-0.64241,-0.70489,0.14392,-0.11305,-0.9232,after Th
-0.35274,-0.67336,-0.8839,0.10971,-0.61455,-0.0917,-0.36305,-1.03077,-0.14834,0.5274,-0.20112,-0.25809,-0.59971,-0.71778,-0.23172,-0.62687,-0.30432,-0.56329,-0.17747,-0.15402,0.96278,-0.87512,-0.3468,-0.85584,-0.66761,0.01587,-0.21148,0.38799,-0.34271,-0.4271,0.7698,1.59555,-0.40235,-0.27123,-0.47804,-0.56246,-0.35042,-0.09674,-0.17169,-0.24474,-0.80772,-0.21739,-0.65983,-0.30617,-0.56647,-0.24543,0.55365,0.46285,-0.50974,-0.19021,-0.82849,-0.58554,-0.22946,-0.48751,-0.75961,-0.57257,0.05887,-0.81088,-0.56939,-0.20994,-0.29149,-0.54908,-0.3286,-0.83818,-0.56415,1.26175,-0.18833,-0.22281,-0.89112,-0.6083,-0.38012,-0.38571,-0.94084,-0.40788,-0.18245,-0.7878,-0.41542,-0.812,-0.70068,-0.71075,-0.39642,-0.12979,-0.39593,-0.36056,0.48809,-0.05799,-0.49116,-0.35656,-0.41105,-0.78836,-0.62308,-0.7204,-0.58862,-0.17416,-0.39415,-0.04063,-0.09261,-0.4763,-0.30335,-0.36655,after Th
-0.33991,-0.72307,-0.62142,-0.44522,-0.38947,-0.33408,0.09641,-0.77633,0.20244,-0.63398,-0.33162,-0.52743,-0.69658,-0.74241,-0.45003,-0.63453,-0.39513,-0.56545,-0.31152,-0.36985,-0.47747,-0.86413,5.39065,-0.48196,-0.61499,-0.48014,-0.50808,-0.30663,-0.31128,-0.18576,-0.57108,-0.30752,-0.38729,-0.45946,-0.71816,-0.11785,-0.36874,-0.48705,-0.6724,-0.70067,-0.78024,-0.10662,-0.58884,-0.39239,-0.21024,-0.31963,0.33236,-0.58678,-0.44011,-0.4443,-0.81982,-0.41992,-0.33014,-0.53,-0.56913,-0.67897,0.29344,-0.70627,-0.68029,-0.89763,-0.45496,-0.79803,-0.38927,-0.57077,-0.59351,-0.50573,-0.7854,-0.40574,-0.73519,-0.5419,-0.60324,-0.4282,-0.53621,-0.4863,-0.43847,-0.77175,-0.46117,-0.80189,-0.7097,-0.78329,6.37904,-0.34343,-0.36977,-0.78156,-0.75293,-0.77196,-0.45632,-0.50341,3.10013,-0.51895,-0.73899,-0.79677,-0.71948,-0.42046,-0.70665,-0.74563,-0.66829,-0.3748,-0.23374,-0.80953,after Th
-0.34569,3.82435,1.30262,1.38904,1.83949,-0.36594,2.74209,1.32836,-0.4115,2.01536,0.35481,-0.47324,1.59667,2.28611,0.08533,1.43144,1.05983,-0.11263,0.02456,-0.38163,0.19952,1.66798,2.75592,1.75253,-0.49601,2.63608,-0.16158,1.1441,-0.21861,1.11475,2.36775,-0.37932,-0.21528,-0.01532,-0.18048,0.3737,-0.21285,0.1835,0.18702,0.24713,0.51337,0.04877,1.39029,-0.56617,0.10777,-0.31039,1.36058,-0.24459,3.40598,-0.27358,2.30481,-0.48433,-0.29226,0.61482,0.74415,0.85276,-0.40417,0.68209,0.42179,-0.36152,-0.09691,2.10042,-0.34367,1.80457,-0.32598,1.38849,1.43889,-0.25941,2.19423,-0.12815,0.40986,3.71507,1.43352,0.59329,-0.2138,1.2349,0.08356,0.86295,-0.31502,-0.46898,0.15606,-0.63278,0.06122,0.80454,1.14073,0.62546,-0.46484,0.24947,-0.4065,1.07132,2.2412,-0.71165,0.52802,-0.32781,-0.78626,0.8661,0.01708,-0.11244,-0.48363,1.41069,after Th
-0.35171,-0.70089,-0.91906,-0.28808,-0.66837,-0.24936,-0.41258,-0.77606,-0.28459,-0.5892,-0.33892,-0.47386,-0.05968,-0.78046,-0.48828,0.91436,-0.67025,-0.23973,-0.31656,-0.3972,-0.54216,-0.86195,-0.56025,-0.65644,-0.55777,-0.56268,-0.4189,0.02629,-0.32171,-0.62523,-0.60505,-0.46715,-0.27774,-0.5179,-0.39471,-0.58353,-0.38314,-0.38958,-0.81914,-0.57394,-0.59737,-0.23326,-0.34226,-0.66626,-0.52621,-0.19204,-0.59942,-0.60377,-0.53434,-0.47697,-0.5967,-0.59145,-0.34757,-0.65775,-0.41759,-0.42825,0.37984,-0.75931,-0.22738,-0.18035,-0.51012,-0.62681,-0.46465,-0.93512,-0.65895,-0.09725,-0.52,-0.42777,-0.86837,-0.04197,-0.64727,-0.03622,-0.49313,-0.68409,-0.49223,-0.73443,-0.46093,-0.79773,-0.65532,-0.58172,-0.43832,-0.39583,-0.39603,-0.80121,0.04384,-0.49268,-0.50656,-0.40442,-0.4512,-0.8414,-0.77873,-0.36342,-0.26823,-0.37528,-0.79554,-0.82927,-0.81998,-0.32652,-0.43161,-0.77169,after Th
0.43533,-0.65367,0.30867,-0.28479,0.00926,-0.32102,-0.40842,-0.34239,-0.1996,-0.44601,-0.29475,-0.52737,-0.67991,-0.78509,-0.42646,-0.59372,-0.53749,-0.15041,-0.28577,-0.36526,-0.34403,-0.85062,-0.46646,-0.52735,0.24915,-0.45806,-0.39057,-0.41294,-0.32209,-0.43259,-0.182,-0.28495,-0.34928,-0.43347,-0.78239,-0.50111,-0.36862,-0.37249,0.60862,-0.67191,-0.65791,-0.64291,-0.47932,-0.50117,-0.39979,-0.29685,-0.49339,-0.23076,-0.53301,-0.39693,-0.5082,0.17415,-0.32576,-0.48751,-0.53645,-0.59192,-0.41424,-0.45397,-0.75617,-0.65333,-0.47269,-0.55242,-0.43173,-0.69587,-0.6865,-0.41369,-0.57842,-0.32655,-0.49747,-0.05577,-0.71919,-0.51602,-0.64463,-0.7749,-0.42247,-0.56223,-0.542,-0.55185,-0.66241,-0.75839,-0.3876,-0.3305,-0.38016,-0.60879,-0.70168,-0.64841,-0.3838,-0.47418,-0.39926,-0.73563,-0.44197,-0.54191,-0.65997,-0.32304,-0.34767,-0.7438,-0.59253,0.52662,-0.45544,-0.75867,after Th
0.60754,-0.31836,0.78523,-0.32895,0.4178,0.07139,-0.23728,0.35012,0.73302,-0.60738,-0.15349,-0.21734,-0.17521,2.01904,-0.20746,-0.11113,1.3069,3.08804,-0.26038,-0.36069,0.01363,-0.5657,-0.43678,-0.2584,4.11604,-0.23286,-0.06378,-0.51031,-0.13365,0.8493,1.64116,0.04636,0.53365,-0.22102,0.31978,0.29355,-0.28919,-0.39574,1.69815,0.36614,2.68632,0.68838,0.5858,2.75016,3.59894,-0.17517,0.09693,3.70858,-0.52466,-0.19494,0.64634,5.62907,-0.22058,-0.36167,0.08078,1.52085,0.65764,1.3666,-0.19237,2.70918,-0.04266,-0.35142,0.69713,0.94271,1.07363,-0.12871,-0.08862,-0.06528,-0.24466,3.62774,-0.25157,0.5239,1.67522,0.33839,-0.3531,0.94649,0.22835,-0.634,1.91809,-0.62966,0.65499,1.62836,-0.31957,1.68584,-0.47496,-0.17316,-0.40585,0.84629,1.04482,0.02339,2.11103,0.92893,-0.3916,-0.2564,0.94323,0.10105,-0.14463,-0.50591,-0.38015,0.3419,after Th
-0.35343,-0.39493,-0.46681,-0.34034,-0.65496,-0.37888,-0.38461,-0.29119,-0.47813,-0.78122,-0.30214,-0.3438,-0.71661,-0.79509,-0.48398,-0.11409,-0.467,-0.57199,-0.33712,-0.39642,-0.58755,-0.16775,-0.50709,-0.09162,-0.4666,-0.40843,-0.31987,-0.17458,-0.33327,-0.70782,0.05777,-0.13011,-0.40342,-0.49519,0.8874,-0.16573,-0.37324,-0.52416,-0.1394,-0.55956,-0.79098,-0.1332,-0.67345,-0.53124,-0.66719,-0.3346,-0.58164,-0.6659,-0.46926,-0.47516,-0.56568,-0.11376,-0.35175,-0.50984,-0.67951,-0.37768,-0.47182,-0.77352,-0.69167,-0.24183,-0.46545,-0.07696,-0.54207,-0.56203,-0.63489,-0.47879,-0.22119,-0.43214,-0.87843,-0.60765,-0.55978,-0.57853,-0.85408,-0.73002,-0.49204,-0.65492,-0.59917,-0.81533,-0.39816,0.55824,-0.34801,-0.79555,-0.29901,-0.58805,-0.01481,-0.81969,-0.52039,-0.56096,-0.42246,-0.48268,-0.78548,-0.24702,-0.55344,-0.21302,-0.1854,-0.55925,-0.83437,0.18504,-0.51957,-0.65434,after Th
-0.35308,0.10747,-0.6799,-0.54306,-0.35466,1.68293,-0.35023,-0.6772,-0.38827,0.13639,-0.33815,0.12961,0.01891,-0.70192,0.33954,-0.60499,-0.25098,-0.46958,-0.08131,0.30667,-0.62965,-0.33723,-0.00242,-0.13747,-0.69193,-0.20323,-0.51869,-0.74505,-0.31153,-0.07547,-0.67033,-0.1342,0.05126,0.32626,-0.56638,-0.67661,0.07133,-0.04324,0.47423,-0.70706,-0.49569,-0.6411,-0.91336,-0.55982,-0.53373,1.55022,1.64003,0.30365,-0.56843,0.13403,-0.85725,-0.58329,-0.11705,-0.65911,-0.19956,-0.84506,0.61683,-0.29193,-0.26274,-0.40706,-0.549,-0.38294,1.54949,-0.74774,-0.38895,-0.54448,-0.70492,1.33923,-0.39796,-0.49212,-0.69314,-0.67671,-0.55972,-0.66429,0.87494,-0.72932,-0.54802,-0.60234,-0.7147,-0.72948,-0.28622,0.76796,-0.38594,-0.77891,-0.03064,-0.40649,-0.45043,-0.38998,-0.45734,-0.44384,-0.53202,-0.78218,-0.19658,-0.41351,-0.35166,0.53965,-0.27004,-0.50116,-0.16545,-0.77908,after Th
-0.20866,-0.10745,-0.55965,-0.31709,-0.45069,-0.29816,-0.40617,-0.37881,-0.19981,-0.39977,-0.34027,-0.42586,-0.7061,-0.36949,-0.37496,-0.545,-0.67462,-0.19886,-0.23877,-0.32551,-0.12696,-0.39483,-0.41774,-0.59135,0.29117,-0.31577,-0.42703,-0.10238,-0.29675,-0.58727,-0.28459,0.03537,-0.38859,-0.41807,-0.59727,-0.47418,-0.38064,-0.24785,0.15796,-0.50139,-0.69683,-0.60273,-0.55929,-0.53325,-0.36376,-0.28526,-0.03968,-0.52344,-0.55162,-0.39399,-0.23275,-0.4281,-0.31874,-0.38754,-0.5552,-0.57378,-0.4069,-0.52357,-0.75376,-0.37927,-0.56112,-0.54775,-0.46987,-0.61466,-0.71675,0.42849,-0.50543,-0.35343,-0.54186,-0.54396,-0.68847,-0.58251,-0.76935,-0.63861,-0.40576,-0.69386,-0.3309,-0.41321,-0.63083,-0.53049,-0.42033,-0.5103,-0.31148,-0.63437,-0.37207,-0.28338,-0.39559,-0.49427,-0.46335,-0.92346,-0.41165,-0.33637,-0.45091,-0.37821,0.07026,-0.55285,-0.57313,-0.53194,-0.43671,-0.63901,after Th
3.76803,-0.21773,0.85588,2.92781,-0.65176,0.06411,0.07652,0.74679,0.12707,1.11666,0.68458,0.07914,0.95329,0.9027,0.35807,-0.00399,1.05829,1.54287,0.11848,-0.05744,2.31827,0.48066,-0.19207,0.70906,2.18323,0.37529,0.17857,0.57183,-0.28954,-0.14923,1.16577,0.37252,0.18017,0.32164,1.03483,0.31929,-0.20945,1.06986,2.06149,-0.329,1.81563,0.59348,1.52589,-0.05553,0.65167,-0.09877,-0.09077,-0.38729,-0.27856,0.19042,3.16806,0.17051,-0.26688,2.75085,2.52377,1.42808,0.04725,0.79681,-0.32224,2.14248,-0.315,-0.39523,0.05542,1.48222,-0.05856,0.30446,0.2747,0.08933,2.34054,-0.12315,0.10024,0.49433,1.3445,0.58135,-0.04513,0.37665,0.83437,1.11653,2.12555,0.85018,-0.17028,1.08799,0.11182,1.21853,0.80683,-0.35392,-0.15152,-0.02812,-0.39066,0.581,1.3249,2.01485,1.08164,0.17186,2.04866,1.17494,0.54326,-0.51427,0.26661,0.7754,after Th
-0.3108,-0.06913,3.51672,0.08328,-0.28924,-0.13367,4.66702,0.66733,0.72936,0.86094,-0.0927,-0.35322,-0.11984,2.33928,-0.14983,1.29372,3.27976,-0.51037,-0.29801,-0.25221,-0.53397,0.39763,-0.15081,0.72429,-0.34528,0.10317,0.13417,-0.43515,-0.14359,1.18112,-0.08093,-0.28121,0.0831,0.08273,0.31456,0.15073,-0.2536,2.16714,1.01374,-0.26843,1.17399,5.08777,1.0749,2.54447,1.74996,-0.27232,-0.13633,0.59366,0.2982,-0.1275,0.19187,-0.51531,-0.20728,0.59031,0.89954,0.21292,-0.07885,2.50604,3.54142,1.45085,0.44886,1.12305,-0.34304,2.82075,1.69752,-0.43082,0.48083,-0.12832,1.3645,-0.33779,3.20139,2.01198,0.68188,3.66283,5.11334,2.20923,-0.08808,2.13592,-0.02595,0.15175,-0.03072,1.81802,-0.29292,2.2896,0.23515,-0.19763,-0.34914,0.9434,0.87525,0.05991,0.47433,-0.67029,-0.54305,0.15939,0.08693,1.16444,1.37495,1.31295,1.12845,2.0585,after Th
-0.34791,0.00208,0.66059,-0.43489,-0.32765,-0.23798,-0.29863,-0.5961,-0.23441,1.07167,-0.33153,-0.04566,-0.7272,-0.67875,0.17979,-0.60542,-0.26761,-0.56768,-0.20299,0.17779,0.71511,0.21211,-0.43044,-0.11424,-0.68022,-0.19457,-0.48826,-0.51007,-0.32855,-0.07285,-0.36296,-0.46575,-0.42829,0.14703,-0.78892,-0.21493,0.02396,-0.48607,0.6133,-0.39889,-0.49108,-0.61945,-0.54755,-0.60811,-0.58307,-0.18494,0.23123,-0.62853,-0.42059,0.10536,-0.50395,-0.5914,-0.0235,-0.28404,-0.5387,-0.52904,-0.41895,-0.60957,-0.6263,-0.6073,-0.56166,0.44992,-0.25994,-0.895,-0.58237,-0.2614,-0.33776,0.0374,-0.17948,-0.55668,-0.68946,-0.70487,-0.82755,-0.88716,-0.33308,-0.50363,-0.20828,0.20504,-0.11586,-0.63376,-0.3673,-0.53959,-0.39772,-0.82678,-0.25612,-0.631,-0.47371,-0.35251,-0.45414,-0.5263,-0.52794,-0.71059,-0.63563,-0.40081,-0.72006,0.62906,-0.29199,-0.53231,-0.36559,-0.16576,after Th
-0.34983,-0.70911,-0.79276,0.25604,-0.7668,0.11391,-0.26225,-0.54871,-0.45504,-0.1691,-0.03517,-0.32374,-0.65683,-0.71144,0.26131,-0.60025,-0.57317,-0.50151,-0.14132,0.03014,-0.6498,-0.83573,0.1047,-0.30933,-0.68882,-0.43444,-0.51289,-0.5427,-0.12881,0.09879,-0.8438,-0.44587,-0.16981,0.36886,-0.04632,-0.36536,-0.35756,-0.48999,-0.96879,-0.50858,-0.72166,-0.60755,-0.95552,-0.08109,-0.40872,-0.33915,-0.60718,-0.59989,-0.54121,0.33766,-0.6712,-0.52565,-0.33302,-0.64467,-0.43809,-0.7192,-0.2928,-0.37207,-0.66683,-0.3824,-0.11644,-0.38334,-0.31417,-0.68553,1.17562,-0.64323,-0.65898,-0.00341,-0.25297,-0.40018,-0.57124,-0.74009,-0.31853,-0.28368,-0.31415,-0.52167,-0.25299,0.24357,-0.02434,-0.78785,-0.42193,-0.16025,-0.28114,-0.79372,-0.76828,-0.19984,1.27856,-0.59333,-0.42504,-0.35,-0.38376,-0.64497,-0.56313,-0.42276,-0.51132,-0.29004,-0.28885,-0.53035,-0.28727,-0.77043,after Th
-0.33996,-0.18635,-0.70121,-0.28867,2.65557,-0.17158,1.92962,0.54414,-0.39179,-0.00357,-0.03469,-0.10771,1.71235,0.16173,-0.50396,3.8694,1.25733,1.28169,-0.10239,-0.36941,3.72536,0.44378,-0.33109,1.65037,-0.13895,0.26938,0.34514,3.64196,0.06099,4.34813,-0.1871,-0.19572,0.5702,-0.42413,-0.79618,6.1509,-0.35053,-0.16466,-0.97572,1.22129,-0.66307,0.69186,-0.29648,-0.47209,3.36819,-0.31595,-0.58283,0.54658,-0.45962,-0.11033,-0.29687,-0.55936,-0.14013,3.35118,2.02107,3.28792,6.47654,0.44811,0.14774,2.71427,-0.24881,-0.76972,-0.5231,0.94991,2.94959,1.76844,0.78197,-0.25135,-0.73213,2.70841,2.19679,1.34283,-0.98031,-0.77792,-0.45756,0.98705,0.87425,-0.49079,0.41047,3.57627,-0.30664,4.68832,-0.26447,-0.1527,3.272,2.05837,1.02078,1.40808,1.00528,1.5226,2.93842,1.89076,3.68827,-0.40708,2.09129,0.51925,1.34134,-0.46152,2.18967,0.64893,after Th
0.22097,-0.30735,-0.39015,-0.71981,-0.70078,-0.35004,-0.38694,-0.33365,-0.46716,-0.56519,-0.35093,-0.47975,-0.7109,-0.49607,-0.41651,-0.51177,-0.72359,0.56427,-0.31084,-0.38927,-0.58953,-0.11049,-0.2619,-0.41842,-0.01776,-0.47256,-0.49933,-0.37179,-0.36196,-0.69995,-0.51385,-0.27676,-0.35827,-0.4543,-0.58565,-0.47378,-0.38438,-0.39014,-0.13484,-0.64156,-0.67953,-0.64351,-0.51698,-0.5655,-0.43331,-0.3126,-0.6293,-0.64382,-0.53514,-0.41963,-0.20355,-0.18076,-0.33785,-0.18489,-0.64138,-0.30382,-0.43116,-0.69162,-0.77273,-0.38486,-0.56075,-0.30761,-0.48695,-0.66918,-0.64591,-0.16113,-0.45853,-0.4231,-0.58779,-0.23281,-0.62023,-0.58098,-0.65748,-0.76175,-0.46614,-0.63974,-0.4645,-0.43506,-0.31808,-0.48295,-0.39577,-0.60832,-0.40022,-0.69081,-0.75821,-0.50138,-0.48019,-0.5678,-0.47686,-0.65919,-0.44846,0.00784,-0.63039,-0.38898,-0.68352,-0.70276,-0.77558,-0.07801,-0.49271,-0.82638,after Th
-0.33317,-0.37441,-0.80173,-0.66438,-0.87964,-0.37277,-0.40317,-0.99552,-0.40262,-0.61725,-0.13303,-0.52186,-0.69323,-0.15754,-0.47287,0.00168,0.27961,-0.56045,-0.34681,-0.39964,-0.46278,-0.32177,-0.56295,-0.54366,-0.36538,-0.5275,-0.42707,-0.26824,-0.21973,-0.71164,-0.31416,-0.47183,-0.35958,-0.5291,-0.278,-0.42243,-0.37191,-0.47487,-0.85927,-0.49806,-0.58105,-0.28823,-0.36327,-0.5264,-0.53451,-0.34906,-0.71223,-0.61518,-0.38167,-0.48697,-0.63563,0.05758,-0.35644,-0.67926,-0.71748,-0.37252,-0.39484,-0.72912,-0.59112,-0.53578,-0.46346,-0.34661,-0.53858,-0.63514,-0.65434,-0.60539,-0.22204,-0.43681,-0.82617,-0.60102,-0.63835,-0.57757,-0.84476,-0.79635,-0.48657,-0.78755,-0.62909,-0.14316,-0.71897,0.1965,-0.44637,-0.81027,-0.39123,-0.71514,-0.48858,-0.60477,-0.49244,-0.4963,-0.29244,-0.46524,-0.39204,-0.10848,-0.52071,-0.34707,-0.69251,-0.72735,-0.80975,-0.52857,-0.56213,0.11937,after Th
-0.09539,-0.70489,-0.69937,-0.58487,-0.38207,-0.27519,-0.40267,-0.88908,0.00064,-0.41307,-0.33959,-0.37087,-0.69658,-0.59509,-0.38099,-0.37558,-0.93301,0.20929,-0.27485,-0.35702,0.10488,-0.39266,-0.40314,-0.70705,0.01766,-0.33281,-0.39694,-0.63636,-0.35153,-0.40012,-0.3785,-0.24788,-0.38848,-0.41147,-0.65558,-0.42844,-0.37006,-0.36353,-0.81391,-0.5802,-0.52512,-0.64339,-0.71532,-0.43249,-0.41874,-0.27692,-0.65435,-0.49238,-0.51458,-0.38813,-0.12446,-0.3147,-0.31001,-0.43957,-0.64715,-0.29008,-0.34685,-0.57704,-0.73255,-0.5685,-0.26834,-0.6757,-0.47217,-0.49829,-0.66266,-0.52991,-0.58392,-0.32915,-0.70413,-0.61417,-0.63877,-0.62892,-0.70871,-0.92796,-0.43751,-0.73716,-0.59745,-0.34158,-0.67756,-0.63426,-0.46543,-0.55885,-0.37247,-0.26482,-0.62197,-0.82211,-0.48836,-0.47934,-0.30091,-0.6738,-0.44044,-0.14405,-0.55084,-0.2835,-0.37254,-0.19865,-0.49421,-0.22258,-0.54719,-0.66246,after Th
-0.2999,-0.46138,-0.73593,-0.85664,-0.71398,-0.35611,-0.39526,-0.15267,-0.46804,-0.25118,-0.32193,-0.46816,-0.69582,-0.27314,-0.47547,-0.57772,-0.76732,0.11928,-0.31449,-0.3901,-0.69331,-0.78591,-0.33918,-0.85399,0.45924,-0.51634,-0.46459,-0.67964,-0.13738,-0.73957,-0.79004,-0.43967,-0.33668,-0.47035,-0.57212,-0.61287,-0.3449,-0.45204,-0.53461,-0.59005,-0.50685,-0.61861,-0.44599,-0.35128,-0.25708,-0.33181,-0.51354,-0.61688,-0.51034,-0.44761,-0.20458,-0.06056,-0.32962,-0.34206,-0.32596,-0.23336,-0.31867,-0.85674,-0.68494,-0.44208,-0.47395,0.07169,-0.23447,-0.64478,-0.73925,-0.46268,-0.45854,-0.42562,-0.17139,-0.21651,-0.44128,-0.61718,-0.59239,-0.74317,-0.49544,-0.86183,-0.60347,-0.56062,-0.32799,-0.5398,-0.44483,-0.64063,-0.33294,-0.42558,-0.87619,-0.76932,-0.46811,-0.56759,-0.19764,-0.80066,-0.30912,-0.14396,-0.76899,-0.42368,-0.72702,-0.78075,-0.88296,0.22704,-0.55003,-0.62877,after Th
-0.34414,2.54951,2.55973,0.25933,2.28884,-0.23583,-0.29696,1.12469,0.10391,0.71973,-0.17442,-0.21715,0.83212,-0.21266,0.16154,-0.29579,1.73372,-0.49531,-0.23545,-0.27393,0.94771,3.89192,-0.33982,0.71814,1.01873,0.25069,0.04274,0.12704,-0.14322,-0.48487,2.50919,-0.35874,-0.27268,0.0678,-0.01046,0.11099,0.08425,-0.31479,3.73529,0.9862,1.47221,-0.13055,1.68004,0.84762,1.59159,-0.21473,-0.72798,-0.03709,0.12482,-0.15803,1.9931,-0.48886,-0.24369,-0.40933,0.16568,0.84759,-0.40475,1.14962,0.49199,0.47693,1.07636,0.1792,-0.31781,0.96647,-0.5384,-0.22927,1.96116,-0.11076,0.79918,-0.56331,1.45863,0.72905,1.54597,0.84547,-0.34945,0.95968,-0.04464,-0.21063,-0.24412,0.3556,-0.32019,-0.12085,0.09575,1.34857,-0.16307,0.58258,0.56381,-0.07911,-0.3693,1.62441,-0.2355,0.19159,1.076,0.37276,0.10332,0.00253,0.00931,1.55328,-0.46849,3.85504,after Th
-0.25161,0.16004,0.1014,-0.74142,-0.38527,-0.35253,-0.35523,-0.59928,-0.33375,-0.78008,-0.33374,-0.5174,-0.14383,-0.30851,-0.44145,-0.5761,-0.64675,0.05534,-0.32391,-0.40473,-0.65705,0.00518,-0.50725,-0.44073,0.04398,-0.48865,-0.28383,-0.59383,-0.32519,-0.75032,-0.40529,-0.37196,-0.38234,-0.44734,-0.46072,-0.51578,-0.36287,-0.47711,0.13619,-0.34964,-0.61188,-0.49461,-0.4092,-0.60059,-0.56662,-0.33605,-0.71125,-0.59164,-0.51567,-0.44493,0.26475,-0.26215,-0.34159,-0.09146,-0.50522,-0.22357,-0.48569,-0.49163,-0.66873,-0.36694,-0.49891,-0.81927,-0.47384,-0.57782,-0.54785,-0.59277,-0.45335,-0.42499,-0.51212,-0.58004,-0.62773,-0.7017,-0.46726,-0.67306,-0.47989,-0.53946,-0.56918,-0.44948,-0.46511,-0.57276,-0.30971,-0.491,-0.32117,-0.3077,-0.81565,-0.75334,-0.50691,-0.57527,-0.24381,-0.41122,-0.40579,-0.19478,-0.35907,-0.30083,-0.42946,-0.81515,-0.88032,-0.16641,-0.52279,-0.00715,after Th
-0.1006,0.25125,-0.0341,-0.79392,0.35018,-0.34527,-0.40758,-0.80061,-0.39612,-0.39073,-0.33114,-0.52651,-0.50459,-0.30144,-0.40141,-0.51038,-0.50645,-0.22657,-0.26141,-0.37632,-0.60036,-0.04452,-0.54486,-0.29056,-0.03378,-0.46567,-0.23202,-0.36723,-0.33476,-0.47579,-0.51016,-0.1825,-0.3222,-0.42977,-0.30807,-0.22467,-0.37772,-0.47781,1.67863,-0.66739,-0.03147,-0.27415,-0.58218,-0.65423,-0.41921,-0.33487,-0.74163,-0.34773,-0.5277,-0.4398,0.26318,-0.31953,-0.33654,-0.12115,-0.65676,-0.22193,-0.4024,-0.52181,-0.38536,-0.83993,-0.48064,-0.68705,-0.51472,-0.17342,-0.55403,-0.36354,-0.58733,-0.42328,-0.2639,-0.58548,-0.6661,-0.67861,-1.03994,-0.4514,-0.4494,-1.02047,-0.60374,-0.68202,-0.66419,-0.49343,-0.44098,-0.68614,-0.37287,-0.68239,-0.68835,-0.44506,-0.52937,-0.52057,-0.35972,-0.85493,-0.56946,-0.47898,-0.48599,-0.07916,-0.33513,-0.73378,-0.81535,-0.23207,-0.40588,-0.0588,after Th
-0.35128,-0.58661,-0.70852,-0.84442,-0.78921,-0.3806,-0.31785,-0.76785,-0.44312,-0.68625,-0.337,-0.4938,-0.59964,-0.7429,-0.47923,0.50071,-0.32781,-0.42397,-0.29704,-0.41259,-0.7047,-0.5555,-0.562,-0.38764,-0.59521,-0.50661,-0.3527,0.15215,-0.34457,-0.61831,-0.58975,-0.46984,-0.38673,-0.4855,1.0082,-0.2072,-0.35122,-0.42235,-0.92264,-0.5163,-0.56892,-0.33525,-0.68576,-0.59056,-0.4977,-0.33053,-0.75058,-0.57635,-0.37652,-0.46341,-0.60681,-0.15116,-0.34556,-0.64358,-0.69521,-0.39142,-0.43818,-0.46408,-0.61044,-0.46394,-0.20523,-0.55603,-0.54025,-0.28651,-0.74498,-0.51488,-0.51168,-0.40568,-0.51474,-0.54831,-0.1369,-0.67157,-0.75339,-0.54236,-0.49725,-0.51246,-0.67923,-0.79363,-0.63679,-0.35063,-0.36446,-0.84199,-0.38175,-0.17906,-0.64665,-0.42203,-0.51986,-0.5761,-0.45635,-0.46339,-0.76064,0.00532,-0.58012,-0.31131,-0.81048,-0.61309,-0.93653,-0.26109,-0.3253,0.00285,after Th
1.7658,-0.17051,1.01511,-0.11837,2.21522,-0.08941,-0.30054,1.67594,1.15775,0.57291,-0.26632,0.24673,0.07009,0.06637,-0.01837,0.22929,0.20646,3.42443,0.09816,-0.23191,1.14528,1.42085,-0.34759,0.94339,0.534,0.13274,0.24759,0.75582,-0.10384,1.14722,0.82798,-0.33021,0.28099,-0.12788,0.46712,0.08765,-0.32291,-0.4068,1.97058,0.34471,1.51462,-0.42798,2.54653,0.41551,0.17435,-0.10222,0.44952,0.06629,-0.40264,-0.0919,1.86096,3.20178,-0.23934,-0.32163,1.48073,0.86969,-0.25964,4.01645,0.95214,1.01962,-0.17973,-0.54174,0.43035,0.76022,1.60542,-0.24074,1.26391,0.04923,1.18452,1.88787,1.03532,0.37683,0.8401,1.57164,-0.25406,0.44657,1.34272,1.59839,-0.49363,-0.544,-0.11612,0.05026,-0.01913,1.44852,0.09788,-0.19576,-0.02193,0.35753,-0.39103,1.39918,2.02556,4.54829,1.39703,0.09196,1.92039,-0.19307,-0.36974,-0.49647,-0.38526,-0.23748,after Th
-0.34712,-0.16463,-0.25424,-0.64418,-0.40888,-0.33411,-0.40284,-0.7539,-0.28534,-0.76927,-0.33278,-0.48829,-0.51822,-0.69802,-0.43446,-0.20308,0.10089,-0.34816,-0.31358,-0.37858,-0.40053,-0.8284,-0.17588,-0.06331,-0.54326,-0.26995,-0.29707,-0.16193,-0.33389,-0.74459,0.32686,-0.43487,-0.34093,-0.46393,1.03174,0.46371,-0.35892,-0.49433,0.96041,-0.61254,-0.33541,-0.64363,-0.69721,-0.43166,-0.54626,-0.33798,-0.66681,-0.56713,-0.48937,-0.44185,-0.56071,0.07322,-0.3471,-0.31754,-0.83394,-0.31151,-0.40111,-0.56591,-0.18444,-0.28737,-0.51591,-0.41018,-0.52915,-0.92701,-0.78288,-0.41899,-0.27036,-0.42503,-0.39118,-0.60211,-0.64769,-0.55397,-0.86735,-0.39383,-0.41075,-0.86718,-0.62384,-0.43476,-0.72115,-0.22083,-0.38908,-0.70262,-0.34312,-0.388,0.15695,-0.51549,-0.4593,-0.5175,-0.43929,-0.7718,-0.63238,-0.26611,-0.48714,-0.13861,-0.07222,-0.73129,-0.80562,-0.52423,-0.55305,0.89856,after Th
-0.3202,0.64335,1.14855,2.03734,0.62767,-0.37985,0.01892,-0.52215,-0.28032,0.27158,-0.19824,-0.19956,2.59585,1.45782,-0.3371,0.72888,-0.03341,0.19897,-0.14512,-0.38364,-0.06199,2.02241,-0.14319,4.42752,-0.4194,0.01175,-0.23828,0.58263,0.29514,-0.23804,0.79856,-0.19326,0.05058,-0.5207,1.01655,0.15246,-0.19855,-0.09338,-0.70524,-0.48275,2.0868,0.84088,1.07142,3.11409,-0.4449,-0.33157,-0.08804,0.18667,3.047,-0.45417,-0.33339,-0.34855,-0.3307,-0.41097,0.60702,-0.61665,-0.45371,-0.37061,0.67567,-0.65399,-0.33308,1.38723,-0.51467,2.02816,0.05693,0.55435,5.71772,-0.20006,-0.34591,-0.50636,0.37772,0.13082,1.97378,2.08689,-0.34701,1.03321,0.12872,-0.68926,3.47002,0.47249,0.06451,0.22085,-0.29681,1.26531,0.50498,1.51842,-0.42371,2.3586,-0.38281,-0.35633,-0.22467,1.3267,4.2932,-0.30054,-0.73514,-0.18399,1.00906,-0.5104,-0.44958,0.3274,after Th
-0.32862,-0.14901,-0.7723,-0.40459,-0.32225,-0.33043,-0.39585,-0.81396,-0.35827,-0.56852,-0.34296,-0.5205,-0.17727,-0.73461,-0.44567,-0.24855,-0.20535,-0.47388,-0.25702,-0.3776,-0.38179,0.14626,-0.36029,-0.11901,-0.33172,-0.43514,-0.19926,-0.60668,-0.33525,-0.31777,-0.51515,-0.12368,-0.43535,-0.48411,-0.86059,0.06684,-0.34165,-0.49125,-0.5877,-0.42179,-0.63071,-0.61188,-0.92495,-0.67461,-0.38773,-0.33564,-0.34397,-0.54553,-0.43577,-0.40835,-0.61402,0.41402,-0.34372,-0.59619,-0.79677,-0.56345,-0.24293,-0.43375,0.47526,-0.63623,-0.14754,-0.8385,-0.54702,-0.61738,-0.75724,-0.64766,-0.56264,-0.354,-0.85416,-0.6058,-0.38295,-0.58888,-0.76968,-0.80361,-0.46992,-0.36241,-0.57936,-0.69885,-0.57427,-0.3444,-0.37097,-0.73573,-0.358,-0.53161,-0.31118,-0.73295,-0.54355,-0.6541,-0.30913,-0.43442,-0.73542,0.08336,-0.61325,-0.12158,-0.24696,-0.69424,-0.67128,-0.4791,-0.24641,-0.2036,after Th
-0.33991,-0.41658,0.15468,2.67002,1.77787,-0.24036,-0.32301,0.91578,0.65433,-0.59335,0.44662,-0.04603,1.11276,-0.40973,-0.14032,-0.46898,0.81439,0.22169,-0.14932,-0.35747,0.39248,1.01374,-0.24857,-0.2681,-0.21378,-0.28003,-0.19403,1.12341,-0.23215,2.00301,-0.21639,-0.06287,0.0063,-0.10236,1.7158,-0.38376,-0.37551,0.93598,-0.1962,0.80397,-0.33639,1.95748,1.79594,1.04346,0.43502,-0.25316,1.09288,-0.44627,4.08205,-0.41044,0.28009,-0.17754,-0.34693,-0.25489,0.42536,0.53619,-0.1472,0.80443,-0.37571,0.01184,0.10653,0.5573,-0.43405,0.06974,2.27396,0.12098,0.67417,-0.2472,0.38081,-0.13521,4.56473,2.93246,2.2217,1.02135,2.29372,2.49913,0.46586,-0.07974,-0.40638,0.82968,1.05484,-0.36997,-0.2479,2.01127,0.41671,1.21368,-0.27895,2.09497,0.64565,2.19935,1.00151,-0.71642,0.3476,-0.00519,0.21389,-0.43383,-0.29161,0.47414,3.85831,0.07867,after Th
1.00588,-0.15701,-0.7549,-0.88447,-0.29244,-0.35962,-0.41141,0.07908,-0.42023,-0.63076,-0.34276,-0.5034,-0.70321,-0.62583,-0.46155,-0.51761,-0.24703,0.41126,-0.33843,-0.40299,-0.71609,-0.0128,-0.57041,-0.41395,0.22134,-0.58113,-0.48906,-0.57062,-0.34966,-0.68348,-0.53023,-0.36506,-0.35063,-0.46123,-0.55506,-0.51312,-0.36502,-0.49728,-0.76788,-0.71864,-0.73435,-0.63821,-0.39036,-0.62682,-0.38914,-0.34828,-0.73855,-0.54237,-0.53952,-0.46704,0.24898,0.04489,-0.34869,-0.11897,-0.6425,-0.60412,-0.44879,-0.79916,-0.75531,-0.81428,-0.54683,-0.27449,-0.49882,-0.47103,-0.79615,-0.60228,-0.4455,-0.44261,-0.42464,-0.39485,-0.43817,-0.64363,-0.44416,-0.61881,-0.48257,-0.6854,-0.4931,-0.66591,-0.19594,-0.56278,-0.41477,-0.69869,-0.29491,-0.80136,-0.92151,-0.64962,-0.51636,-0.59745,-0.34572,-0.60188,-0.71938,-0.50691,-0.43167,-0.36222,0.51827,-0.62135,-0.83372,-0.5254,-0.55154,-0.84506,after Th
-0.34527,-0.33858,0.0953,0.89248,-0.39428,-0.27016,0.67666,1.19021,6.68528,-0.49381,2.2449,0.73494,4.84493,0.49222,-0.4847,0.58312,-0.63474,0.20818,-0.20653,-0.28074,3.60652,-0.48565,2.29855,2.27519,-0.265,-0.1477,0.12432,1.19,-0.24681,0.60629,-0.87203,-0.07596,0.47702,-0.29237,0.15098,0.06511,-0.13787,-0.14772,1.10617,4.49094,1.77853,1.39304,0.54147,3.0506,0.42045,-0.05136,-0.02442,3.77993,0.65791,-0.06246,-0.75537,-0.11934,-0.17928,0.31738,3.20252,2.11101,-0.17918,-0.28094,2.04353,2.26102,5.7463,4.55694,-0.18681,1.34718,2.1551,0.9126,-0.30331,-0.43157,0.00466,-0.50071,-0.00906,0.14678,-0.64807,1.0765,-0.4374,-0.79265,-0.12886,0.52738,-0.16645,-0.00285,0.56302,-0.19198,1.01353,-0.52225,0.45203,3.59356,-0.48538,1.74141,-0.00622,0.12489,0.83759,-0.7029,1.64991,-0.25682,-0.74268,0.12334,1.16585,-0.48685,-0.01828,-0.111,after Th
-0.3522,-0.70398,-0.88497,0.06555,-0.22842,0.38917,-0.27682,-0.27677,-0.39335,1.01099,-0.33787,-0.1136,0.85208,-0.74436,0.51845,-0.63277,-0.50156,-0.56183,0.08244,0.204,-0.65093,-0.83,-0.52375,0.48597,-0.68952,-0.31311,-0.49933,-0.74243,-0.34333,-0.59873,-0.63391,-0.39874,-0.10361,0.41656,-0.46916,-0.6218,-0.22817,-0.25037,-0.94587,-0.71638,-0.76615,-0.47044,-0.43252,-0.47727,-0.6238,-0.3072,-0.5703,-0.12325,-0.56313,0.19388,-0.86897,-0.58334,-0.10441,-0.64903,-0.60934,-0.8455,-0.44418,-0.62407,-0.68063,-0.64182,-0.52133,-0.76852,-0.44842,-0.92198,-0.61633,-0.51896,-0.67884,1.23879,-0.8909,-0.2753,-0.69413,-0.74539,-0.51412,-0.48978,-0.041,-0.38841,-0.22569,-0.53959,-0.50821,-0.74867,-0.43264,-0.315,-0.36239,-0.8062,-0.06035,-0.77141,-0.438,-0.50313,-0.45979,-0.52641,-0.76013,-0.7824,-0.72227,-0.43754,-0.50914,0.85576,0.35341,-0.53144,-0.08941,-0.84975,after Th
-0.34837,-0.40368,0.55639,1.39304,0.91737,-0.31949,-0.33766,2.22803,-0.3278,0.49581,-0.07685,1.16148,-0.44846,-0.56875,-0.19549,1.68199,0.83592,-0.51648,-0.29808,-0.38295,0.08727,0.71599,-0.53867,0.41042,-0.26291,-0.45151,6.26031,-0.21306,0.09379,0.30098,1.50036,-0.39581,0.07926,-0.15,-0.12295,-0.19333,-0.28399,-0.36717,-0.25458,0.82154,-0.12507,0.75272,-0.74473,-0.59023,-0.61722,-0.34361,-0.35818,-0.35623,1.61413,-0.3547,0.43066,0.5203,-0.28235,-0.40607,0.47598,-0.13333,-0.11485,0.18351,0.8954,-0.26567,-0.40994,1.16913,-0.48627,-0.49493,0.50944,0.1311,0.0489,-0.21615,0.43899,0.58599,0.35238,1.37345,1.56512,1.33487,-0.49042,1.47702,0.47238,0.14177,0.95558,2.11866,0.01793,-0.4224,-0.3014,-0.45785,0.07509,-0.55947,1.3998,-0.36884,-0.45586,1.49929,-0.65811,0.39527,0.48006,7.29672,-0.75958,0.41152,1.53925,0.74216,-0.50671,-0.68558,after Th
-0.34957,-0.73416,-0.77984,-0.87085,-0.19441,-0.37673,-0.37629,-0.91458,-0.25507,-0.7726,-0.22368,-0.36251,-0.63467,-0.61387,-0.46979,-0.20453,-0.83276,-0.51295,-0.32284,-0.37999,-0.48265,-0.82405,-0.20143,-0.81091,-0.62928,-0.52134,-0.43943,-0.57091,-0.34482,-0.34164,-0.86809,-0.31746,-0.353,-0.49839,-0.64975,-0.52018,-0.36823,-0.46366,-0.82881,-0.62705,-0.63001,-0.41138,-0.92872,-0.50133,-0.65341,-0.25898,-0.59837,-0.56179,-0.299,-0.43461,-0.86938,-0.51718,-0.34365,-0.4984,-0.23112,-0.80219,-0.37347,-0.25427,-0.66356,-0.77762,-0.4593,-0.27529,-0.49717,-0.53281,-0.47239,-0.05926,-0.67258,-0.43877,-0.86247,-0.60069,-0.69724,-0.52008,-0.51429,-0.7338,-0.43435,-0.23028,-0.50024,-0.77223,-0.68489,-0.78552,-0.39926,-0.66978,-0.31069,-0.75786,-0.58402,-0.45443,-0.50137,-0.46532,-0.44113,-0.99095,-0.7181,-0.77317,-0.56118,-0.40054,-0.63719,-0.65408,-0.42615,-0.51774,-0.35367,-0.92969,after Th
-0.3271,-0.36913,1.05633,1.62616,0.84315,-0.12675,-0.26616,2.17438,-0.31385,0.23781,0.51864,0.30525,1.78188,-0.18314,0.08624,0.15229,1.75095,0.37021,-0.13589,-0.18342,0.99677,3.12465,-0.30125,-0.14178,-0.45084,0.00766,0.45424,-0.49023,0.41948,-0.6343,1.48588,-0.2253,-0.02353,0.01684,-0.03609,-0.30348,-0.32476,0.02847,0.95974,-0.27615,2.27092,1.00264,1.57732,1.25166,0.91782,-0.22332,1.43063,-0.06282,2.28388,0.62896,0.44248,-0.3747,-0.1817,-0.35132,2.06849,0.78318,-0.42216,1.47078,0.93679,1.97299,2.77298,0.44191,-0.33407,1.34921,1.25985,-0.22815,-0.56663,-0.07053,-0.61316,1.62497,0.58342,1.79453,1.5563,1.42312,-0.36829,1.43708,0.20627,0.06917,0.12108,1.32005,0.24005,0.34758,-0.31747,0.19392,0.41675,1.53451,-0.46303,0.29265,-0.18267,3.04732,-0.4775,-0.66892,0.23317,0.97674,-0.16343,0.2805,0.96123,0.00528,-0.35424,1.32495,after Th
-0.34725,-0.55085,-0.71511,-0.29501,-0.83723,0.11661,1.02026,-1.02022,-0.4373,-0.33369,-0.3249,-0.5231,-0.72552,-0.74948,0.0614,-0.60484,-0.99835,-0.52973,0.04777,0.31484,-0.68219,-0.74892,-0.11224,-0.27625,-0.70038,-0.44071,-0.51602,-0.60725,-0.30519,-0.70759,-0.90617,-0.31956,0.25791,0.04,-0.4981,-0.46444,-0.05588,-0.5026,0.40928,-0.22144,-0.89434,-0.64687,-0.0967,-0.633,-0.59372,0.81659,-0.34194,-0.45913,-0.56668,0.43258,-0.86115,-0.5881,-0.1493,-0.47334,-0.72533,-0.78911,0.12599,-0.38951,-0.68253,-0.8031,-0.51319,-0.54334,-0.34383,-0.64227,-0.69168,-0.62974,-0.78251,0.20999,-0.8067,-0.57309,-0.67431,-0.76068,-0.56451,-0.78547,-0.35984,-0.63663,-0.39574,0.17461,-0.71736,-0.57782,-0.44968,-0.04875,-0.37367,-0.73899,-0.72165,-0.24712,1.11449,-0.42402,-0.16646,-0.29923,-0.08953,-0.7976,-0.76435,-0.42985,-0.0372,-0.10627,0.3161,-0.51789,0.59859,-1.03918,after Th
-0.35168,-0.30765,-0.00697,-0.04791,0.24874,0.80818,-0.40858,0.1885,-0.44326,0.56013,-0.34315,-0.21207,-0.24162,-0.76485,0.40322,-0.62747,-0.55336,-0.51089,0.0324,0.18419,-0.56401,-0.47442,-0.08844,-0.08362,-0.6872,-0.39303,-0.5043,-0.54893,-0.32941,-0.6152,-0.76114,-0.33243,-0.36479,0.44906,-0.5078,-0.67901,0.49711,-0.4652,0.31734,-0.50538,-0.65275,-0.66203,-0.6,-0.60076,-0.61707,-0.27733,0.8506,-0.32516,-0.54108,0.36206,-0.86603,-0.58772,-0.01804,-0.55125,-0.48023,-0.58323,-0.44879,-0.37456,-0.69926,-0.81264,-0.56311,-0.37866,0.63478,-0.76954,-0.37602,-0.40574,-0.81017,0.6964,0.35698,-0.48832,-0.44567,-0.68992,-0.68301,-0.59464,-0.26056,-0.63277,-0.33022,-0.29514,-0.42031,-0.77848,-0.45702,-0.48767,-0.02123,-0.71015,-0.34358,-0.62703,-0.50283,-0.63359,-0.469,-0.464,-0.36338,-0.74899,-0.3158,-0.43394,-0.14574,0.76935,-0.15644,-0.52608,-0.40475,-0.64421,after Th
-0.34749,-0.59702,-0.41029,-0.52227,-0.48911,-0.2895,-0.41291,-0.49177,-0.22493,0.3334,-0.32298,0.37728,-0.08923,-0.02729,-0.31205,-0.6178,-0.59006,-0.56674,0.39131,0.05918,-0.54018,-0.79233,-0.39505,-0.84199,-0.69046,0.16973,-0.46532,-0.76379,-0.34469,-0.59921,-0.97476,4.78619,-0.40218,-0.33886,-0.81233,-0.45777,-0.37019,0.21585,-0.51229,-0.6618,-0.8133,-0.22436,-0.80036,-0.48262,-0.6484,0.0464,-0.03499,1.92141,-0.52701,-0.36244,-0.86808,-0.59249,-0.35937,-0.6858,0.34879,-0.82385,-0.09696,-0.40958,-0.39019,-0.47956,-0.50325,-0.60518,0.33021,-0.76912,-0.74858,-0.39828,-0.55396,-0.24492,-0.86641,-0.61189,0.00552,-0.7528,-0.61524,-0.72458,-0.28258,-0.69449,-0.18024,-0.2367,-0.59579,-0.75535,-0.40364,-0.26831,-0.39523,-0.41638,-0.15455,-0.71432,-0.09002,0.34218,-0.45513,-0.02898,-0.42235,-0.80282,-0.67955,-0.43377,-0.79757,-0.04697,-0.2776,-0.50597,-0.41837,-0.8263,after Th
-0.33894,-0.69599,-0.66609,-0.82363,-0.87364,-0.34391,-0.39651,-0.97649,-0.35637,-0.6638,-0.3202,-0.51722,-0.70374,-0.18217,-0.45852,-0.55876,-0.65532,-0.56622,-0.28625,-0.37788,-0.44159,-0.42358,-0.32347,-0.85322,-0.20307,-0.37205,-0.33804,-0.81155,-0.3437,-0.31824,-0.46642,-0.46423,-0.36369,-0.46308,-0.62212,-0.51752,-0.37338,-0.18161,-0.74331,-0.63078,-0.80396,-0.63605,-0.4938,-0.29664,-0.63915,-0.31219,-0.62041,-0.5579,-0.49345,-0.44985,-0.7631,-0.51941,-0.34706,-0.59047,-0.75881,-0.52399,-0.35515,-0.52195,-0.59233,-0.47611,-0.5358,-0.61212,-0.54722,-0.93218,-0.75555,-0.47737,-0.29669,-0.38591,-0.74678,-0.51625,-0.66681,-0.55068,-0.76783,-0.66324,-0.47309,-0.74513,-0.44747,-0.72636,-0.66475,-0.59179,-0.43181,-0.62038,-0.23413,-0.78764,-0.64652,-0.33882,-0.53165,-0.56529,-0.46876,-0.84017,-0.71823,-0.48592,-0.81926,-0.39193,-0.80395,-0.73353,-0.58095,0.22648,-0.568,-0.78933,after Th
-0.34566,-0.70715,-0.79195,-0.84172,0.1163,-0.34309,1.19489,0.20461,-0.01954,-0.76428,-0.34238,-0.53319,-0.67039,-0.18217,-0.49945,-0.59186,-0.79588,-0.38069,-0.31541,-0.41584,-0.70988,-0.83802,0.17849,-0.45165,-0.62807,-0.60532,-0.50537,-0.54631,-0.35351,-0.32803,-0.91713,-0.4682,-0.35528,-0.51813,-0.87925,-0.55432,-0.36397,-0.22432,-0.68803,-0.59976,-0.64327,-0.56148,-0.83426,-0.41211,-0.57399,-0.3421,-0.654,-0.41884,-0.51773,-0.49449,-0.75249,-0.56079,-0.35197,-0.66782,-0.74215,-0.75647,-0.31562,-0.6336,-0.57957,-0.84815,-0.54611,-0.87857,-0.09551,-0.44698,-0.26199,-0.64379,-0.71537,-0.43462,0.32483,-0.36822,-0.6937,-0.20431,-0.43325,-0.6995,-0.47449,-0.43457,-0.64149,-0.78819,-0.69327,-0.72052,0.84503,-0.70147,-0.37806,-0.45037,-0.92446,-0.75929,-0.50831,-0.67838,5.19128,-0.09293,-0.48858,-0.55004,-0.79967,-0.4304,-0.74399,-0.88495,-0.86259,-0.52918,-0.55778,-1.02348,after Th
-0.33429,-0.68671,-0.63774,-0.79404,-0.36547,-0.37721,-0.39418,-0.54346,-0.30599,-0.62307,-0.32557,-0.3936,0.24899,-0.74607,-0.50933,-0.38674,-0.88481,-0.56097,-0.30345,-0.40798,-0.70291,-0.81317,-0.54994,-0.53581,-0.67631,-0.62331,-0.36839,-0.68302,-0.31513,-0.3531,-1.01744,-0.4378,-0.36265,-0.5088,-0.88073,-0.44377,-0.35214,-0.45582,-0.92385,-0.64436,-0.32453,-0.58914,-0.85222,-0.54912,-0.61707,-0.32185,-0.72721,-0.63411,-0.25621,-0.49196,-0.8582,-0.35826,-0.34863,-0.69016,-0.80863,-0.84715,-0.48602,-0.33427,-0.65269,-0.61963,-0.18389,-0.11542,-0.41592,-0.89996,-0.53031,-0.54629,-0.79724,-0.4396,-0.32623,-0.5507,-0.67473,-0.51132,-0.62515,-0.15253,-0.48067,-0.99857,-0.44682,-0.80553,-0.67804,-0.30694,-0.45898,-0.23411,-0.37686,-0.57776,-0.63011,-0.76722,-0.53258,-0.58434,-0.45304,-0.52203,-0.76357,-0.76495,-0.46535,-0.43294,-0.78981,-0.71679,-0.84902,-0.33321,-0.55324,-0.55806,after Th
-0.32284,-0.03269,1.25579,1.43672,1.53879,0.61508,-0.04783,0.66452,-0.19507,2.47879,6.49382,4.65449,0.08045,2.2288,1.81235,-0.37456,0.53671,-0.41494,6.27409,2.54006,-0.47681,-0.33277,0.95088,2.5983,-0.54878,4.74657,-0.1693,-0.44994,6.90975,0.49863,-0.81251,-0.13876,6.68202,1.6127,0.73261,-0.30095,1.18693,5.19554,2.36335,2.74523,1.26884,0.20236,0.03079,0.40917,0.68174,5.07696,0.66472,2.88586,-0.51156,1.31182,-0.18377,-0.51362,2.65181,0.0292,-0.24554,-0.38845,2.66593,0.93981,-0.04146,0.5348,-0.27774,0.06181,3.93211,-0.17412,0.00779,-0.53923,0.35096,0.91625,2.615,0.91605,-0.43916,0.00644,0.46554,1.50063,1.49761,1.52915,4.46797,3.24568,-0.43828,-0.7266,-0.07712,1.70171,1.32585,-0.22256,-0.16449,1.12683,1.00929,2.4202,-0.29256,1.01607,0.64169,-0.62592,-0.49023,-0.38774,-0.59419,1.97433,3.44606,-0.4656,-0.4265,0.3405,after Th
3.8894,1.75269,0.37868,-0.54505,0.47222,-0.35289,-0.27207,0.98369,0.11298,-0.5919,-0.27823,-0.21542,1.64091,1.52514,-0.09406,-0.54496,0.79167,4.71773,-0.28668,-0.34844,-0.07225,-0.56673,0.31466,-0.20209,2.27904,-0.26126,1.21858,1.05825,-0.22569,1.72849,1.56452,2.2073,-0.3248,-0.04433,0.5622,0.68028,-0.23706,-0.14659,2.03249,0.71318,2.20494,-0.32671,2.0315,0.87436,0.63961,-0.26018,0.66122,0.03839,-0.31065,-0.27951,1.01413,1.76856,-0.34014,2.82194,-0.29808,1.31288,-0.07976,0.56034,0.02753,-0.3191,2.49413,0.54822,-0.41506,2.14739,0.48043,-0.63069,0.31831,-0.29759,2.56427,-0.32986,-0.29291,-0.74289,1.054,1.14192,-0.33674,1.7103,0.58152,1.44369,-0.32412,1.73682,-0.34517,0.90149,-0.23583,0.14699,0.77552,1.03469,-0.18344,-0.43414,-0.00585,-0.06875,0.91923,1.82235,-0.27233,1.04827,1.76182,-0.23727,0.86507,-0.51559,-0.52392,1.36387,after Th
-0.33497,0.18283,-0.4581,-0.16042,-0.78321,-0.38733,-0.40875,-0.93536,-0.44928,-0.53319,-0.29091,-0.36232,0.05646,-0.67144,-0.44071,-0.18215,-0.62977,-0.56407,-0.34232,-0.41477,-0.60761,-0.49607,-0.29237,-0.52089,-0.40412,-0.46654,-0.33288,0.22464,-0.33351,-0.49632,-0.03659,-0.41815,-0.39002,-0.48202,-0.05502,0.11405,-0.3304,-0.17825,-0.28207,-0.65847,-0.82209,-0.32491,-0.55277,-0.28929,-0.61017,-0.32469,-0.47855,-0.6244,-0.49549,-0.49536,-0.40601,0.13954,-0.35924,-0.69806,-0.54895,-0.38867,-0.18513,-0.89073,-0.523,-0.68292,-0.43851,-0.54014,-0.55428,0.04793,-0.75398,-0.50182,-0.4433,-0.45004,-0.42508,-0.40496,-0.08749,-0.69115,-0.63262,-0.60204,-0.49272,-0.83284,-0.5744,-0.2937,-0.55341,0.6402,-0.33617,-0.82601,-0.37307,-0.51867,-0.27737,-0.56476,-0.49769,-0.65521,-0.37839,-0.64164,-0.76243,-0.34618,-0.50777,-0.19545,-0.27306,-0.66527,-0.91772,-0.52701,-0.42499,0.17203,after Th
-0.35122,-0.51012,-0.71162,-0.02477,-0.37407,0.46515,-0.40492,0.12647,-0.30538,0.30722,-0.33959,0.0037,0.51074,-0.37388,0.52319,-0.61983,-0.47034,-0.54049,0.10823,0.15938,-0.71431,-0.65823,-0.10304,-0.05746,-0.68052,-0.42531,-0.49792,-0.59288,-0.33177,-0.73671,-0.76557,-0.44785,-0.21359,0.60472,-0.65302,-0.65034,0.37269,-0.091,-0.56051,-0.40381,-0.68135,-0.50375,-0.6988,-0.53475,-0.30564,-0.16778,-0.02757,-0.60256,-0.56111,0.38866,-0.81255,-0.59178,0.07082,-0.65421,-0.17553,-0.51431,-0.4843,-0.48606,-0.46367,-0.89188,-0.30378,-0.37025,0.42449,-0.64394,-0.61094,-0.49082,-0.79369,0.93304,-0.83448,-0.30106,-0.66369,-0.69125,-0.7748,-0.63256,0.42199,-0.25093,-0.38721,-0.28324,-0.20376,-0.72133,-0.45418,-0.16837,2.69728,-0.54564,-0.40505,-0.72149,-0.44676,-0.59215,-0.45144,-0.38015,-0.52845,-0.78046,-0.49133,-0.43074,-0.25211,-0.34392,-0.17825,-0.52946,-0.51408,-0.60218,after Th
-0.35272,-0.2734,-0.50735,-0.14926,-0.42088,-0.33312,-0.41208,0.26838,-0.09572,-0.3527,-0.33854,-0.25728,-0.63231,-0.60168,-0.43758,0.15109,-0.76175,-0.54221,-0.28306,-0.38516,-0.12207,-0.86825,-0.57295,-0.47873,-0.54985,-0.433,-0.41225,-0.30139,-0.33066,-0.64385,-0.56356,-0.36704,-0.179,-0.45144,0.2092,-0.27868,-0.31266,-0.50904,0.38076,-0.32461,-0.56864,-0.53851,-0.53625,-0.6325,-0.58902,-0.31103,-0.64701,-0.62513,-0.23005,-0.4242,-0.70364,0.0474,-0.33515,-0.69724,-0.66221,-0.64512,-0.40775,-0.41456,0.09324,-0.3293,-0.45804,-0.581,-0.51783,-0.6025,-0.68583,-0.38391,-0.59809,-0.36438,-0.62322,-0.57939,-0.44921,-0.21861,-0.49371,-1.03977,-0.3077,-0.57828,-0.59813,-0.80409,-0.46616,-0.64135,-0.45992,-0.60155,-0.38535,-0.12261,0.16358,-0.79357,-0.4876,-0.55636,-0.44862,-0.37943,-0.49291,-0.33196,-0.37776,-0.32186,-0.80714,-0.7183,-0.69361,0.12992,-0.42272,-0.76502,after Th
-0.34246,-0.38565,-0.72,-0.87801,-0.4637,-0.3585,-0.39268,-0.47852,-0.40723,-0.57174,-0.34286,-0.52118,-0.60055,-0.66363,-0.38975,0.24499,-0.42018,-0.47294,-0.32736,-0.40279,-0.62334,-0.67655,-0.57057,-0.39472,-0.39821,0.00865,-0.46581,0.36649,-0.34507,-0.75891,-0.35937,-0.32155,-0.28337,-0.43367,0.00977,0.71015,-0.35381,-0.42095,-0.12524,-0.53161,-0.67353,-0.62607,-0.64317,-0.56333,-0.63163,-0.32933,-0.45161,-0.61202,-0.41441,-0.45099,-0.52501,-0.07774,-0.34789,-0.66919,-0.66701,-0.39637,-0.46186,-0.67257,-0.57732,-0.13662,-0.38914,-0.6761,-0.54227,-0.66624,-0.64546,-0.17455,0.38594,-0.41451,-0.87931,-0.58972,-0.57577,-0.5509,-0.67151,-0.63226,-0.44442,-0.59408,-0.54811,-0.53476,-0.45262,1.5027,-0.45069,-0.65713,-0.39203,-0.63998,-0.03606,-0.41431,-0.46648,-0.5505,-0.45206,-0.5832,-0.61557,-0.17861,-0.48718,-0.38114,0.44772,-0.73835,-0.69698,-0.52827,-0.56516,-0.54461,after Th
0.28874,-0.0959,-0.59948,-0.65181,-0.65857,-0.34693,-0.41066,-0.67222,-0.42368,-0.58702,-0.28851,-0.50384,-0.39789,-0.32071,-0.45634,-0.55196,-0.47335,-0.23139,-0.27911,-0.39156,-0.40627,-0.45404,-0.42647,-0.33687,0.24081,-0.41726,-0.31128,-0.42098,-0.34258,-0.75795,0.66679,-0.18613,-0.40458,-0.48023,-0.40998,0.0227,-0.39042,-0.48831,-0.34069,-0.52242,-0.52498,-0.3142,-0.15002,-0.59023,-0.63069,-0.30437,-0.59095,-0.57149,-0.52078,-0.44841,0.39552,0.06717,-0.34809,0.53093,-0.7021,-0.51981,-0.44397,-0.72927,-0.32983,-0.44734,-0.55678,-0.67222,-0.5104,-0.55259,-0.67818,-0.47718,-0.32571,-0.42027,-0.1843,-0.55331,-0.54647,-0.62104,-0.6558,-0.70857,-0.42862,-0.74326,-0.62162,-0.81235,-0.25798,-0.03287,-0.37742,-0.70017,-0.38405,-0.71716,-0.71745,-0.71642,-0.43812,-0.56655,-0.4636,-0.61397,-0.50616,0.0576,-0.46275,-0.15376,-0.04597,-0.52201,-0.78912,0.19543,-0.56175,-0.72786,after Th
-0.16781,0.26067,-0.46766,-0.80801,-0.28764,-0.3605,-0.3529,-0.57118,0.18605,-0.74361,-0.34478,-0.51647,-0.4902,-0.47753,-0.45079,-0.49703,-0.60601,0.00862,-0.30222,-0.39977,-0.68144,-0.19225,-0.35981,-0.22594,0.45779,-0.54892,-0.4171,-0.70485,-0.34867,-0.50229,-0.1563,-0.46773,-0.37149,-0.47773,-0.6538,-0.42323,-0.388,-0.47613,-0.43233,-0.71558,-0.6236,-0.61464,-0.47497,-0.49515,-0.46057,-0.31175,-0.54567,-0.59406,-0.50223,-0.46173,0.47865,-0.272,-0.35875,0.11555,-0.52476,-0.43737,-0.45414,-0.66964,-0.74151,-0.48235,-0.50578,-0.33579,-0.49772,-0.36088,-0.63343,-0.63115,-0.53716,-0.43462,-0.46248,-0.59798,-0.72471,-0.58374,-0.72559,-0.85619,-0.47116,-0.75471,-0.59524,-0.27893,-0.64267,-0.48123,-0.42329,-0.75342,-0.33334,-0.77002,-0.84562,-0.77251,-0.50738,-0.56034,-0.45046,-0.58351,-0.36096,0.08119,-0.06068,-0.34956,-0.31026,-0.57482,-0.8713,0.39143,-0.49838,-0.37957,after Th
-0.3518,-0.59573,-0.46721,-0.25625,-0.61835,-0.35642,-0.40817,-0.63426,-0.26665,-0.64105,-0.31059,-0.4668,-0.40056,-0.73485,-0.44139,-0.60723,-0.53475,-0.42776,-0.26062,-0.38943,-0.45826,-0.67815,-0.17398,-0.49658,-0.62945,-0.52796,-0.44833,-0.29369,-0.28072,-0.42781,-0.88718,-0.34962,-0.39244,-0.4708,-0.67708,-0.51432,-0.35862,-0.38748,-0.6544,-0.21678,-0.51996,0.13369,-0.51249,-0.67294,-0.44459,-0.30846,-0.60802,-0.61202,0.66768,-0.4536,-0.79588,-0.55396,-0.33809,-0.64168,-0.50361,-0.52926,-0.43738,-0.60459,-0.1884,-0.34574,0.25374,-0.79015,-0.52481,-0.80162,-0.53413,-0.39031,-0.78007,-0.40484,-0.12569,-0.56146,0.14894,-0.01208,-0.45819,-0.65689,0.7604,-0.6869,-0.5858,-0.69239,-0.72775,-0.44134,-0.45608,-0.5171,-0.36718,0.05468,-0.66383,-0.7961,-0.49192,0.17991,-0.29956,-0.98169,-0.58946,-0.78757,-0.81436,-0.34397,-0.53321,-0.78706,-0.70114,-0.52755,-0.09773,-0.86595,after Th
-0.32933,2.15287,1.65409,-0.39073,2.49972,0.87465,-0.13016,1.69937,0.02021,1.36292,0.50923,1.08369,-0.4068,3.01952,1.60948,-0.48706,0.66192,-0.51674,-0.02852,1.67293,1.439,0.73065,0.36274,1.90855,-0.54135,2.56486,-0.21748,-0.66751,-0.19154,-0.39654,1.02996,-0.0624,-0.43425,1.79232,-0.84414,0.01124,1.92793,-0.18343,0.04582,0.26923,0.49147,-0.45552,0.63491,-0.12687,-0.30564,0.79241,4.71816,2.37937,-0.39114,3.91077,1.17877,-0.46115,3.07063,0.29096,-0.45876,0.99796,0.01366,2.02562,1.01561,0.00625,-0.24682,3.21883,4.50107,0.09972,1.93008,-0.15705,1.05512,1.71497,2.27297,2.24554,-0.22538,-0.12205,1.01898,1.26809,0.17723,1.81905,1.18061,1.30038,1.99785,-0.5155,-0.15163,3.01503,-0.34203,1.75741,1.63645,2.15437,2.02668,0.92037,-0.30545,1.28034,1.66893,-0.49661,0.57109,-0.37954,-0.6638,1.45811,1.34913,-0.47487,4.29793,0.65185,after Th
0.14892,-0.26231,-0.05465,-0.79627,-0.42629,-0.33337,-0.32643,-0.78147,-0.30355,0.0967,-0.33815,-0.52174,-0.64175,-0.43924,-0.42701,-0.60309,-0.52617,0.32142,-0.26664,-0.38063,-0.44008,-0.28375,-0.56343,-0.48319,-0.03407,-0.45389,-0.41901,-0.6297,-0.13315,-0.65913,-0.412,-0.36903,-0.34144,-0.43686,-0.54096,-0.58953,-0.38172,-0.5026,-0.07774,-0.47903,-0.37405,-0.65878,-0.37254,-0.48563,-0.24987,-0.31856,-0.44832,-0.52393,-0.53214,-0.37329,-0.08007,-0.43887,-0.33211,-0.43684,-0.29184,-0.55004,-0.38118,-0.47082,-0.70202,-0.74737,-0.50596,-0.6001,-0.51285,-0.78254,-0.61667,-0.41642,-0.48997,-0.43668,-0.19261,-0.61286,-0.33878,-0.65581,-0.80042,-0.54961,-0.45246,-0.76516,-0.48419,-0.49782,-0.74652,-0.69283,-0.39896,-0.66227,-0.33644,-0.74679,-0.77754,-0.51152,-0.51385,-0.62277,-0.45562,-0.75806,-0.39344,-0.25798,-0.59651,-0.30978,-0.3431,-0.7538,-0.78302,-0.53129,-0.35897,-0.41489,after Th
-0.31103,-0.26601,-0.21643,-0.13176,-0.4681,-0.26604,0.00344,0.35622,0.4077,0.27864,0.76314,0.76969,-0.05709,-0.32924,-0.43036,-0.42915,-0.61673,-0.4664,0.25409,-0.24136,-0.52813,0.06381,-0.24873,-0.50442,0.27769,0.28637,-0.40889,-0.39225,-0.15936,-0.11844,0.76811,-0.26822,-0.38905,-0.47792,0.24493,0.2138,-0.27606,-0.12923,-0.32129,0.06529,0.24262,0.62355,0.62651,-0.36031,-0.4012,-0.32368,-0.64085,0.14881,-0.36465,-0.25512,0.84571,-0.09463,-0.33234,-0.00076,0.11058,0.4776,-0.19065,-0.76385,0.28847,0.47792,-0.18714,-0.52571,-0.50062,-0.3072,0.02218,0.02898,0.08522,-0.39767,1.0194,-0.34551,-0.28229,-0.62168,-0.21959,-0.14089,-0.12296,-0.82824,-0.47002,-0.10298,-0.37351,-0.43689,-0.03303,-0.03577,-0.15867,-0.25624,-0.78293,-0.16754,-0.39658,-0.61845,0.50358,0.72098,-0.65722,-0.25643,-0.35303,0.172,0.15081,0.34881,-0.2385,0.56481,0.14459,-0.56156,before Th
-0.09877,-0.36038,0.27319,0.02162,1.33332,-0.25975,-0.26184,-0.22243,0.94525,-0.66474,-0.27304,-0.37415,-0.45836,1.8627,-0.17912,-0.36293,1.69701,3.62201,-0.1914,-0.22719,-0.01415,-0.61093,0.28244,-0.2024,2.217,0.07811,0.82643,-0.5965,0.36396,0.53969,0.06554,1.09291,-0.27658,-0.1823,0.06721,0.40957,-0.15753,0.28938,-0.91777,1.59828,-0.52219,0.84485,2.6152,-0.02177,-0.08445,-0.21655,-0.24746,0.15172,-0.19417,-0.24215,0.33126,0.53928,-0.30918,-0.00594,1.71398,-0.5995,0.13344,0.49617,-0.29292,0.23608,3.99761,-0.23723,-0.09481,-0.8126,-0.69505,-0.60331,0.66873,-0.22546,0.57633,0.39862,0.76903,0.01036,0.68977,0.20104,-0.41365,1.09131,0.30213,0.90036,-0.43216,-0.04821,0.67813,0.68884,-0.16057,-0.18623,-0.64107,3.10971,0.7158,-0.15132,-0.19568,1.38796,-0.1201,1.29696,-0.4607,0.3687,1.08839,-0.3611,-0.63347,0.92843,1.26862,-1.02143,before Th
-0.29038,0.6294,-0.03863,-0.46225,-0.34246,-0.30412,-0.21031,0.33512,-0.38373,-0.69892,-0.28111,-0.42227,-0.01574,-0.26436,-0.27831,2.78982,1.33889,-0.49523,-0.28089,-0.31329,-0.15748,-0.46836,-0.36331,-0.64843,-0.23307,-0.28061,-0.09924,1.01667,-0.24172,-0.53237,-0.87551,-0.30401,-0.09534,-0.35587,2.51366,1.76272,-0.1988,-0.27544,0.0952,-0.64742,-0.34685,-0.27993,0.64636,-0.45822,0.17027,-0.27263,-0.67241,-0.33633,0.00975,-0.25918,-0.11617,1.21708,-0.2357,-0.42595,-0.75384,1.63813,-0.39334,0.1397,0.82503,0.95123,-0.24194,0.97854,-0.28652,0.90671,0.06919,-0.124,-0.07085,-0.37631,-0.54449,-0.30236,-0.39499,-0.30912,1.52221,-0.73833,-0.38358,-0.87228,0.09445,-0.50808,1.80828,1.64186,0.37582,-0.55415,-0.28144,1.33906,-0.06478,0.22989,-0.50347,-0.02386,-0.42971,0.73971,-0.65569,1.82129,0.58054,-0.40676,-0.78945,-0.29304,-0.28106,0.59756,-0.39377,0.80631,before Th
1.05984,-0.63843,-0.15907,-0.32637,-0.57854,-0.198,0.71811,0.29287,1.91057,0.4823,-0.22561,-0.39874,-0.30376,-0.03558,-0.39722,-0.25866,-0.92023,0.59499,-0.08076,-0.37838,0.65945,0.67946,-0.16779,-0.44442,0.33863,-0.29442,-0.45871,0.41781,0.36806,-0.20844,0.45093,1.15981,0.15826,-0.52302,0.20472,-0.41337,-0.32466,-0.19309,-0.85386,-0.2498,2.7728,1.76192,-0.28895,-0.27559,0.48436,-0.11177,0.05963,0.31432,-0.49628,-0.33996,0.8654,1.44629,-0.2067,1.94514,0.55592,-0.65259,-0.4332,-0.04051,-0.33414,0.02006,-0.07665,0.48799,0.57264,0.97884,0.08605,0.57834,-0.08882,-0.33437,0.7023,2.43301,-0.26488,0.12287,-0.91791,1.83894,-0.42319,0.71445,0.17735,0.80897,0.23879,0.59676,-0.18922,-0.0847,0.10054,-0.29319,-0.63476,0.57299,-0.14551,0.44557,-0.34548,-0.8716,1.38846,1.96337,-0.00736,-0.39803,1.91503,-0.0552,-0.35969,-0.46755,1.62595,-0.6872,before Th
-0.33021,-0.20031,0.66453,-0.3636,0.48903,-0.35936,0.0821,-0.65377,-0.18037,-0.49423,-0.18835,1.78285,0.49421,-0.57144,-0.48953,0.80709,0.43431,-0.36193,-0.26031,-0.35265,0.83649,-0.75121,0.04868,1.46697,-0.41538,-0.07198,-0.25447,1.02861,0.00758,0.97391,-0.2893,-0.3129,-0.15309,-0.407,0.33405,-0.43364,-0.21594,0.45127,-0.02429,-0.52322,1.15655,-0.02712,2.44932,4.46556,-0.39838,-0.25201,-0.31248,0.04275,2.53367,-0.37766,-0.70046,-0.44811,-0.30438,-0.49868,-0.61848,-0.22544,-0.11463,-0.38453,-0.13546,-0.351,-0.13,-0.0035,-0.30413,1.98936,1.4499,0.42776,4.06214,-0.38682,-0.67877,-0.51255,1.55178,-0.0553,3.48488,1.72335,-0.35871,-0.34449,0.61785,-0.35615,4.35865,-0.17993,-0.26024,0.43138,-0.24112,-0.09064,0.13765,-0.31336,-0.41537,1.07155,1.17473,-0.76578,-0.4803,1.70175,2.07307,-0.04393,-0.62167,-0.63709,1.05686,-0.50519,-0.44334,-0.49659,before Th
-0.34126,-0.41786,-0.43334,-0.21996,-0.27003,-0.37066,0.06828,-0.36185,-0.30308,-0.49454,1.14947,-0.36975,-0.36987,-0.20729,-0.28799,-0.60598,-0.81037,-0.24481,-0.20111,-0.34584,-0.58294,-0.42713,1.39238,-0.43057,-0.40175,-0.49261,0.08023,0.69845,-0.17104,1.06797,-0.91112,-0.19958,-0.15267,-0.23445,1.05654,-0.42257,-0.2889,-0.041,-0.98387,-0.15675,-0.85836,0.06886,-0.37573,1.32718,-0.4554,-0.25138,-0.50809,1.29503,2.71112,-0.38498,-0.01647,-0.04873,-0.19851,1.33936,-0.43874,2.09782,-0.33089,2.06533,-0.40106,-0.57245,0.10093,1.04172,-0.26594,-0.52904,2.02038,0.12743,0.07805,-0.27559,-0.17183,-0.40615,-0.37191,1.03449,-0.53881,-0.60174,4.52274,-0.65281,-0.11974,-0.20883,0.89717,0.5179,-0.23715,-0.60793,-0.15977,-0.36804,-0.65011,-0.1218,-0.48725,1.39246,0.38829,0.55826,-0.09692,-0.25294,-0.02845,-0.34903,-0.62682,-0.16652,0.23715,-0.1943,0.96425,-0.38112,before Th
-0.33052,-0.16387,5.22586,-0.07034,-0.43109,-0.29125,-0.33567,0.06133,6.46512,0.70955,-0.29945,1.15887,3.08052,-0.63387,-0.36991,2.30666,2.36635,-0.2387,-0.0579,-0.36155,1.68619,1.10409,-0.46091,-0.19932,-0.50671,-0.30163,-0.3898,1.46109,-0.2565,-0.48152,-1.00988,-0.29594,0.64578,-0.40657,0.5642,-0.64087,-0.29083,0.74691,4.90102,0.47516,-0.20625,-0.50832,-0.43368,-0.61162,-0.44302,-0.0444,0.02786,-0.36933,0.99191,-0.36279,-0.5626,0.81363,-0.29914,-0.34287,-0.65436,2.0699,-0.20131,-0.79594,1.36055,0.49288,0.15301,0.84779,-0.25947,0.8854,1.53986,1.47379,-0.19125,-0.25219,-0.7868,-0.56787,0.30707,0.34224,0.84287,1.05655,-0.29558,0.34343,0.41348,-0.088,1.23748,-0.01763,0.11683,-0.50331,-0.29521,-0.52225,0.04435,-0.36516,-0.21162,0.19715,0.27889,-0.07904,-0.65442,-0.69998,0.9954,-0.3928,-0.77625,0.30241,1.82795,-0.09692,-0.39491,0.73424,before Th
-0.35138,-0.69312,-0.80083,-0.39237,-0.62055,0.19267,-0.33375,-0.57542,-0.41752,-0.22313,-0.34123,-0.17485,-0.57892,-0.1429,0.65835,-0.60351,-1.08308,-0.55615,-0.22817,0.2254,-0.695,-0.77629,-0.51058,-0.57043,-0.68434,-0.41366,-0.48964,-0.5682,-0.32283,-0.38413,-0.81817,-0.38517,-0.24836,0.58785,-0.62417,-0.64861,0.39487,-0.41633,-0.8279,-0.66992,-0.57408,-0.64002,-0.89308,-0.5939,-0.5107,-0.28592,-0.02043,-0.54456,-0.56532,0.43738,-0.84546,-0.58952,0.11563,-0.603,-0.46661,-0.79933,-0.4047,-0.65103,-0.22428,-0.79817,-0.44556,-0.5193,1.187,-0.78024,-0.63309,-0.28249,-0.80142,0.38188,-0.84847,-0.32649,-0.65194,-0.71552,-1.08378,-0.80542,0.13352,-0.8627,-0.51836,-0.47873,-0.60022,-0.63583,-0.42601,-0.28152,1.26975,-0.69861,-0.42531,-0.77747,-0.5002,-0.54004,-0.33197,-0.69787,-0.49406,-0.72725,-0.7621,-0.42651,-0.31852,-0.21226,-0.41373,-0.52354,-0.26438,-0.98856,before Th
-0.34418,-0.58042,0.62533,2.77185,-0.58534,2.80994,-0.33117,1.52995,-0.39267,5.23215,0.62984,0.50672,-0.06212,0.67149,3.57338,-0.61414,-0.73679,-0.48189,-0.00953,2.84717,0.13982,0.36923,-0.37235,2.27535,-0.58967,0.12626,0.37358,-0.53366,-0.26482,-0.28363,0.06842,0.0349,1.19311,3.55365,-0.13888,-0.59953,2.11703,-0.19701,-0.71546,-0.0227,0.75427,-0.36315,-0.13017,-0.58655,-0.41859,-0.14338,1.04537,-0.1946,-0.523,2.74157,-0.84456,-0.57641,0.96294,-0.28486,3.58298,0.55367,0.33474,0.42511,-0.3438,-0.33538,-0.39258,1.77468,0.45419,0.04143,0.02241,0.70175,-0.50455,3.29321,-0.78265,0.81856,-0.51362,-0.42481,0.66138,-0.85362,0.52368,1.33879,0.7006,0.36333,1.60099,-0.53185,0.31261,0.99714,-0.19999,-0.36726,0.77205,-0.05149,0.64345,0.82145,0.67745,-0.03459,0.95948,-0.72199,-0.18064,-0.38073,-0.12297,3.94263,1.88454,-0.51268,4.64354,-0.52253,before Th
-0.34758,2.7694,1.55541,-0.3858,0.54565,-0.32421,-0.35689,1.65129,0.34892,0.14086,-0.11603,0.0522,0.05166,-0.62046,-0.50932,3.00868,0.40438,-0.4479,-0.2407,-0.38052,-0.33433,-0.25673,-0.37981,-0.56135,-0.1765,-0.54608,-0.47349,1.26882,-0.10272,-0.66032,-0.92163,-0.3564,0.58167,-0.42983,0.6142,1.35559,-0.01138,-0.36213,1.15232,-0.19855,0.58033,-0.45925,1.14661,-0.61078,-0.14993,-0.3284,-0.32949,-0.21377,1.11486,-0.4064,0.23794,5.45419,-0.33608,-0.07458,0.01542,0.34152,-0.28112,1.07475,0.77104,0.81905,0.89444,2.11378,-0.45155,1.09046,-0.42932,0.12467,0.19857,-0.40685,0.20389,-0.17869,-0.39555,1.23027,1.26581,1.09085,-0.41091,1.09729,0.29195,-0.57427,0.75231,-0.17598,-0.07517,-0.74625,-0.24251,0.21794,3.87429,-0.34466,0.04569,-0.39744,-0.19752,0.25906,0.97795,1.01355,3.39442,-0.34538,-0.75747,-0.70288,-0.32141,2.57652,-0.47341,3.09969,before Th
-0.32774,1.64294,-0.09358,-0.39754,-0.69798,-0.19626,-0.2173,-0.5936,-0.28317,-0.03412,-0.2474,-0.48061,1.06166,2.5927,-0.16519,2.58151,1.41941,-0.49092,-0.00355,-0.23006,-0.10757,-0.61792,-0.20651,-0.59397,0.454,2.50309,-0.1383,3.90967,-0.21427,-0.52664,2.09138,-0.25992,0.17753,-0.11776,1.35175,1.87367,-0.12503,-0.25457,-0.44376,0.83578,0.54685,-0.52636,0.8473,-0.36298,0.82618,-0.20828,0.87817,0.46164,0.13088,-0.12907,0.24439,1.05407,-0.17223,-0.2696,0.78212,2.47034,-0.21331,0.10981,0.38885,1.25077,-0.27141,0.80345,-0.20583,0.56507,-0.00807,1.06122,3.41901,0.04971,-0.16789,-0.53288,-0.30891,0.09681,-0.06062,0.74348,-0.23824,0.64116,-0.38166,0.40331,0.22679,3.50115,-0.34682,0.05547,-0.32646,1.61895,1.9514,-0.26641,0.00864,0.3832,-0.39521,0.01973,-0.62436,1.29908,0.38857,-0.41298,2.35848,-0.40508,0.54929,-0.50715,-0.43577,1.56253,before Th
0.49118,-0.74804,-1.00437,-0.91865,-0.80462,-0.38017,-0.34865,-0.99822,-0.35983,-0.52903,-0.3491,-0.51691,-0.68059,-0.01754,-0.49099,-0.57081,-1.08463,-0.32561,-0.33145,-0.41672,-0.62786,-0.78775,-0.54438,-0.82814,-0.09959,-0.47756,-0.29936,-0.68778,-0.36084,-0.7305,-0.18882,-0.27337,-0.38144,-0.51229,2.80383,0.41197,-0.37052,-0.48397,-0.99689,-0.71345,-0.85877,-0.59961,-0.67606,-0.48212,-0.41483,-0.30698,-0.68403,-0.62901,-0.50696,-0.46428,-0.09023,-0.03087,-0.34708,0.16049,-0.64058,-0.7846,-0.41166,-0.82436,-0.64769,-0.86475,-0.55605,-0.89379,-0.4984,-0.6364,-0.6675,-0.45307,-0.3696,-0.45687,-0.22432,-0.45071,-0.40631,-0.66701,-0.76372,-0.77883,-0.45436,-0.74662,-0.58881,-0.77849,-0.55284,-0.59341,-0.46359,-0.75281,-0.23423,-0.20447,-0.82241,-0.79357,-0.49145,-0.57352,-0.42418,-0.55732,-0.63353,-0.17954,-0.63533,-0.2293,-0.13073,-0.62782,-0.90623,0.11742,-0.43993,-0.98023,before Th
-0.33648,-0.24632,-0.48721,-0.14844,2.57354,-0.38071,-0.27898,-0.06568,-0.07636,-0.63824,-0.24404,-0.30664,-0.40201,-0.06827,-0.46482,-0.61974,-0.9162,-0.02959,0.04567,-0.26256,-0.32623,-0.4395,1.0361,-0.55027,-0.36523,-0.45636,0.18529,-0.6296,-0.00794,0.93596,-0.21333,-0.25372,-0.01805,-0.43531,-0.69645,-0.44977,-0.1635,-0.19337,-1.02304,-0.11029,0.68508,1.04089,0.15871,-0.08226,-0.13034,-0.30976,-0.65925,0.52207,3.14755,-0.26819,-0.52377,-0.23036,-0.19457,-0.39108,-0.38283,-0.50673,0.10837,0.98757,0.06426,-0.24578,-0.2036,-0.57072,-0.51862,0.51482,0.23989,-0.37865,-0.65149,-0.03056,-0.37259,-0.57254,3.86919,1.50408,-0.08732,-0.60159,3.0352,0.62909,0.1685,-0.10739,-0.20915,0.2212,0.34942,0.27903,0.29159,1.07788,-0.24807,0.07879,0.62006,1.24965,-0.31368,0.2802,-0.51176,-0.57072,-0.63448,-0.02542,0.43714,-0.00709,0.43165,-0.50914,1.87395,-0.8363,before Th
0.25661,-0.70941,-0.86744,-0.41363,-0.72379,-0.35376,-0.25301,-1.04503,-0.14157,0.11499,-0.24078,-0.5187,-0.70747,-0.24266,-0.47247,-0.62235,-0.74674,0.40541,-0.30657,-0.3836,-0.42727,-0.60887,-0.56358,-0.8523,0.02369,-0.53093,-0.41256,-0.53461,-0.34494,-0.54025,-0.60012,-0.30974,-0.3909,-0.47166,-0.70628,-0.68461,-0.3712,-0.32264,-0.91419,-0.5159,-0.73477,-0.59576,-0.50612,-0.64737,-0.39853,-0.31596,-0.22437,-0.36715,-0.53997,-0.41067,-0.124,-0.44473,-0.32936,-0.70078,-0.65484,-0.74196,-0.42859,-0.5747,-0.64924,-0.8419,-0.56528,-0.83677,-0.487,-0.75242,-0.63579,-0.41109,-0.49577,-0.415,-0.29386,-0.61026,-0.59347,-0.68206,-0.85408,-0.87402,-0.46491,-0.81007,-0.5734,-0.42239,-0.75031,-0.7919,-0.44519,-0.67287,-0.38704,-0.68379,-0.80398,-0.32041,-0.50703,-0.57575,-0.46691,-0.79593,-0.44337,-0.23783,-0.59351,-0.3138,-0.41409,-0.85626,-0.90702,-0.52996,-0.52411,-0.84957,before Th
-0.35199,-0.2636,-0.63317,-0.87531,-0.84763,0.02992,-0.40492,-0.90244,-0.35123,-0.36112,-0.33431,-0.25313,-0.6368,-0.74485,-0.03371,-0.60868,-0.9999,-0.55684,-0.01359,0.08583,-0.69698,-0.63956,-0.41425,-0.76537,-0.68939,-0.25763,-0.38286,-0.82377,0.36955,0.15727,-0.93324,-0.46306,-0.41811,-0.12323,-0.43252,-0.54552,-0.07812,-0.36129,-0.97019,-0.47423,-0.48244,-0.6417,-0.89757,-0.64286,-0.66375,-0.29678,-0.64463,-0.4135,-0.54675,0.18661,-0.84928,-0.58513,0.67817,-0.40525,-0.65836,-0.85396,-0.39817,-0.8437,-0.71771,-0.7255,-0.49909,-0.26194,-0.16719,-0.93184,-0.69201,-0.59424,-0.80425,-0.27779,-0.46488,-0.20368,-0.60012,-0.71274,-0.88499,-0.85951,-0.49024,-0.82986,-0.46521,-0.29242,-0.67877,-0.73085,-0.32593,-0.1398,-0.20478,-0.76909,-0.77636,-0.49014,0.97195,-0.49043,-0.2346,-0.71948,-0.52896,-0.77922,-0.63848,-0.36851,-0.79162,-0.70039,-0.48726,-0.52933,-0.5033,-0.63548,before Th
-0.14115,0.34576,0.5973,0.05134,-0.19881,-0.31724,1.94984,1.08992,0.31682,0.74987,-0.1605,-0.21238,-0.00843,2.21075,-0.18741,-0.23079,1.74186,3.4505,-0.182,-0.37898,1.11656,-0.22203,0.18786,0.1981,2.62227,-0.3692,-0.37358,-0.21915,0.77163,-0.31466,-0.04665,0.04765,-0.14916,-0.19692,0.16464,0.0167,-0.28423,0.41234,0.67399,-0.21479,2.18165,-0.17445,-0.26476,0.79649,-0.44741,-0.19184,-0.52775,0.73927,-0.34706,-0.38955,2.59617,-0.14584,-0.28407,-0.20042,-0.26877,-0.33976,-0.24057,0.8308,0.27019,1.30354,2.32324,-0.4027,-0.23544,0.57039,-0.17585,-0.35643,-0.40329,-0.36566,-0.21776,0.05367,-0.11269,-0.07019,0.57471,1.50335,-0.4134,-0.19954,-0.39987,0.32588,-0.23477,-0.6007,0.06646,-0.07583,-0.17674,0.25115,-0.79071,0.11792,0.06565,0.82703,-0.12557,0.30073,-0.20977,0.53398,-0.19369,-0.01235,0.92438,0.06889,-0.23015,0.33723,-0.16545,1.04703,before Th
-0.32109,-0.43619,1.52025,-0.09218,1.85429,-0.30894,-0.36047,0.74971,-0.39071,0.3733,-0.26536,-0.32826,-0.57488,0.83929,-0.36132,0.53641,0.67855,-0.37862,-0.28997,-0.34758,0.2451,0.79833,0.65126,1.45589,-0.47651,0.72715,4.00166,-0.17767,-0.20358,0.13651,2.38234,-0.27536,-0.13315,-0.34955,1.13844,-0.6034,-0.06238,0.05984,0.35753,-0.32301,1.2249,-0.41259,1.75189,-0.06171,0.34839,0.48676,0.42558,-0.07519,0.17183,-0.29793,0.84055,-0.31027,-0.28316,1.23885,-0.65468,-0.45562,-0.00546,1.44601,-0.33466,0.76743,-0.1913,0.65867,-0.38857,0.70472,0.13733,0.16054,1.52646,-0.34776,1.4463,0.20246,0.37758,-0.07624,1.78969,0.0788,0.19794,0.75127,0.22433,0.79527,0.63477,1.28193,-0.36197,-0.61697,-0.33963,0.74248,-0.01443,1.61144,-0.46636,-0.23057,-0.41817,0.40161,-0.64397,2.65639,1.83858,3.30973,-0.66061,-0.10315,-0.06237,0.3394,-0.04987,1.0317,before Th
-0.33944,0.96048,1.42337,-0.18543,-0.71018,-0.35109,-0.33558,-0.17282,-0.41813,-0.72677,-0.29782,-0.17051,1.16402,-0.48339,0.07927,-0.51008,1.34635,-0.49006,-0.16692,-0.33284,-0.44978,-0.51657,-0.38759,-0.48473,-0.3596,-0.40445,-0.06194,0.18164,-0.27513,0.45209,-0.95725,-0.31828,-0.16381,0.09784,0.5099,-0.2172,-0.15614,-0.07937,0.25282,0.69747,0.91133,-0.44374,2.519,-0.6041,1.49853,-0.26809,0.01911,0.17211,3.57693,-0.37348,0.27755,-0.3923,-0.29179,1.33473,-0.72533,0.65194,-0.1705,-0.34643,-0.20065,-0.19564,-0.22114,1.16873,-0.50788,1.12793,-0.45699,0.09492,0.13241,-0.1656,1.82377,0.22441,3.35287,4.87426,1.29335,2.00484,1.96559,-0.38368,-0.04868,-0.3896,-0.44787,-0.02523,-0.28095,-0.47864,-0.3045,2.48388,0.01589,1.27363,-0.06027,1.05536,0.85659,-0.11521,0.79046,-0.62552,0.54821,-0.09162,0.21947,-0.46776,-0.24545,0.85593,-0.24566,0.97936,before Th
-0.33923,-0.28366,0.37321,2.4531,-0.58074,0.07022,-0.33175,-0.39074,-0.07087,-0.41432,0.55273,-0.29971,-0.55348,1.05441,0.22443,-0.46863,-0.81681,-0.47707,-0.15591,0.0123,4.11155,-0.55253,-0.34998,2.46782,-0.42456,0.64824,1.18453,0.2176,-0.12607,-0.28984,2.53559,-0.31489,-0.25252,0.23768,-0.72895,0.76443,-0.15025,0.26375,0.68117,-0.36002,0.06171,1.87798,1.195,-0.17032,1.22893,-0.0768,-0.66247,-0.20479,0.37698,0.09252,0.36892,-0.57836,-0.22121,-0.15602,0.30521,-0.34526,0.29328,0.08197,-0.48108,-0.14188,-0.06182,-0.49339,-0.05321,0.06666,-0.12052,0.5312,1.0712,0.36922,1.1399,-0.42485,-0.10335,1.29375,0.34998,-0.02681,0.62283,0.31842,-0.08498,-0.60968,1.8849,1.26305,-0.10588,0.07126,-0.30779,-0.53114,1.64401,0.0465,1.17132,0.3066,-0.26309,1.79829,0.89287,0.11805,-0.57837,0.8475,-0.41481,1.21845,-0.06723,-0.05765,1.79772,-0.0561,before Th
-0.34986,-0.72948,-0.83348,-0.63772,-0.88024,-0.36497,0.28977,-0.95364,-0.11685,-0.73654,-0.28111,-0.49919,-0.69902,-0.79314,-0.46808,-0.62103,-0.79742,-0.56863,-0.33306,-0.39511,-0.44809,-0.83252,5.25623,-0.64197,-0.63118,-0.59805,-0.52239,-0.38692,-0.33749,-0.33543,-0.91949,-0.4247,-0.40205,-0.48804,-0.8642,-0.48511,-0.36915,-0.49854,-0.80345,-0.71784,-0.74384,-0.15292,-0.68315,-0.18252,-0.3647,-0.33994,0.76627,-0.48121,-0.42184,-0.48608,-0.83028,-0.51138,-0.33475,-0.48097,-0.53213,-0.82341,0.14511,-0.93307,-0.70288,-0.84749,-0.43344,-0.72164,-0.4632,-0.78471,-0.43877,-0.55671,-0.7714,-0.46731,-0.63546,-0.54624,-0.6467,-0.62215,-0.65295,-0.76991,-0.4886,-0.47277,-0.50777,-0.76818,-0.70825,-0.77251,6.6143,-0.47516,-0.39353,-0.70079,-0.82042,-0.75246,-0.54379,-0.59327,4.31337,-0.55064,-0.72167,-0.7824,-0.64588,-0.40739,-0.68395,-0.89775,-0.82048,-0.41856,-0.1611,-0.77248,before Th
-0.24403,-0.49669,-0.25689,4.58638,-0.61455,4.50808,-0.21955,0.15828,0.15111,2.66354,0.66643,1.65335,-0.35852,-0.61778,3.53123,-0.54971,2.47423,-0.3763,0.65511,2.08629,2.55699,-0.55905,0.14104,-0.50688,-0.52247,-0.09232,-0.06343,-0.41622,-0.15837,3.59165,-0.87185,-0.29372,-0.12201,4.53985,-0.08057,-0.49885,5.15089,-0.12125,-0.22357,-0.34231,-0.3449,-0.15689,-0.49047,1.60088,-0.34966,0.15037,3.72039,-0.30114,-0.38275,2.63848,-0.84606,-0.57827,1.27859,3.13572,1.62923,3.7642,-0.30271,-0.63741,1.96333,-0.55765,0.10997,1.11557,4.28362,-0.56168,-0.52311,0.1125,-0.67188,3.25186,0.23582,-0.5344,-0.00934,-0.77977,0.17,2.00711,0.48351,-0.58612,0.1157,0.97255,-0.51868,-0.70716,0.9934,0.62756,5.07233,0.10816,0.12986,-0.19146,-0.36752,0.42011,-0.11255,0.75931,-0.0163,-0.55826,2.05273,-0.21999,0.83396,3.15923,1.37674,-0.41997,1.04427,0.14411,before Th
-0.33243,0.52356,0.52378,-0.44558,-0.55653,-0.25498,-0.35514,-0.05158,-0.40411,-0.6106,0.58836,-0.22204,0.75444,-0.0068,-0.18048,-0.44005,1.35595,0.35946,-0.13568,-0.34756,0.872,-0.50901,-0.36934,-0.58043,1.33085,0.30539,-0.01953,-0.45185,0.11515,2.20806,1.31958,-0.1183,-0.13778,-0.24222,-0.20315,-0.53779,-0.03517,1.12714,-0.81221,0.21558,-0.43822,1.67941,-0.7143,0.9828,-0.47435,-0.20518,-0.19008,0.03669,-0.11595,-0.24622,-0.26052,-0.347,-0.26778,0.90981,0.46573,0.84462,-0.15031,-0.22966,-0.29171,0.32289,-0.38245,-0.12811,-0.50967,0.15564,0.46199,-0.06691,1.48341,-0.21723,-0.51562,-0.23694,1.52502,0.33756,0.74831,-0.52211,-0.44472,0.10106,0.04998,0.05644,-0.50926,0.32082,-0.29687,0.40876,-0.23912,-0.55796,-0.27118,1.73632,0.34565,-0.65173,-0.30533,-0.38138,-0.66028,0.63766,-0.31205,-0.03382,-0.55228,-0.42214,0.07742,2.59017,-0.46793,0.56498,before Th
-0.34834,-0.55802,0.49001,1.1767,-0.08897,-0.23656,-0.37654,0.65551,-0.31269,1.00403,-0.25845,0.86315,-0.10271,-0.14266,-0.32568,0.85166,1.38494,-0.5429,-0.07055,-0.33158,-0.493,-0.67266,-0.33664,0.64952,-0.53006,-0.35156,-0.13742,0.04931,-0.19824,-0.41755,0.27191,-0.21501,0.15316,-0.35643,-0.77003,-0.26254,-0.21718,-0.04604,0.58685,0.35456,0.47961,0.07163,-0.077,-0.49933,0.12265,-0.24772,-0.47246,-0.0104,0.79031,-0.435,-0.72748,0.59862,-0.34173,0.37894,-0.53293,0.68898,-0.35617,-0.8648,-0.21583,0.58675,0.22119,-0.69706,0.52707,-0.87865,-0.46306,0.39688,-0.55801,-0.32071,2.73354,-0.50223,1.36278,0.39902,1.96253,1.63405,-0.47514,1.66228,-0.42192,-0.72194,-0.27514,0.64916,-0.25509,3.40947,-0.34951,1.02549,0.05743,1.61122,0.52962,-0.1936,-0.41166,1.6241,0.47548,-0.375,0.30358,-0.11088,-0.0248,-0.00788,0.43538,1.05865,-0.34421,0.14754,before Th
0.19133,-0.76554,-0.8569,-0.88353,-0.63256,-0.33839,-0.36605,-0.94092,-0.32556,-0.75857,-0.25057,-0.51858,-0.61403,-0.79095,-0.46273,-0.60028,-0.91466,-0.04775,-0.31198,-0.40181,-0.68916,-0.83962,-0.03654,-0.50427,0.03743,-0.49315,-0.31238,-0.80983,-0.33476,0.27233,-0.63542,-0.45709,-0.34352,-0.48893,-0.8145,-0.41363,-0.34174,-0.42991,-0.89229,-0.50166,-0.56906,-0.59997,-0.72546,-0.37367,-0.38741,-0.31842,-0.32319,-0.59115,-0.56704,-0.44674,-0.62416,0.09047,-0.35753,0.04446,-0.82048,-0.85539,-0.34294,-0.8415,-0.54835,-0.54713,-0.51102,-0.84892,-0.35488,-0.93267,-0.7804,-0.57365,-0.59343,-0.44221,-0.77259,-0.20923,-0.71848,-0.70864,-0.88541,-0.78321,-0.47664,-0.93586,-0.51216,-0.63159,-0.7342,-0.78355,-0.37961,-0.60121,-0.23503,-0.75521,-0.77318,-0.02977,-0.50347,-0.69749,-0.45979,-0.88652,-0.43063,-0.50302,-0.80412,-0.32471,-0.38044,-0.93946,-0.70035,0.38731,-0.53451,-0.79672,before Th
-0.33922,1.64143,1.32034,0.00436,0.4122,-0.34805,-0.37512,3.22529,-0.44488,-0.03194,-0.26911,-0.30095,2.21651,-0.50485,-0.38805,1.08381,2.72773,-0.43525,-0.092,-0.35151,-0.67061,2.21583,-0.35807,1.17664,0.1601,-0.09819,0.17666,1.90222,-0.17762,-0.53571,1.82247,0.21254,-0.16925,-0.38404,2.38194,0.84057,-0.24976,-0.29981,1.03855,-0.38718,-0.63964,-0.11059,0.96175,0.16905,0.01362,-0.29759,-0.59459,-0.36642,-0.13179,-0.28799,0.75948,0.52059,-0.28,-0.28268,-0.60117,0.39165,-0.29891,-0.8081,5.11314,1.49293,0.4145,0.61927,-0.43418,1.03371,-0.74419,0.18058,1.07397,-0.39088,-0.75509,-0.29247,2.23232,-0.2268,0.23274,0.40578,-0.47756,0.33546,-0.49534,-0.38555,-0.29439,2.27124,-0.29249,-0.52027,-0.3577,2.76315,0.95836,-0.22166,0.30872,-0.48939,-0.42676,1.11459,-0.10966,1.5485,0.02841,0.31948,0.72397,-0.51202,-0.06492,3.06619,0.40602,2.86179,before Th
0.14267,2.33603,0.21273,1.12009,-0.1648,-0.0891,-0.30845,-0.44534,0.32047,1.37072,-0.31079,-0.01389,0.13026,-0.2351,-0.08559,-0.38245,0.71354,0.38786,0.00872,-0.26127,0.65201,0.02052,0.03582,-0.3778,2.77891,-0.08597,-0.17731,4.06335,-0.21476,-0.5708,1.67541,5.8545,-0.26272,-0.2543,1.45027,0.24754,-0.2503,0.33993,-0.12518,1.24392,0.56554,-0.44795,0.51496,0.44459,0.24045,-0.16928,2.64928,-0.1963,-0.44821,-0.15844,1.62864,-0.07052,-0.22912,-0.57876,-0.67823,-0.68304,-0.41156,-0.70788,-0.4202,-0.14763,0.04776,0.49053,-0.18763,0.73834,0.34886,6.07434,0.27553,-0.15719,1.32339,-0.57765,1.27076,-0.00046,0.33427,1.82911,-0.42968,0.95906,0.56056,0.90025,-0.563,-0.21921,0.11712,0.1157,-0.29332,0.7905,1.49684,1.12595,0.06827,-0.13485,-0.44886,-0.84573,0.72767,0.25964,0.79934,-0.07517,2.78974,0.08128,0.0157,-0.50993,0.30728,0.34659,before Th
-0.3464,0.10588,-0.64111,-0.89222,-0.86624,-0.30177,-0.4085,-0.81274,-0.43831,-0.24526,-0.33047,0.02872,-0.26637,-0.6768,0.08368,-0.61347,-0.95951,-0.55701,-0.18202,0.35278,-0.54866,-0.22993,-0.49106,-0.83337,-0.68491,-0.12883,-0.51831,-0.60815,-0.35364,0.51487,-0.72655,-0.47007,-0.43498,0.1127,-0.88748,-0.23147,-0.11778,-0.47571,-0.88597,-0.62745,-0.80312,-0.6583,-0.9519,-0.37702,-0.55879,-0.29926,-0.36182,-0.60499,-0.48858,0.34148,-0.64345,-0.58997,-0.10545,-0.64576,-0.7995,-0.48112,-0.43277,-0.92282,-0.62579,-0.57458,-0.31156,-0.51035,-0.16372,-0.76206,-0.67593,-0.4997,-0.38135,-0.185,0.05736,-0.4543,-0.69512,-0.77642,-0.69217,-1.01635,-0.41305,-0.93126,-0.26211,-0.00123,0.06936,-0.76218,-0.46856,-0.68882,-0.38824,-0.81072,-0.61665,-0.80988,-0.38841,-0.4213,-0.42725,-0.76028,-0.12634,-0.7805,-0.69594,-0.43561,-0.81294,-0.14174,-0.35602,-0.51974,-0.45885,-0.52567,before Th
0.0207,-0.69312,-0.89507,-0.79533,-0.764,-0.34179,-0.40692,-0.73657,-0.25398,-0.74901,-0.32308,-0.50093,-0.52218,-0.52509,-0.4426,-0.57441,-0.66699,0.05483,-0.26168,-0.3903,-0.58237,-0.86688,-0.08479,-0.80029,-0.1958,-0.51508,-0.42237,-0.63631,-0.34631,-0.68085,-0.72767,-0.30927,-0.39242,-0.44558,-0.49236,-0.59206,-0.29941,-0.283,-0.79366,-0.72064,-0.93731,-0.02411,-0.75458,-0.6584,-0.24721,-0.28836,-0.62139,-0.59989,-0.52387,-0.43365,-0.49417,-0.34386,-0.31449,-0.65965,-0.78155,-0.83319,-0.32135,-0.80106,-0.5925,-0.87347,-0.46672,-0.89246,-0.43329,-0.84894,-0.49724,-0.56419,-0.58685,-0.46132,-0.8207,-0.27161,-0.72584,-0.67415,-0.57476,-0.58391,-0.49085,-0.55563,-0.49874,-0.59413,-0.57532,-0.77702,-0.44897,-0.64985,-0.32606,-0.72745,-0.76587,-0.75179,-0.37773,-0.70237,-0.46335,-0.79762,-0.62882,-0.69349,-0.76999,-0.33127,-0.79953,-0.81676,-0.89158,-0.12818,-0.0092,-0.7512,before Th
-0.2768,-0.74487,-0.76943,-0.87402,-0.74079,-0.36855,-0.40958,-0.93843,-0.4526,-0.71763,-0.3032,-0.50817,-0.51122,-0.71485,-0.48448,-0.5367,-1.09466,0.39818,-0.34592,-0.41572,-0.72862,-0.83413,-0.54311,-0.8343,-0.09299,-0.56711,-0.47036,-0.79571,-0.32047,-0.59921,-0.82488,-0.4344,-0.24704,-0.4974,-0.87325,-0.68408,-0.35822,-0.49069,-1.02887,-0.58139,-0.52665,-0.65144,-0.97218,-0.53007,-0.37911,-0.34158,-0.49997,-0.5482,-0.52349,-0.468,-0.59444,-0.05832,-0.34757,-0.603,-0.72148,-0.8677,-0.4415,-0.41251,-0.72685,-0.79735,-0.52965,-0.87069,-0.16988,-0.44412,-0.6142,-0.29606,-0.74407,-0.4574,-0.61534,0.13453,-0.57648,-0.6805,-0.83166,-0.69769,-0.48939,-0.55713,-0.51996,-0.59993,-0.69851,-0.69546,-0.43921,-0.62638,-0.38065,-0.76612,-0.9068,-0.64191,-0.53387,-0.67586,-0.46409,-0.69967,-0.41573,-0.37447,-0.77919,-0.43096,-0.77814,-0.87965,-0.96294,0.34936,-0.57424,-0.88305,before Th
0.66354,0.54506,0.28853,-0.22701,-0.33005,-0.20886,-0.27898,1.005,-0.36944,-0.68292,-0.09241,-0.22762,0.08144,-0.48631,-0.26231,-0.32096,-0.33725,0.82191,-0.20093,-0.35624,1.30725,2.65845,-0.07289,0.1901,2.9733,0.01073,0.38392,0.04275,0.31054,3.50786,0.5108,0.99538,-0.07069,-0.11979,-0.63291,-0.17719,-0.32302,-0.00795,1.43551,-0.41446,1.70948,0.49606,-0.43687,-0.30065,0.63428,-0.14477,-0.54364,0.02843,-0.30048,-0.17269,3.79202,0.04041,-0.20661,-0.22874,-0.44739,-0.20313,-0.3198,2.00174,0.85814,0.24052,-0.01137,2.26056,-0.31711,3.46188,0.37,-0.34335,-0.36053,-0.22366,2.8746,-0.26672,-0.20046,-0.23199,0.30547,-0.56427,-0.279,-0.14231,0.09168,0.30263,-0.507,2.56373,-0.15956,0.03991,-0.22375,0.32069,-0.57841,4.99296,-0.1727,0.26265,-0.2055,-0.54971,-0.17347,1.09513,1.19277,0.334,0.27799,-0.0662,-0.16427,1.26709,0.04925,0.96926,before Th
-0.31822,-0.06241,0.14114,-0.13951,-0.69518,-0.22849,-0.37071,0.56311,0.04858,-0.72106,-0.2837,-0.36715,-0.19219,-0.39119,-0.31722,0.69047,1.31376,0.51874,-0.1118,-0.27549,0.32082,-0.5586,-0.43916,0.35365,-0.01641,0.43401,0.36232,1.52411,0.90504,-0.03394,1.90073,-0.25092,-0.34102,-0.19554,2.61714,5.20795,-0.34019,-0.17236,0.06096,-0.50858,0.84507,0.82957,0.16972,-0.51721,2.55626,-0.2385,0.58081,-0.04073,-0.24477,-0.18446,0.46564,1.5704,-0.30762,-0.20287,2.16797,-0.65391,-0.35687,1.89523,2.95503,-0.46213,0.49316,-0.5396,-0.3946,-0.60564,-0.1429,0.27862,0.03707,-0.22591,1.10032,-0.27954,0.08495,0.03101,0.9497,-0.69361,0.04816,-0.75085,-0.18131,0.37965,-0.39139,3.5988,0.3042,0.10736,-0.18582,-0.17469,2.39222,1.12374,0.06314,-0.46337,-0.2998,0.46833,-0.48412,1.33854,-0.56683,0.23148,2.55946,-0.11296,0.06687,-0.48247,1.049,2.10046,before Th
-0.33667,-0.55138,-0.48591,-0.63549,-0.86664,-0.35821,-0.40642,-0.86862,-0.3712,-0.77187,-0.34161,-0.52805,-0.70077,-0.72436,-0.44797,-0.11852,-0.49118,-0.5324,-0.32973,-0.38637,-0.1764,-0.66326,-0.56692,-0.84707,-0.2938,-0.47886,-0.38519,-0.79723,-0.28519,-0.51829,-0.77672,-0.47136,-0.42657,-0.48615,-0.77251,-0.08158,-0.36132,-0.511,-0.88494,-0.33579,-0.66586,-0.65313,-0.816,-0.66676,-0.36626,-0.33747,-0.66772,-0.3822,-0.37386,-0.45178,-0.63918,0.43625,-0.35086,-0.41233,-0.68832,-0.63028,-0.34915,-0.76575,-0.72823,-0.86475,-0.52404,-0.62922,-0.51553,-0.66386,-0.78816,-0.52556,-0.55171,-0.44185,-0.85875,-0.59276,-0.4686,-0.55461,-0.96788,-0.73471,-0.49587,-0.53734,-0.64582,-0.59084,-0.71301,-0.39715,-0.3647,-0.70497,-0.38275,-0.63281,-0.51149,-0.54415,-0.52243,-0.46811,-0.37839,-0.8856,-0.77593,-0.17158,-0.59626,-0.31511,-0.10006,-0.74481,-0.76169,-0.53228,-0.54189,-0.82879,before Th
6.99488,2.62336,0.08341,-0.11344,1.2815,-0.33839,-0.33017,0.53597,-0.35901,-0.42419,-0.16674,-0.21814,-0.24581,-0.31022,-0.21572,-0.26993,1.07355,3.45833,0.00658,-0.3919,-0.65385,1.27358,-0.30713,0.76645,3.18441,-0.43234,0.12341,0.86075,0.40942,0.02646,0.66922,0.47298,0.03469,-0.26515,0.29241,-0.48685,-0.30235,-0.24491,-0.06467,0.23622,-0.93549,-0.45035,2.71227,-0.47928,0.75052,-0.28269,-0.29911,1.87652,-0.43713,-0.39413,2.68301,1.95564,-0.28142,-0.37093,0.03464,0.65172,-0.44541,-0.77044,0.54925,-0.19136,0.69642,1.28492,-0.12385,1.35298,0.23112,-0.46615,0.65639,-0.39638,-0.2838,-0.40648,-0.00382,0.20166,0.30169,0.87297,-0.47178,0.44396,0.2838,-0.66299,1.22152,-0.64155,0.93404,-0.28999,-0.24321,-0.57636,-0.9044,0.5666,0.19185,0.29042,-0.08628,-0.3341,0.78931,-0.09849,0.50029,-0.23693,3.51705,-0.63564,-0.26576,-0.48603,-0.45015,1.49381,before Th
-0.29794,-0.64469,-0.98746,-0.82493,-0.77681,-0.37185,-0.37121,-0.95598,-0.18416,-0.75129,-0.06687,-0.46333,-0.701,-0.51144,-0.48694,-0.56099,-0.88078,0.00018,-0.22076,-0.41262,-0.01726,-0.86493,-0.17985,-0.73429,0.22476,-0.57852,-0.5017,-0.5594,0.18086,-0.54072,-0.49472,0.0501,-0.37554,-0.48179,-0.88165,-0.16213,-0.31808,-0.497,-1.01343,0.05265,-0.75904,-0.30843,-0.43484,-0.6711,-0.63304,-0.32523,-0.55218,-0.6045,-0.54184,-0.44715,0.03603,-0.38739,-0.347,-0.67572,-0.46405,-0.83385,-0.28353,-0.91022,-0.22186,-0.62078,0.22119,-0.7975,-0.44826,-0.63884,-0.73598,-0.59336,-0.6737,-0.44124,-0.51256,-0.59471,-0.70361,-0.71534,-1.07387,-0.78185,-0.40639,-0.99397,-0.4504,-0.65801,-0.70858,-0.53722,-0.29557,-0.71072,-0.38405,0.17599,-0.9218,-0.69603,-0.50633,-0.69442,-0.28544,-0.65589,-0.61531,-0.35052,-0.3945,-0.39396,-0.41024,-0.86181,-0.87238,0.04166,-0.45563,-0.58613,before Th
-0.34579,4.26859,1.90626,2.48164,2.1658,0.92338,-0.33608,2.2716,-0.19872,1.74063,0.42808,2.05932,-0.22159,-0.53973,2.05293,-0.50062,0.57942,-0.53085,0.68183,1.77958,0.31498,1.75089,-0.41425,-0.69013,-0.47958,2.87922,-0.07718,0.10359,-0.20955,1.71488,0.25401,-0.34681,-0.2337,1.78032,-0.83852,-0.0133,2.07677,-0.21466,0.65258,3.00507,0.6954,-0.51734,0.32416,0.3308,-0.4742,0.76458,1.79476,0.45436,-0.39218,2.71197,0.70109,-0.57613,3.95958,-0.54553,0.20926,1.2754,-0.25878,1.72659,0.05875,-0.60927,-0.47829,2.79158,1.56737,-0.7476,1.83235,-0.2891,0.09523,1.0954,3.2595,2.79622,-0.46945,-0.18632,1.06064,-0.02077,-0.06803,0.58269,1.93475,2.05798,2.73639,-0.55651,0.05421,1.76475,0.06691,-0.53925,0.90266,-0.3224,1.39093,0.14817,-0.32436,1.3893,0.83058,-0.67329,0.19535,-0.36563,-0.63922,1.39209,0.61271,-0.5175,-0.42309,2.13162,before Th
-0.22693,0.10664,0.50288,1.63028,-0.44949,-0.29815,0.21028,0.25895,0.49702,-0.25503,-0.24673,-0.39459,1.45837,-0.63534,-0.36028,1.64689,0.03777,0.12763,-0.24879,-0.33638,0.35048,-0.32967,-0.49011,1.12602,-0.01424,0.31234,-0.15521,1.92538,-0.17638,-0.6269,-0.13535,-0.24086,0.01355,-0.37446,1.2286,0.09472,-0.17568,-0.2218,0.56806,-0.03202,0.10049,0.19839,-0.22115,-0.46073,-0.4861,0.03063,0.0576,-0.23464,0.59442,-0.39198,0.73966,0.91398,-0.32228,0.15668,1.11436,-0.40758,0.4528,-0.76209,0.22483,-0.1986,0.23402,0.43844,-0.48996,0.02466,3.61385,0.42089,0.74621,-0.34789,-0.22694,-0.06577,-0.34161,1.35853,0.4411,1.68482,0.39165,-0.89866,-0.28658,0.4577,0.96678,2.36003,-0.2539,-0.06061,0.79714,1.75024,3.9205,-0.04046,-0.40393,-0.59996,-0.4388,0.87598,-0.5771,1.44562,1.53014,-0.20286,-0.7735,-0.54216,0.18258,0.65889,-0.46187,2.4859,before Th
-0.21507,-0.45867,0.45368,0.35587,-0.55553,4.1866,-0.30787,3.25986,0.81225,-0.48778,1.60764,0.30123,-0.06516,-0.1868,3.78688,-0.59028,-0.86697,-0.38344,0.16691,2.51131,-0.44093,1.36244,1.50839,-0.34087,-0.59239,0.04708,0.33868,-0.19394,-0.15017,-0.55791,-0.92582,-0.26261,0.7095,3.35862,-0.71124,1.93088,4.50495,0.03785,0.10536,0.41406,0.91663,1.1768,-0.55755,-0.38921,5.22202,0.57538,-0.37183,0.25584,-0.32787,2.3269,-0.78994,-0.49778,3.38122,-0.36167,0.01558,-0.58884,0.52662,-0.3813,0.09031,2.36771,-0.39149,-0.70588,1.30559,-0.78911,-0.20284,-0.1847,-0.63201,2.382,0.28656,3.83662,-0.36979,-0.12405,1.18745,-0.79091,1.68611,3.39881,-0.02669,3.01663,-0.10651,-0.73576,1.46948,0.05051,0.90184,0.01227,1.26896,0.24566,2.01163,0.2044,-0.32571,1.53592,-0.09437,-0.54465,0.35129,-0.33843,1.60883,0.76777,0.04299,-0.45564,-0.42064,-0.95931,before Th
-0.29886,-0.28894,-1.01195,-0.26224,3.3372,-0.25183,4.00429,-0.41724,0.44034,-0.06124,-0.19267,-0.18581,-0.42135,0.34002,-0.2791,0.42866,-0.7012,-0.50564,-0.05905,-0.26024,-0.31822,2.55309,0.41305,-0.62074,-0.20546,0.16055,-0.48357,-0.58798,0.01094,-0.5708,-0.79324,-0.37008,-0.33072,-0.29941,0.69101,-0.49351,-0.24684,-0.29729,0.45191,0.02376,1.73041,-0.50736,-0.17465,1.43797,-0.23123,-0.33797,-0.70712,1.38434,-0.37127,-0.28571,0.65938,-0.08114,-0.33154,-0.05496,0.46237,-0.23676,1.9762,-0.78597,0.07806,-0.64955,-0.14573,-0.11168,-0.02923,-0.15762,-0.60059,-0.0129,1.42773,-0.31707,-0.35663,-0.38442,-0.06611,1.81448,-0.73155,-0.90242,0.28699,0.65124,-0.2856,-0.61481,-0.2442,-0.62728,0.76939,-0.55956,-0.3039,-0.45957,-0.88408,-0.42743,-0.43882,-0.42528,2.07082,-0.82803,-0.68473,-0.57103,-0.68705,0.00911,0.35803,0.88344,-0.31728,-0.41858,-0.25398,0.30659,before Th
1.87792,-0.53637,-0.13987,-0.30476,-0.68477,-0.28191,-0.38694,-0.27369,-0.25987,-0.59647,-0.27948,-0.38226,-0.25723,-0.47509,-0.32464,-0.45408,-0.72899,1.96014,-0.31009,-0.27384,-0.63944,1.03664,1.57774,-0.32179,2.74916,-0.10378,0.01296,-0.47078,1.52252,0.2857,0.08804,-0.36985,-0.21328,-0.22154,0.95232,-0.37136,-0.22415,-0.12251,-0.25093,-0.31369,1.11415,-0.21823,2.01499,-0.14191,0.15304,-0.21853,0.05095,-0.26716,-0.38349,-0.37415,2.39434,1.19586,-0.33966,-0.39762,1.29635,0.47288,-0.07724,-0.63169,-0.22428,3.72978,2.29322,-0.31002,-0.39315,1.94023,0.28881,-0.2689,0.94066,-0.37066,-0.4452,0.30755,1.98839,0.05209,0.29304,0.93371,-0.31973,-0.58948,-0.00385,0.34953,-0.27562,-0.16489,0.54266,-0.4601,-0.11865,-0.25437,-0.40845,-0.25351,-0.42989,0.2321,-0.26555,-0.84645,1.06239,1.69835,0.02776,0.23862,1.44207,-0.20312,0.07763,-0.51383,-0.44636,0.0198,before Th
-0.34463,-0.51736,0.37635,0.01258,-0.4517,-0.37555,-0.30362,0.21007,0.36896,-0.62692,-0.25758,0.09369,0.72566,0.47197,-0.48306,2.73089,0.94938,-0.43654,-0.28748,-0.39926,-0.6046,-0.55699,0.26086,0.1781,-0.32204,-0.35766,-0.40477,0.73703,-0.15154,1.22027,-0.17715,-0.31114,-0.11525,-0.30284,-0.73548,1.91688,-0.22971,3.91648,0.44078,-0.21732,3.16546,0.97498,-0.59275,0.72364,1.76218,-0.03538,-0.63315,-0.33997,-0.07342,-0.28912,-0.49881,-0.41462,-0.14672,-0.08602,0.85292,-0.66622,-0.05882,0.8604,0.18482,-0.278,-0.25333,0.25667,0.30069,2.57354,0.04692,2.66245,-0.19551,-0.386,-0.52568,0.71054,0.36837,0.7111,-1.0155,-0.66686,-0.26015,-0.85113,1.08236,0.91631,0.21688,-0.00716,0.58379,0.56744,-0.3012,-0.4775,0.14137,0.13621,-0.42803,0.50264,0.23419,-0.52795,-0.49444,-0.64452,-0.26499,-0.38818,-0.68171,1.37066,-0.01589,5.2925,-0.18229,-0.09372,before Th
-0.34425,-0.29784,-0.17445,0.88602,2.30285,-0.23995,0.11256,1.06379,-0.38563,-0.28205,0.00151,-0.41936,-0.45654,-0.29241,-0.13911,0.03285,-0.78508,-0.42595,-0.26709,-0.28896,-0.54433,-0.39541,-0.4033,-0.59766,-0.17577,0.58122,4.10451,-0.6501,-0.09726,-0.24376,3.88157,-0.04018,-0.27987,-0.02366,-0.65402,-0.24667,-0.0195,-0.24967,0.32579,-0.41247,-0.49471,-0.25972,0.77211,-0.4609,-0.3694,-0.31014,0.86096,-0.18999,-0.12536,-0.35222,-0.25233,-0.39615,-0.33333,1.62291,-0.30161,-0.24974,0.01505,0.8078,-0.19634,-0.07858,-0.24628,-0.77773,-0.48083,-0.41938,-0.4273,0.21085,1.3592,-0.30325,-0.38856,-0.53679,-0.11014,-0.04917,1.72973,0.29351,0.10586,-0.74811,0.13506,-0.11181,-0.51256,0.53106,-0.24935,0.56304,-0.21117,-0.47579,0.01352,0.53806,-0.37674,0.99767,-0.00033,1.13007,-0.42923,0.0089,-0.56103,4.63088,1.06221,-0.5577,0.11514,0.11844,-0.31905,-0.07136,before Th
-0.34307,1.43504,-0.82613,-0.05119,0.00566,-0.3153,-0.32285,-0.88818,-0.40384,-0.64957,-0.17327,-0.29289,0.92405,2.29928,-0.14304,-0.03978,-0.4182,-0.34059,-0.28932,-0.25967,2.84807,2.36642,-0.29253,-0.47073,-0.2797,-0.45449,3.4386,-0.48762,0.07665,-0.28912,1.4407,0.62302,-0.04646,-0.15891,-0.61642,1.12969,-0.13256,-0.283,-0.78624,0.58645,0.96866,5.73676,2.66547,0.73366,0.04887,-0.20775,-0.67983,-0.23246,-0.06255,-0.17901,-0.34602,-0.30722,-0.15213,4.30833,-0.45171,-0.20038,0.29687,2.52626,0.44232,1.81763,-0.04211,-0.3179,-0.14267,0.76371,4.7944,0.40854,-0.4718,-0.36369,-0.54186,2.49713,-0.55157,-0.07695,-1.02138,-0.74755,-0.47091,0.55656,-0.56086,-0.72389,-0.50781,1.9545,-0.0667,-0.36143,0.36265,-0.4223,-0.736,-0.19355,0.96092,-0.62731,1.69976,-0.772,2.19241,-0.5359,-0.47379,2.28611,-0.52342,0.06555,0.53426,0.42853,-0.32775,0.47292,before Th
-0.32032,-0.44441,-0.93167,0.06672,0.22814,-0.28012,-0.12241,-1.02542,-0.31242,0.71288,-0.1434,-0.3744,-0.58098,-0.48509,-0.45249,1.88452,1.79023,-0.26452,-0.31892,-0.34641,2.67847,0.99381,3.96172,0.32749,-0.39612,-0.33327,-0.35384,-0.47454,-0.15849,-0.49609,-0.88943,1.04473,-0.01348,-0.47943,-0.65846,-0.3963,-0.10505,1.06286,0.04673,3.44476,-0.63601,-0.39166,-0.72734,3.52966,-0.52025,0.19582,1.11654,-0.06112,0.21408,-0.45574,-0.84139,-0.08463,-0.31838,0.4149,-0.69521,4.10935,0.56813,-0.80795,-0.40382,-0.48087,-0.29963,-0.72738,-0.15624,-0.81637,1.40278,1.07034,-0.31199,-0.39067,0.16256,-0.0499,-0.11934,0.63687,-1.03532,1.27489,-0.48086,1.98627,-0.05095,0.19529,-0.12641,0.04291,-0.20662,-0.6147,2.41291,2.05867,0.05439,0.14624,-0.45773,-0.62989,0.95863,-0.04673,5.26749,-0.58654,1.45664,-0.28292,-0.53575,0.00874,1.36578,-0.44263,-0.31224,-0.52844,before Th
-0.27787,-0.36883,-0.10874,1.78648,-0.4717,-0.27053,-0.29996,0.64639,-0.28046,-0.08046,-0.1168,-0.4385,-0.44359,-0.40485,-0.08857,0.20128,-0.3062,-0.28569,-0.1697,-0.35205,-0.30485,0.10607,-0.16811,-0.10424,-0.44633,-0.22943,1.95688,-0.52705,1.16887,-0.6596,1.45103,-0.32132,-0.28736,-0.11884,-0.74897,-0.10265,-0.28224,-0.23973,-0.50688,-0.42352,-0.8345,-0.329,0.05208,1.28424,0.16385,-0.29144,-0.31444,0.01848,2.21557,0.13408,0.06208,-0.26858,-0.19555,-0.41696,2.3836,-0.6117,-0.44648,0.22468,2.37277,1.20194,-0.28154,-0.73126,-0.26154,0.10993,0.43196,0.10895,-0.56211,-0.18135,-0.62212,2.42008,1.39478,1.65083,1.63802,2.11,-0.42687,2.53459,-0.3549,-0.71799,-0.28126,0.45416,-0.36606,0.17814,-0.32596,0.28608,0.46713,-0.32173,-0.22165,-0.13639,1.16699,5.15893,-0.05107,-0.50346,-0.6188,1.15945,-0.67373,0.23869,0.39819,-0.37955,-0.47303,0.3427,before Th
-0.33939,-0.5458,-0.97549,-0.3508,-0.19121,1.53725,4.38868,1.14945,-0.35834,0.03425,-0.279,-0.40481,-0.3685,0.08881,2.30995,-0.5857,-0.99707,-0.44514,1.05326,4.64119,-0.36861,-0.71926,-0.4325,-0.56597,-0.56188,0.71791,-0.42569,-0.64378,-0.17253,3.62411,0.35263,-0.21267,4.56132,2.32702,0.86847,0.69095,1.39373,0.08715,-0.33442,-0.32501,-0.8857,0.57304,-0.36704,1.8689,-0.5378,5.34833,2.94594,-0.32104,-0.42983,5.76469,-0.8412,-0.57212,2.1987,2.47765,0.83787,-0.0388,4.40349,1.24339,-0.0218,-0.21158,-0.15568,-0.66488,1.14831,-0.83839,0.21796,-0.32741,-0.42162,3.26196,-0.70698,1.76745,-0.44326,-0.77529,-0.51824,0.12474,-0.01667,0.63992,0.96986,3.72066,2.61031,-0.01814,-0.2919,1.93326,-0.1441,-0.47547,0.87436,-0.70319,6.04211,-0.60805,-0.24148,1.64915,3.34663,-0.04595,-0.4679,-0.37209,2.55033,3.44041,4.66839,-0.50337,3.43836,-0.97587,before Th
-0.33814,-0.40247,1.25938,-0.38697,-0.60515,0.09628,-0.30545,0.40345,-0.39023,1.3198,-0.19468,1.40803,4.53543,4.14269,0.60679,-0.4904,1.20056,-0.38327,7.12244,1.4959,-0.60949,-0.65147,-0.15271,-0.45011,-0.55106,3.43292,-0.4565,-0.56663,-0.00621,-0.61473,-0.46744,5.0195,-0.30694,0.76108,0.20468,-0.46951,-0.13888,2.22834,-0.75401,-0.27722,-0.42915,0.45529,-0.81716,1.9182,-0.48626,1.25598,2.94811,5.74669,-0.44607,0.07047,-0.71922,-0.44801,-0.32234,-0.28131,-0.31811,1.16218,1.18994,2.08862,0.14326,-0.62949,4.19418,3.17716,2.53248,-0.45285,0.01217,0.00676,0.81012,0.93392,-0.36472,-0.44637,-0.11595,-0.77593,-0.61188,1.56469,0.33942,-0.6375,2.35872,0.1135,-0.26217,-0.6942,-0.06102,2.45831,-0.29761,5.07977,2.35886,-0.47637,0.34028,2.19166,0.22339,-0.07498,0.90624,-0.61023,-0.29532,-0.16409,0.74231,3.22909,0.60219,-0.23214,2.51144,0.27484,before Th
-0.20521,-0.18582,-0.57809,0.05004,-0.54993,-0.20881,4.69166,-1.00406,1.77256,-0.34959,-0.28822,-0.28682,-0.46423,1.70343,-0.34563,-0.58013,-0.85806,-0.4374,-0.04048,-0.26623,-0.23545,0.64327,1.03023,4.13627,-0.41982,-0.33668,-0.47864,1.23757,-0.13477,-0.36002,-0.93707,-0.2584,-0.13129,-0.2227,-0.78004,-0.34456,-0.32992,-0.2641,-0.70701,3.8565,-0.45161,-0.10818,-0.49091,-0.49064,-0.32741,-0.33853,-0.5323,-0.04801,-0.431,-0.30834,-0.12133,-0.52297,-0.33578,-0.41832,1.02674,-0.21082,0.9814,1.20397,0.31452,3.14287,-0.2432,-0.78267,1.36112,0.79356,0.59603,0.08553,-0.4434,-0.33346,0.09738,0.78683,-0.18801,0.1595,0.59269,-0.40622,-0.11597,-0.55028,-0.65925,-0.18934,0.23033,-0.51069,2.15312,-0.10636,2.50983,-0.23347,-0.74594,-0.15487,0.78594,-0.58064,5.06383,1.34779,1.04915,-0.45985,2.45581,-0.04923,-0.65125,0.19027,-0.01387,-0.43447,-0.29995,0.5047,before Th
-0.34315,-0.42555,-0.03415,-0.42902,2.07637,0.69265,-0.35972,-0.36635,-0.34378,3.609,6.86114,6.36477,0.52536,0.8849,1.51663,-0.23321,-0.05356,-0.54393,3.32317,3.11161,-0.63087,0.31644,-0.25745,0.3838,-0.54876,5.47423,-0.2936,-0.0942,6.85124,-0.70138,0.16521,-0.03386,4.68473,1.7896,1.48269,-0.633,0.97572,5.90069,0.89728,2.97938,-0.63573,-0.3474,-0.55798,-0.23833,-0.57414,6.04424,0.3472,-0.15043,-0.47512,1.44139,0.00782,-0.56512,3.04151,-0.54879,0.64403,0.21731,4.58589,-0.48679,-0.58043,2.55595,-0.40288,0.33186,3.67862,-0.08605,0.30804,-0.08253,0.95014,0.70505,-0.67614,1.85222,-0.40376,-0.30321,1.11187,1.49987,1.3838,2.59953,6.92964,3.32808,0.27214,-0.70716,-0.06883,3.17793,1.89318,0.61571,-0.08279,-0.15641,1.68354,6.94598,-0.17616,1.08341,0.65048,-0.66225,-0.05768,-0.42682,-0.78967,1.52857,3.06009,-0.51726,0.03961,0.2203,before Th
2.23253,-0.42246,-0.33893,-0.63196,-0.19481,-0.37567,-0.34249,-0.72385,0.72069,-0.61538,-0.28092,0.38329,-0.34085,0.33246,-0.48531,-0.62475,-0.81072,-0.20652,-0.04223,-0.40859,-0.53359,-0.2029,-0.28507,-0.54012,0.90077,-0.55711,-0.36388,-0.46055,0.17378,0.4867,0.57679,-0.15596,-0.40734,-0.28385,-0.80023,2.09998,-0.16666,-0.25261,1.0023,-0.10709,-0.58468,1.13602,-0.44918,-0.55497,3.75622,-0.32007,0.58214,2.06193,-0.42332,-0.17477,-0.15626,0.72443,-0.31118,0.31602,1.39759,-0.18159,0.6623,2.33564,0.11307,-0.59185,0.06892,-0.07522,-0.47605,0.46247,-0.18271,-0.39518,-0.41905,-0.34861,-0.13749,-0.55711,0.2554,-0.74102,-0.97922,-0.80255,-0.38441,0.84596,0.40394,0.38694,-0.12166,-0.55266,0.83633,1.0766,0.52026,0.03332,-0.18336,1.30538,0.20702,-0.61824,-0.25941,-0.86754,-0.08126,3.11656,-0.6836,-0.36495,-0.07563,0.38513,0.19817,-0.43326,0.07063,-0.19639,before Th
-0.35162,-0.73287,-0.98065,-0.83702,-0.78821,-0.38563,-0.32068,-0.97469,-0.44698,-0.73103,-0.05275,-0.51146,-0.70146,-0.70534,-0.47533,-0.62924,-1.05924,-0.50968,-0.3266,-0.40354,-0.71186,-0.81809,-0.19064,-0.8006,-0.65432,-0.60348,-0.40477,-0.54979,-0.32879,-0.4154,-1.03203,-0.43277,-0.38387,-0.48537,-0.50741,-0.64234,-0.37275,-0.43747,-1.08616,-0.63517,-0.96618,-0.53129,-0.88554,-0.29397,-0.63884,-0.33052,-0.70838,-0.30429,0.0732,-0.47536,-0.7025,-0.48548,-0.33045,-0.31373,-0.78508,-0.31052,-0.47102,-0.34189,-0.72875,-0.87051,-0.44719,-0.52438,-0.49853,-0.88682,-0.25277,-0.49532,-0.66016,-0.44366,-0.75925,-0.5758,-0.69894,-0.46559,-1.07479,-0.98477,0.5051,-0.9977,-0.61563,-0.70229,-0.45077,-0.53752,-0.42773,-0.80139,-0.3557,-0.76129,-0.87632,-0.7109,-0.53918,-0.29677,-0.30692,-0.69309,-0.65404,-0.70423,-0.69509,-0.42252,-0.78205,-0.8113,-0.77974,-0.46655,-0.27592,-0.94206,before Th
