531_at,35760_at,418_at,33337_at,34965_at,39310_at,38415_at,36028_at,33170_at,1434_at,38692_at,38559_at,38712_at,32816_at,34668_at,32318_s_at,40656_at,31633_g_at,37194_at,34862_at,34910_s_at,37541_at,955_at,34722_at,37490_at,39983_at,31535_i_at,40245_at,41084_at,38413_at,36964_at,33888_at,35739_at,1152_i_at,1308_g_at,32340_s_at,32954_at,34373_at,41222_at,41824_at,36115_at,36755_s_at,1929_at,32063_at,40447_at,34666_at,37446_at,36100_at,32725_at,41276_at,33386_at,32540_at,34225_at,36720_at,33294_at,31692_at,AFFX-M27830_M_at,36152_at,202_at,34033_s_at,33245_at,38626_at,39884_g_at,225_at,37930_at,1857_at,1000_at,35719_at,36143_at,35827_at,41469_at,41717_at,31744_at,39676_at,33414_at,33369_at,37409_at,41736_g_at,1076_at,914_g_at,34782_at,33404_at,32049_f_at,41710_at,1817_at,41798_at,37948_at,39586_at,37920_at,39954_r_at,41725_at,1389_at,34140_at,39130_at,37758_s_at,41579_s_at,38109_at,38788_at,39023_at,38526_at,class
-0.573,-0.8955,-0.772,-0.756,-0.7927,-0.526,-0.7158,-0.6425,-0.794,-0.8729,-0.7828,-0.8816,-0.7838,-0.8119,-0.6639,-0.9292,-0.6774,-0.867,-0.5124,-0.617,-0.5537,-0.8231,-0.8898,-0.445,-0.73,-0.9337,-0.7899,-0.7221,-0.8295,-0.6032,-0.9277,-0.7075,-1.0084,-0.6317,-0.7382,-0.7107,-0.7831,-0.8814,-0.984,-0.8419,-0.9045,-0.6244,-0.5961,-0.2856,-0.7531,-0.7845,-0.8825,-0.8124,-0.7685,-0.8824,-0.8328,-0.8177,-0.9399,-0.3053,-0.8256,-0.2715,-0.6025,-1.0435,-0.8755,-0.6504,-0.5564,-1.1076,-0.7371,-0.6784,-0.6573,-0.7613,-0.573,-0.7685,-0.5832,-0.9907,-0.6163,-0.6012,-0.5618,-0.0822,-0.6689,-0.7403,-0.822,0.2997,-0.3053,-0.5673,-0.8205,-0.2319,-0.6141,-0.2973,-0.7347,-0.7239,-0.823,-0.6316,-0.3792,-0.6931,-0.8026,-0.5152,-0.5103,-0.9799,-0.8368,-0.7439,-0.7135,-0.7394,-0.6796,-0.819,after Th
-0.65,-0.8699,-0.8234,-0.7422,-0.0701,-0.5773,-0.314,-0.4832,-0.8464,-0.9508,-0.6591,-0.7919,-0.6619,-1.0317,-0.821,-0.6995,-0.4343,-0.9108,-0.4539,-0.6914,-0.5852,-0.3942,-0.8226,-0.6866,-0.8609,-0.6515,-0.7662,-0.7806,-0.7227,-0.5343,-0.9574,-0.5753,-0.9166,-0.5157,-0.8034,-0.7932,-0.712,-0.7809,-0.7634,-0.8761,-1.0353,-0.7548,-0.7616,-0.3403,-0.7283,-0.5645,-0.7118,-0.5615,-0.6755,-0.9512,-0.7124,-0.8432,-0.9244,-0.9525,-0.8118,-0.6846,-0.2601,-0.9662,-0.7639,-0.9099,-0.7898,-0.8067,-0.7833,-0.6731,-0.6275,-0.6872,-0.65,-0.9609,-0.5857,-0.8003,-0.687,-0.8609,-0.524,-0.4431,-0.8387,-0.5927,-0.6929,-0.7698,-0.9525,-0.9044,-0.8248,-0.4901,-0.4285,-0.5528,-0.8738,-0.7104,-0.7954,-0.6217,-0.6713,-0.793,-0.9062,-0.8331,-0.4965,-1.0238,-0.4826,-0.9302,-0.8231,-0.8937,-0.9366,-0.7601,after Th
1.0979,2.4896,-0.1588,0.2076,1.6781,-0.5063,5.276,-0.4257,1.4238,1.6629,1.5811,0.9713,0.2496,0.2319,1.199,1.004,-0.5871,1.7567,0.1814,1.3096,0.3578,1.955,0.0843,0.2406,-0.3231,1.9588,0.0269,0.9665,-0.1876,0.6765,1.0116,0.0115,0.4547,0.1808,1.6367,1.7028,1.3364,1.0609,1.6152,2.7322,1.935,-0.036,0.5319,-0.1824,-0.0657,-0.6787,1.4041,-0.6139,0.2907,0.6482,0.2386,0.1053,0.9488,0.4433,0.9465,0.5291,0.1747,0.1744,1.5603,-0.8246,-0.5859,1.4188,1.113,1.8847,-0.5159,-0.5212,1.0979,-1.0359,1.2131,1.9621,0.0953,0.8071,1.1017,-0.3819,1.1183,1.0798,1.5768,-0.6713,0.4433,-0.3601,1.2769,-0.2997,0.6304,-0.8798,1.5902,0.6009,0.7329,-0.4595,-0.6196,1.552,0.036,-0.7645,-0.401,0.399,0.9414,2.2379,2.5249,0.6986,0.4614,-0.4394,after Th
-0.5983,-0.8649,-0.8509,-0.822,-0.777,-0.6225,-0.5785,-0.6316,-0.7318,-0.7131,-0.4531,-0.7343,-0.7744,-0.807,-0.7422,-1.0756,-0.5333,-0.8628,-0.4358,-0.7055,-0.4884,-0.7137,-0.8351,-0.5851,-0.8147,-0.6596,-0.807,-0.5416,-0.4759,-0.5807,-0.5908,-0.7798,-0.3779,-0.39,-0.89,-0.924,-0.9602,-0.7325,-0.8932,-0.7276,-0.9426,-0.6159,-0.7479,-0.3411,-0.5034,-0.8514,-0.7588,-0.6532,-0.9327,-0.8149,-0.4349,-0.7106,-0.776,-0.6576,-0.7825,-0.6768,-0.5396,-1.046,-0.7613,-0.785,-0.7864,-0.6877,-0.8021,-0.7724,-0.5831,-0.3615,-0.5983,-0.9475,-0.7134,-0.8426,-0.5768,-0.7134,-0.5763,-0.4045,-0.7293,-0.8525,-0.6261,-0.8591,-0.6576,0.1328,-0.6822,-0.491,-0.5918,-0.4343,-0.7675,-0.5749,-0.608,-0.6164,-0.471,-0.4012,-0.8676,-0.8572,-0.6332,-0.8231,-0.7854,-0.8811,-0.4847,-0.9924,-0.8715,-0.5343,after Th
-0.7221,-0.8959,-0.6539,-0.8867,-0.3595,0.0023,-0.6486,-0.3537,-0.8943,-0.9437,-0.7813,-0.6397,-0.7937,-0.938,-0.9717,-0.7877,-0.5846,-0.5997,-0.4481,-0.65,-0.1804,-0.518,-0.5873,-0.5982,-0.8892,-0.6235,-0.6274,-0.7386,-0.5543,-0.6515,-0.839,-0.931,-0.6531,-0.6279,-1.0413,-0.894,-0.9127,-0.6827,-0.9722,-1.0041,-1.0531,-0.6387,-0.7199,-0.3368,-0.7917,-0.3936,-0.858,-0.849,-0.8933,-0.9554,-0.5846,-0.8717,-0.9345,-0.9478,-1.0014,-0.6822,-0.33,-0.7385,-0.5589,0.0345,-0.2003,-0.8573,-0.8581,-0.5945,-0.5881,-0.2688,-0.7221,-0.7314,-0.5196,-0.9691,-0.3652,-0.9289,-0.6376,-0.4674,-0.7924,-0.605,-0.874,-0.603,-0.9478,-0.5817,-0.9111,-0.3356,-0.2278,-0.0679,-1.0033,-0.7484,-0.8167,-0.5983,-0.6194,-0.9021,-0.647,-0.1603,-0.4179,-0.81,-0.6385,-0.8194,-0.7778,-0.8104,-0.9426,-0.7065,after Th
-0.7009,-0.0099,0.7356,0.8005,-0.5884,-0.0249,0.2876,1.5623,0.3397,0.163,1.2351,1.852,0.3966,1.04,0.5507,0.5732,0.2717,-0.6163,0.7341,0.2585,1.0739,-0.3339,1.059,-0.6692,1.0739,0.1904,-0.0036,0.3765,2.3231,0.2848,1.3681,1.467,1.8371,-0.0318,-0.0188,1.0025,0.7968,1.1598,0.371,-0.3883,1.5621,-0.1755,-0.1168,-0.3071,0.2514,1.0478,0.6757,0.7598,1.0349,0.2124,1.7102,-0.0293,0.5925,0.4154,0.3242,-0.0788,-0.4391,1.8706,1.5797,1.7551,0.8795,0.7096,-0.1481,0.4972,0.6537,0.3128,-0.7009,2.0956,0.3595,0.5866,-0.0156,1.3742,-0.1339,0.0763,0.8802,-0.0085,-0.4685,0.485,0.4154,1.5884,0.1286,-0.3794,-0.5297,1.582,1.2451,0.5761,0.0339,-0.4262,-0.1938,0.6719,2.1133,2.4751,-0.061,1.5194,-0.0287,0.7996,0.6925,-0.1249,-0.2561,-0.377,after Th
-0.6153,-0.9425,0.2369,-0.8286,-0.4376,-0.5659,-0.687,-0.1148,-0.8361,-0.9137,-0.6505,-0.8557,-0.6948,-0.8169,-0.7091,-0.8995,-0.904,-0.5417,-0.4469,-0.6413,-0.5535,-0.8855,-0.7525,-0.4493,-0.9171,-0.7742,-0.8366,-0.712,-0.6955,-0.4461,-1.0117,-0.8606,-0.8191,-0.6213,-0.7964,-0.9289,-0.5889,-0.7403,-0.8512,-0.9167,-0.92,-0.7378,-0.7603,-0.2832,-0.6408,-0.6206,-0.8239,-0.5548,-0.9556,-0.8985,-0.7162,-0.8526,-0.7672,-0.7254,-0.8195,-0.7182,-0.6581,-0.8777,-0.8845,-0.5474,-0.4351,-0.7467,-0.8055,-0.6187,-0.6415,-0.7845,-0.6153,-0.8024,-0.5841,-1.002,-0.6847,-0.5146,-0.5898,-0.4337,-0.4716,-0.6882,-0.5954,-0.2261,-0.7254,-0.7537,-0.8818,-0.4948,-0.5996,-0.8691,-1.0394,-0.7317,-0.668,-0.6058,-0.707,-0.6699,-0.6792,-0.5549,-0.6262,-0.9693,-0.6513,-0.8714,-0.6113,-0.7955,-0.8922,-0.8064,after Th
0.5569,0.5021,0.303,2.2505,1.0235,-0.5738,0.1263,2.7153,0.5972,-0.2143,1.1759,0.4249,0.3808,0.2802,0.8372,1.0044,-0.5023,0.6945,8.3623,0.9517,0.5161,0.9376,0.0237,-0.0236,0.4575,0.0964,-0.5121,-0.1265,0.281,1.3043,0.6274,0.5099,1.394,-0.6314,0.4085,2.0839,0.256,1.5241,2.0438,0.6679,1.6403,0.487,-0.1152,-0.2818,1.2664,0.5844,-0.7459,0.7952,1.4565,-0.0345,-0.6078,-0.2075,0.3855,-0.2507,0.1532,4.9377,0.2498,1.5559,0.7655,0.7644,0.0942,1.3639,-0.1245,0.3353,-0.463,0.3685,0.5569,1.4789,0.0574,0.9313,0.0167,-0.1032,-0.1167,0.0043,1.4275,0.4987,0.6678,0.2205,-0.2507,-0.3992,3.721,-0.4645,0.1467,1.3228,1.6419,1.5929,0.6845,-0.5248,1.0121,-0.3153,1.1782,-0.6896,-0.5711,1.4454,0.5164,0.5513,-0.2734,0.212,1.8478,-0.7316,after Th
-0.7184,-0.9612,-1.0523,-0.8355,-0.909,-0.5116,-0.5894,-0.2004,-0.5412,-0.949,-0.6426,-0.6713,-0.6963,-0.8878,-0.7312,-0.9582,-0.7277,-0.6605,-0.4936,-0.7719,-0.3239,-0.9132,-0.7639,-0.6396,-0.7978,-0.7441,-0.8198,-0.5749,-1.0379,-0.6196,-0.9474,-0.9286,-0.7921,-0.3461,-0.8781,-0.9171,-0.6688,-0.8306,-0.3644,-0.8827,-0.791,-0.6452,-0.7624,-0.2942,-0.6824,-0.4679,-0.7868,-0.7256,-0.5987,-0.9116,-0.7738,-0.8002,-0.8777,-0.7016,-0.8928,-0.7,-0.6545,-0.719,-0.9598,-0.6706,-0.7595,-0.8671,-0.8768,-0.8861,-0.5752,-0.7421,-0.7184,-0.6892,-0.7676,-0.6887,-0.5324,-0.6877,-0.6466,-0.4641,-0.6571,-0.5664,-0.7583,-0.7547,-0.7016,-0.7272,-0.9357,-0.4865,-0.4621,-0.4572,-0.9036,-0.6294,-0.7162,-0.6433,-0.6371,-0.747,-1.0164,-0.1954,-0.4596,-0.9429,-0.8317,-0.7121,-0.678,-0.692,-0.8527,-0.5337,after Th
-0.6311,-0.9633,-0.6229,-0.8877,-0.3776,-0.5554,-0.6749,-0.7361,-0.7825,-0.8429,-0.7639,-0.686,-0.7009,-0.9606,-0.6289,-0.7394,-0.9564,-0.6942,-0.4704,-0.6777,-0.1841,-0.6426,-0.8744,-0.5358,-0.7403,-0.5979,-0.8008,-0.5544,-0.948,-0.6581,-1.0225,-0.8476,-0.3945,-0.5023,-0.9001,-0.9197,-0.8611,-0.7618,-0.8288,-0.98,-0.8987,-0.7991,-0.7458,0.6296,-0.4894,-0.5894,-0.5238,-0.7476,-0.5512,-0.8454,-0.8191,-0.716,-0.867,-0.7403,-0.8951,-0.8631,-0.5417,-1.0306,-0.7788,-0.6783,-0.4537,-0.495,-0.6588,-0.6255,-0.6192,-0.4671,-0.6311,-0.8291,-0.5479,-0.7802,-0.5959,-0.7043,-0.4175,-0.4757,-0.6523,-0.7859,-0.849,-0.4348,-0.7403,-0.8521,-0.543,-0.4891,-0.3729,-0.3983,-0.9263,-0.6133,-0.8019,-0.628,-0.3868,-0.7969,-0.87,-0.6933,-0.6654,-0.9017,-0.7776,-0.9836,-0.7892,-0.8701,-0.8764,-0.5141,after Th
-0.6269,-0.7417,-0.7589,-0.3598,0.2604,-0.5065,-0.5936,-0.7477,-0.9998,-0.8946,-0.9623,-0.6938,-0.6412,-0.9648,-0.723,-0.7517,-0.6275,-0.796,-0.46,-0.7414,-0.7481,-0.2606,-0.7021,-0.6369,-0.8939,-0.5174,-0.7117,-0.6769,-0.9854,-0.5249,-1.0883,-1.1343,-0.7848,-0.4269,-0.7645,-0.8742,-0.7685,-0.8322,-0.9601,-0.93,-1.0834,-0.7431,-0.7518,-0.3061,-0.6162,-0.2679,-0.6215,-0.4557,-0.7749,-0.9123,-0.7277,-0.8063,-1.0121,-0.6847,-0.6081,-0.4366,-0.1682,-1.1025,-0.9007,-0.8204,-0.6123,-0.7853,-0.85,-0.6794,-0.5244,-0.562,-0.6269,-0.8298,-0.5616,-0.8257,-0.3957,-0.9308,-0.3082,-0.5047,-0.5732,-0.6681,-0.5958,-0.6028,-0.6847,-0.8949,-0.8353,-0.4853,-0.4834,-0.5868,-0.5514,-0.8401,-0.6194,-0.5992,-0.5586,-0.8693,-0.9339,-0.7601,-0.5305,-0.9126,-0.5569,-1.0297,-0.8857,-0.7831,-0.8467,-0.5593,after Th
-0.6603,-0.9332,-0.8953,-0.8525,-0.6429,-0.3535,-0.5639,-0.7401,-0.7546,-0.7852,-0.8214,-0.9045,-0.6738,-0.9999,-0.7834,-0.9228,-0.5483,-0.7944,-0.4928,-0.7588,-0.5045,-0.6064,-0.9003,-0.709,-0.9368,-0.7269,-0.745,-0.6163,-0.9494,-0.5378,-0.5003,-0.7856,-0.1133,-0.5199,-0.7754,-1.0003,-0.9317,-0.6739,-0.822,-0.9315,-0.9161,-0.6121,-0.6616,-0.3369,-0.7665,-0.6231,-0.8005,-0.7889,-0.7008,-0.912,-0.7742,-0.7537,-0.9254,-0.566,-0.8313,-0.8355,-0.4874,-0.9732,-0.8356,-0.8562,-0.4825,-0.8664,-0.7417,-0.8969,-0.5632,-0.3237,-0.6603,-0.8857,-0.7079,-0.7588,-0.6282,-0.7545,-0.6281,-0.4122,-0.6888,-0.6204,-0.7523,-0.8223,-0.566,-0.9131,-0.769,-0.3817,-0.2376,-0.7815,-0.9568,-0.7696,-0.8051,-0.6529,-0.653,-0.6528,-1.0383,-0.0535,-0.4324,-0.666,-0.5499,-0.7921,-0.7257,-0.7427,-0.9143,-0.2887,after Th
-0.0878,0.8044,0.8993,0.4821,1.0822,-0.4951,0.0672,0.9706,0.551,-0.028,0.6979,0.3725,-0.9341,0.9264,0.9317,0.8314,0.6257,0.7673,-0.3088,0.0336,-0.661,-0.3785,0.3286,-0.5222,0.3561,0.2673,-0.081,0.6591,1.2254,1.1293,0.3487,1.1469,0.0292,-0.6312,2.7022,1.1828,0.7853,0.9949,1.3649,1.1402,0.5494,-0.5742,0.3551,-0.2363,3.321,-0.407,0.4135,1.5689,0.1506,0.2859,-0.3129,0.0705,0.5432,-0.1967,1.8507,0.1243,-0.0456,0.2401,0.7933,0.2946,0.4186,1.5083,1.5165,1.8103,1.3883,0.0004,-0.0878,3.0502,0.0713,0.6077,-0.1176,0.9317,0.4345,0.1003,1.1948,0.4745,-0.0716,0.1149,-0.1967,-0.3987,1.4947,-0.4494,-0.5902,1.2335,1.4497,1.6953,0.7041,-0.5536,-0.1022,1.3508,1.0732,-0.3294,-0.6293,2.3287,0.7774,1.4746,0.6248,0.8379,0.8306,-0.6713,after Th
-0.4245,-0.95,-0.9607,-0.8091,-0.7409,-0.355,-0.5998,-0.7828,-0.8359,-0.6496,-0.64,-0.8515,-0.7575,-0.8838,-0.7447,-0.9637,-0.6573,-0.7895,-0.4305,-0.7771,-0.6852,-0.8787,-0.6876,-0.5652,-0.8957,-0.7701,-0.7602,-0.7059,-1.0154,-0.5521,-0.9956,-0.9238,-0.8138,-0.6196,-0.9274,-0.7984,-1.0068,-0.7406,-0.656,-0.7069,-0.836,-0.67,-0.5155,-0.3304,-0.6359,-0.6712,-0.9282,-0.8195,-0.731,-0.8533,-0.2037,-0.7576,-0.7739,-0.9104,-0.8059,-0.3589,-0.4656,-0.9349,-0.9335,-0.419,-0.6737,-0.7972,-0.7022,-0.6774,-0.5293,-0.8133,-0.4245,-0.1326,-0.5644,-0.7951,-0.5943,-0.6814,-0.6501,-0.489,-0.5377,-0.6316,-0.6605,-0.5568,-0.9104,-0.5688,-0.7029,-0.4938,-0.4199,-0.5578,-0.6856,-0.7597,-0.8262,-0.5947,-0.6064,-0.5788,-0.8903,-0.8374,-0.6023,-0.889,-0.6318,-0.7628,-0.6536,-0.8635,-0.7474,-0.6011,after Th
-0.5415,-1.0061,-0.8674,-0.9056,-0.71,-0.7115,-0.6381,-0.6113,-0.726,-0.6778,-0.6765,-0.663,-0.7136,-1.107,-0.7683,-0.8108,-0.5978,-0.9693,-0.1041,-0.7588,-0.6965,-0.5701,-0.7746,-0.6395,-0.8791,-0.7971,-0.7172,-0.628,-0.6312,-0.5791,-0.82,-0.8257,-0.3157,-0.656,-0.8232,-0.9009,-0.7523,-0.946,-0.6091,-0.9587,-0.9464,-0.6369,-0.5511,-0.3361,-0.8591,-0.7982,-0.7219,-0.5149,-0.7119,-0.7898,-0.4496,-0.8611,-0.7746,-0.9408,-0.7877,-0.9171,-0.6597,-0.8271,-0.8193,-0.4965,-0.5516,-0.8571,-0.904,-0.7893,-0.6118,-0.6214,-0.5415,-0.6085,-0.5608,-0.8647,-0.6297,-0.8773,-0.6536,-0.4144,-0.7121,-0.7118,-0.7376,-0.7953,-0.9408,-0.2783,-0.8673,-0.483,-0.4232,-0.0602,-0.9311,-0.8347,-0.7954,-0.643,-0.3686,-0.4787,-0.8873,-0.2196,-0.107,-0.8772,-0.6088,-0.9723,-0.7208,-0.8242,-0.9629,-0.7773,after Th
0.4352,1.104,0.9693,1.5893,-0.1531,0.5679,-0.3251,0.0845,0.7695,1.782,1.5561,0.9084,0.755,-0.2616,0.5895,0.1279,-0.4941,1.3123,0.5671,1.1701,-0.483,0.5894,2.8061,-0.2782,0.3632,-0.1441,2.0782,0.586,0.8648,0.2495,0.8313,0.1403,2.8566,0.2997,0.44,0.1953,0.6578,0.9186,0.1803,1.5167,0.9575,-0.6302,1.4122,-0.2875,-0.6224,0.3477,0.0881,0.1389,0.1353,0.5764,0.8947,0.7864,-0.1764,-0.4408,1.0308,0.6539,3.0034,0.0398,1.7875,3.6349,3.7194,0.8961,0.7064,-0.3261,-0.0754,0.8836,0.4352,1.2865,0.8657,0.835,0.8792,0.3044,0.0446,0.3527,1.3736,0.4781,1.8116,0.3874,-0.4408,2.5559,0.0051,0.3166,-0.3148,1.5681,1.391,-0.4812,1.1415,0.2323,-0.1159,0.4029,0.7321,-0.2251,2.7659,1.1823,1.25,1.152,1.5618,-0.8742,0.1848,1.0284,after Th
-0.6623,-0.7189,-0.6785,-0.7679,-0.5744,-0.3434,-0.6677,-0.5184,-0.7081,-0.8755,-0.9126,-0.9065,-0.7207,-0.9055,-0.78,-0.8226,0.0549,-0.5981,-0.4588,-0.7109,-0.7346,-0.8374,-0.3351,-0.6725,-0.8915,-0.7772,-0.7731,-0.6122,-0.839,-0.4566,-0.9022,-0.8764,-0.9139,-0.51,-0.8486,-0.7007,-0.8882,-0.5384,-0.7463,-0.7559,-0.8469,-0.6991,-0.5171,-0.3387,-0.6625,-0.7675,-0.7714,-0.7635,-0.8276,-0.9743,-0.7268,-0.772,-0.6753,-0.6257,-0.7238,0.2429,-0.6303,-0.6585,-0.8385,-0.5059,-0.8088,-0.8857,-0.8663,-0.7642,-0.6581,-0.6964,-0.6623,-0.5678,-0.6631,-0.8377,-0.655,-0.8152,-0.6223,-0.4529,-0.6209,-0.4514,-0.6541,-0.7603,-0.6257,-0.6828,-0.8536,-0.4913,-0.6121,-0.6727,-0.9903,-0.7456,-0.6397,-0.6568,-0.668,-0.546,-0.943,-0.6312,-0.6534,-0.9552,-0.5615,-0.8228,-0.7177,-0.7443,-0.9366,-0.8876,after Th
-0.7128,-0.9846,-0.7543,-0.8826,-0.1727,-0.6422,-0.5858,-1.0339,-0.9161,-0.7439,-0.8594,-0.896,-0.4275,-0.8083,-0.7893,-0.8675,-0.0422,-0.5811,-0.3683,-0.779,-0.6037,-0.429,-0.7795,-0.6521,-0.8299,-0.7666,-0.4755,-0.712,-0.365,-0.5304,-0.8745,-0.7175,-0.9378,-0.5957,-0.8567,-0.8267,-0.6436,-1.0818,-0.8094,-0.851,-0.7509,-0.686,-0.5912,-0.3139,-0.8776,-0.7935,-0.3797,-0.8472,-0.7803,-0.8244,-0.8438,-0.7687,-0.7548,-0.633,-0.7714,-0.8978,-0.2677,-0.8125,-0.7144,-0.9676,-0.29,-0.6854,-0.7379,-0.5406,-0.4323,-0.6105,-0.7128,-0.9966,-0.6217,-1.0738,-0.779,-0.3689,-0.4455,-0.3273,-0.5833,-0.4964,-0.6823,-0.8161,-0.633,-0.8808,-0.3373,-0.4875,-0.378,-0.9082,-1.0524,-0.5863,-0.7724,-0.6532,-0.6543,-0.5672,-0.8013,-0.8866,-0.6279,-0.7613,-0.6287,-0.7923,-0.6694,-0.7112,-0.7501,-0.8465,after Th
-0.6999,-0.9681,-0.9396,-0.8238,0.1358,-0.6615,-0.6634,-0.7158,-0.8172,-0.8299,-0.7693,-0.8717,-0.6449,-0.978,-0.9263,-0.8382,-0.551,-0.7759,-0.404,-0.7962,-0.3898,-0.5754,-0.8251,-0.699,-0.8915,-0.702,-0.8888,-0.6548,-0.5468,-0.6142,-0.8939,-0.676,-0.4874,-0.6341,-0.8086,-0.9334,-0.8128,-0.7084,-0.9304,-0.9956,-0.9087,-0.7587,-0.6189,-0.3347,-0.6517,-0.8397,-0.6005,-0.8088,-0.7958,-0.9965,-0.1579,-0.7808,-0.8757,-0.7386,-0.7971,-0.7158,-0.6498,-0.667,-0.8204,-0.3634,-0.3583,-0.8804,-0.9466,-0.7625,-0.566,-0.5513,-0.6999,-0.6306,-0.5671,-0.9893,-0.6319,-0.8896,-0.6591,-0.4441,-0.8186,-0.6739,-0.8976,-0.6779,-0.7386,-0.5447,-0.7746,-0.4896,-0.4941,-0.1436,-0.9038,-0.7513,-0.7629,-0.5511,-0.6438,-0.7912,-0.7449,-0.4539,-0.6419,-0.8481,-0.8161,-0.8799,-0.785,-0.6915,-1.0073,-0.6243,after Th
-0.3532,0.4887,0.0853,1.5978,0.4722,-0.5688,0.428,1.1013,1.3773,-0.0156,0.2675,0.4467,1.0205,0.4732,0.6376,1.012,-0.5992,0.5791,-0.3388,0.2868,-0.5927,0.3654,0.5436,-0.4581,0.3059,0.2192,-0.048,-0.7146,2.4514,0.4719,1.8972,0.5209,1.4803,0.3365,0.487,0.6783,1.6385,1.4521,0.8089,0.3283,0.9775,0.4334,-0.6963,-0.2787,0.3723,-0.665,0.2866,0.3574,1.2541,0.8369,0.9579,-0.0125,0.2022,-0.0839,1.059,0.6773,0.5518,0.8454,0.9776,1.5808,1.0124,0.8613,0.4908,-0.4819,-0.4804,0.0317,-0.3532,1.1417,0.6378,0.0513,-0.144,-0.2557,-0.3425,-0.0255,0.9888,0.8195,1.2726,2.4236,-0.0839,1.0564,0.1295,0.5211,-0.2577,0.7212,1.2721,-0.048,0.479,-0.4888,-0.0224,1.8281,0.8746,1.5274,-0.0019,1.4646,1.0968,0.2564,-0.1305,0.9167,0.8308,0.3033,after Th
0.8072,0.2073,1.6498,1.8377,-0.3592,-0.3655,0.0845,-0.3346,-0.0827,0.163,0.1457,1.3249,0.8295,0.8988,0.576,1.2475,-0.5755,-0.4686,-0.0333,0.7919,1.2408,-0.0295,0.4,0.7543,1.1227,1.3797,0.618,-0.6086,0.3559,-0.0529,-0.6574,0.3186,0.7603,0.8006,0.6712,-0.0165,0.8826,1.0326,0.7676,0.6722,1.4599,-0.5598,-0.4501,-0.1324,0.0535,0.2386,1.1937,0.6153,2.8879,1.1757,-0.748,0.7323,0.4665,-0.1417,-0.1144,-0.1663,5.1598,0.8062,0.559,1.0219,0.0108,-0.4954,0.3198,0.8116,-0.285,0.4665,0.8072,0.7637,0.9643,-0.0694,1.1515,1.4821,1.297,0.8908,0.9264,0.3629,0.8816,0.4038,-0.1417,-0.7271,1.9465,-0.387,-0.4852,-0.5106,0.7716,1.5064,0.5655,0.2478,0.0172,1.6678,1.082,-0.5987,1.7943,2.022,0.7995,0.3503,1.6481,0.8838,1.0684,-0.2368,after Th
-0.5698,-0.7114,-0.5112,-0.9197,-0.2123,-0.4964,-0.1997,-0.7211,-0.9,-0.8664,-0.3254,-0.803,-0.7448,-0.9646,-0.8889,-0.7383,-0.5485,-0.6785,-0.4848,-0.5636,-0.4855,-0.6201,-0.8575,-0.7396,-0.9677,-0.5454,-0.7426,-0.6053,-0.6003,-0.5505,-0.7253,-0.6702,-0.8813,-0.6311,-0.6281,-0.6148,-0.5761,-0.6462,-0.9725,-0.9193,-1.0017,-0.7044,-0.7508,-0.3305,-0.7054,-0.8433,-0.5042,-0.4596,-0.7343,-0.9008,-0.7419,-0.8331,-0.8171,-0.7162,-0.7586,-0.8834,-0.6734,-1.0054,-0.8226,-0.9781,-0.7986,-0.7234,-0.9721,-0.7431,-0.6597,-0.7367,-0.5698,-0.9123,-0.669,-0.8305,-0.6557,-0.6822,-0.3658,-0.4465,-0.7967,-0.0569,-0.3158,-0.8098,-0.7162,-0.9178,-0.5949,-0.4394,-0.6064,-0.8996,-0.9447,-0.8123,-0.751,-0.6413,-0.0016,-0.5983,-0.9778,-0.8854,-0.6609,-0.923,-0.563,-0.6169,-0.6527,-0.82,-0.8553,-0.679,after Th
-0.5557,-0.9516,-1.0471,-1.0964,-0.5857,-0.2329,-0.3033,-0.7649,-0.7135,-0.5516,-0.537,-0.8642,-0.539,-0.7461,-0.6687,-0.9653,-0.319,-0.6104,-0.3622,-0.5722,-0.59,-0.3119,-1.0026,-0.7194,-0.6594,-0.7765,-0.5908,-0.6944,-0.8448,-0.6699,-0.8021,-0.6329,-0.8213,-0.6338,-0.2391,-0.7898,-0.8124,-0.6716,-0.7552,-0.7445,-0.6529,-0.7207,-0.4743,-0.3258,-0.9317,-0.7828,-0.8509,-0.6288,-0.8355,-0.8931,-0.486,-0.6297,-1.1484,-0.8505,-0.8555,-0.403,-0.6372,-1.1161,-0.9453,-0.9631,-0.7388,-1.0664,-1.0567,-0.3412,-0.5612,-0.7306,-0.5557,-0.9271,-0.4106,-0.9384,-0.2751,-0.8719,-0.5468,-0.4378,-1.0621,-0.1653,-0.315,-0.8354,-0.8505,-0.9031,-0.8731,-0.4678,-0.2578,-0.8959,-0.9898,-0.4306,-0.3014,-0.4647,0.1638,-0.3422,-0.7662,-0.8178,-0.6598,-0.8719,-0.2165,-0.8062,-0.2037,-0.6567,-0.6647,-0.7998,after Th
2.555,1.0663,-0.4706,1.9945,0.5999,2.1203,0.2257,1.8425,1.8366,0.64,2.7693,-0.2489,4.0017,0.4391,0.8413,-0.4915,1.0933,0.545,0.767,0.103,5.1286,1.3469,0.2708,1.0004,0.2483,0.3001,-0.3413,2.5617,-0.0083,-0.2142,1.1773,0.0246,-0.1994,0.0335,1.0216,0.448,0.4233,2.3099,2.2943,2.0482,0.8712,0.1694,1.2776,-0.2183,1.172,1.6317,0.5391,-0.6148,-0.9475,0.7921,1.9326,0.4382,0.2611,1.0812,-0.5138,0.0286,1.1559,0.8738,1.1772,3.6852,-0.3528,2.1516,2.1347,1.3789,3.235,-0.7112,2.555,2.7537,-0.4918,-0.9382,1.3732,0.0738,-0.3405,-0.0773,1.1831,-0.7451,-0.6949,0.3747,1.0812,0.187,0.769,4.2949,4.3443,0.7458,0.2423,0.2327,-0.1247,-0.5146,-0.164,-0.3987,1.8106,-0.8204,0.6037,0.9653,2.3325,-1.1038,2.6274,2.7573,1.1159,0.6751,after Th
-0.638,-0.9236,-0.8885,-0.7908,-0.5987,-0.7029,-0.628,-0.5969,-0.7448,-0.8619,-0.6255,-0.8528,-0.6307,-0.9143,-0.7999,-0.9122,-0.8496,-0.7941,-0.294,-0.6975,-0.6121,-0.816,-0.8236,-0.7026,-0.8121,-0.6107,-0.8823,-0.5806,-0.1236,-0.6066,-0.8414,-0.83,-0.3911,-0.5784,-0.765,-0.8512,-0.8151,-0.9187,-0.8524,-0.8733,-0.8702,-0.7397,-0.765,-0.3398,-0.6337,-0.7143,-0.6473,-0.6118,-0.8398,-0.9243,-0.3269,-0.8355,-0.8439,-0.6389,-0.8041,-0.6979,-0.6692,-0.8613,-0.8299,-0.2973,-0.3296,-0.9007,-0.9883,-0.6563,-0.4347,-0.609,-0.638,-0.6452,-0.6387,-0.9883,-0.6651,-0.7348,-0.4915,-0.4529,-0.7931,-0.6237,-0.7713,-0.7383,-0.6389,-0.1416,-0.906,-0.5016,-0.556,0.0085,-0.9519,-0.8539,-0.8154,-0.5785,-0.741,-0.6994,-0.7749,-0.2431,-0.4373,-0.8202,-0.6346,-0.7835,-0.7702,-0.5492,-0.8814,-0.7753,after Th
-0.6122,-0.6973,-0.8471,-0.8234,-0.7484,-0.3925,-0.711,-0.574,-0.8735,-0.8626,-0.8434,-0.6328,-0.6802,-0.8312,-0.8019,-0.8989,-0.7313,-0.7742,-0.4916,-0.6874,-0.6615,-0.7693,-0.4446,-0.4071,-0.9412,-0.6993,-0.7179,-0.5254,-1.0046,-0.6177,-0.7238,-0.6357,-1.0052,-0.6331,-0.7631,-0.87,-0.8962,-0.4509,-0.9625,-0.7028,-0.9228,-0.6242,-0.6628,-0.3258,-0.9281,-0.8018,-0.0103,-0.7719,-0.8706,-0.9867,-0.674,-0.8667,-0.9427,-0.6528,-0.6853,-0.5208,-0.6781,-0.7456,-0.7317,-0.6621,-0.7638,-0.844,-0.9003,-0.6865,-0.6535,-0.7339,-0.6122,-0.7736,-0.6381,-0.8496,-0.7586,-0.853,-0.2165,-0.4792,-0.5924,-0.5728,-0.9294,-0.5162,-0.6528,-0.4774,-0.7252,-0.4832,-0.4259,-0.7157,-1.0178,-0.6907,-0.8057,-0.5573,-0.6946,-0.4923,-0.9442,-0.6128,-0.6295,-0.9409,-0.8094,-0.7625,-0.6693,-0.5879,-0.8263,-0.8296,after Th
-0.6343,-0.9299,-0.9646,-0.6966,-0.3872,-0.6512,-0.6137,-0.6535,-0.7577,-0.9111,-0.8382,-0.9013,-0.675,-0.9287,-0.7305,-0.963,-0.6112,-0.7921,-0.434,-0.71,-0.1301,-0.4537,-0.8735,-0.7882,-0.7731,-0.7772,-0.6388,-0.7806,-0.8413,-0.6438,-0.8508,-0.7779,-0.7697,-0.5644,-0.704,-0.8897,-0.9602,-0.9652,-0.8545,-1.0162,-0.7435,-0.6909,-0.499,-0.2916,-0.6393,-0.599,-0.4635,-0.4492,-0.8155,-0.9518,-0.4033,-0.7305,-0.9987,-0.7216,-0.8803,-0.706,-0.2521,-0.4879,-0.9132,0.1701,-0.3418,-0.6233,-0.9679,-0.719,-0.6557,-0.6909,-0.6343,-0.8376,-0.6054,-0.9337,-0.5385,-1.0398,-0.6278,-0.4082,-0.7822,-0.6377,-0.6055,-0.6342,-0.7216,-0.3622,-0.8077,-0.277,-0.5805,0.0492,-0.9868,-0.6439,-0.6339,-0.6476,-0.6897,-0.488,-0.8608,-0.3555,0.335,-0.8555,-0.5909,-0.8642,-0.8534,-0.764,-0.9279,-0.7631,after Th
-0.5733,-0.7221,-0.7618,-0.7692,-0.7316,-0.637,-0.6595,-0.9294,-0.7327,-0.3899,-0.7227,-0.8364,-0.6718,-1.0518,-0.2885,-1.0835,-0.4688,-0.9696,-0.4175,-0.5517,-0.7147,-0.7183,-0.6959,-0.8233,-0.8202,-0.9317,-0.8398,-0.2264,-0.9686,-0.5699,-0.5469,-0.7373,-0.6956,-0.1889,-0.781,-0.8322,-0.7268,-0.647,-1.0137,-0.8434,-0.7677,-0.5212,-0.5214,-0.2667,-0.4912,-0.825,-0.7317,-0.6604,-0.7462,-0.7194,-0.5569,-0.8123,-1.0141,-0.9442,-0.6721,-0.7986,-0.6741,-0.8268,-0.9762,-0.6197,-0.0252,-1.1574,-0.8851,-0.927,-0.6211,-0.5821,-0.5733,-0.6777,-0.5986,-0.5702,-0.7829,-0.9011,-0.5856,-0.1794,-0.5291,-0.824,-0.5843,-0.9002,-0.9442,-0.557,-0.8743,-0.0304,-0.4065,-0.4572,-0.7535,-0.7927,-0.2624,-0.5492,0.0347,-0.7757,-0.9306,-0.5701,-0.0305,-0.8338,-0.5243,-0.853,-0.8149,-0.7719,-0.7688,-0.7653,after Th
-0.1324,0.2923,1.8248,1.4998,3.0734,0.4052,-0.054,1.582,0.3028,0.4766,1.2238,0.6147,0.8611,1.3861,0.3279,0.7459,-0.6615,-0.4784,-0.1173,0.1012,0.6546,-0.3437,2.2375,-0.0343,0.7608,0.4905,1.0621,1.0967,2.7561,0.156,1.5063,0.9714,-0.0171,-0.5785,0.3358,0.4086,0.9711,0.0546,0.4165,0.3191,1.3187,0.0566,-0.5393,-0.2657,1.5192,-0.0207,-0.406,-0.4758,0.9447,0.1046,-0.7494,0.4262,0.13,-0.5289,-0.2638,0.5798,5.2244,0.841,0.5578,1.5855,0.5832,1.862,0.3274,1.241,0.625,1.869,-0.1324,0.8123,-0.2324,1.2458,0.0581,1.1371,-0.5626,-0.4814,0.8642,-0.1183,1.2452,5.323,-0.5289,1.0764,0.495,-0.4371,-0.3211,1.447,1.7362,0.1901,0.0516,-0.3306,0.304,0.2829,2.0365,2.1099,-0.5751,2.2401,-0.6883,1.0588,0.5727,0.1682,0.8569,0.1725,after Th
-0.7433,-1.0003,-0.5185,-0.7756,-0.7868,-0.6795,-0.6728,-0.3176,-0.9669,-0.8842,-0.6339,-0.7209,-0.9264,-0.7386,-0.8367,-0.8845,-0.4899,-0.7161,-0.3597,-0.622,-0.2172,-0.7268,-0.7162,-0.8237,-0.8624,-0.7453,-0.5775,-0.6191,-0.1453,-0.6658,-0.9074,-0.8184,-0.4953,-0.6465,-0.8285,-0.9839,-0.7021,-0.7865,-0.7895,-1.0532,-0.7912,-0.6949,-0.6381,-0.3412,-0.7472,-0.4612,-0.6707,-0.8443,-0.5062,-0.9248,-0.3192,-0.7404,-0.8706,-0.9146,-0.9106,-0.5086,-0.4474,-0.6936,-0.8808,-0.0794,-0.7571,-0.8187,-0.8898,-0.7259,-0.543,-0.642,-0.7433,-0.6878,-0.6457,-0.8736,-0.5675,-0.6442,-0.6361,-0.3928,-0.6971,-0.6559,-0.6463,-0.443,-0.9146,-0.4458,-0.9492,-0.3602,-0.616,-0.402,-1.0028,-0.7786,-0.9877,-0.5858,-0.307,-0.6154,-0.7226,-0.123,-0.6389,-0.6865,-0.5321,-0.8161,-0.8196,-0.8379,-0.9046,-0.8076,after Th
-0.5181,-1.0125,-0.682,-0.5721,-0.7198,-0.2526,-0.6609,-0.8622,-0.8715,-0.8435,-0.8908,-0.5704,-0.7045,-0.9281,-0.7609,-0.8871,-0.8675,-0.9805,-0.3174,-0.6668,-0.1191,-0.4319,-0.7852,-0.818,-0.8334,-0.9317,-0.5996,-0.7901,-0.5204,-0.592,-0.9806,-0.9247,-0.8065,-0.4233,-0.962,-0.8971,-0.9332,-0.9168,-1.0627,-0.8885,-1.1812,-0.5132,-0.7411,-0.3106,-0.6586,-0.5136,-0.5975,-0.7035,-0.6042,-0.9172,-0.5704,-0.7379,-0.6469,-0.8096,-0.8917,-0.5309,-0.5554,-0.9944,-0.4772,-0.4718,-0.4288,-0.9421,-0.7897,-0.6102,-0.3303,-0.4519,-0.5181,-0.6977,-0.5688,-1.0827,-0.7465,-0.6126,0.1286,-0.4969,-0.7234,-0.7386,-0.7694,-0.1822,-0.8096,-0.5486,-0.9041,-0.2955,-0.5988,-0.4872,-0.9504,-0.6945,-0.959,-0.4522,-0.7274,-0.6577,-0.9302,-0.3819,-0.584,-0.829,-0.5372,-1.0669,-0.764,-0.915,-0.792,-0.6133,after Th
-0.5311,-0.9099,-0.6967,-0.925,-0.5197,-0.4826,-0.7341,-0.5847,-0.8845,-0.9133,-0.9603,-0.8312,-0.8929,-1.0144,-0.9298,-0.9353,0.0564,-0.9304,-0.4708,-0.661,-0.4736,-0.6537,-0.6645,-0.6307,-0.7112,-0.8835,-0.71,-0.4761,-1.0245,-0.5854,-0.8468,-0.7577,-0.8592,-0.279,-0.7401,-0.9774,-1.0516,-0.4218,-0.9034,-0.9412,-0.9829,-0.5912,-0.7353,-0.3269,-0.7946,-0.3753,-0.6636,-0.3531,-0.7132,-0.8162,-0.6014,-0.65,-0.8097,-0.6684,-0.94,0.2628,-0.6349,-0.5582,-0.1936,-0.4915,-0.6649,-0.8043,-0.9764,-0.8196,-0.6632,-0.6354,-0.5311,-0.6307,-0.6588,-1.0313,-0.651,-0.7817,-0.5806,-0.3632,-0.8684,-0.7501,-0.7945,-0.407,-0.6684,-0.5549,-0.7784,-0.4515,-0.5558,-0.6865,-0.9449,-0.6457,-0.6954,-0.5817,-0.6341,-0.701,-0.8968,-0.5546,-0.3264,-0.9554,-0.8188,-0.8191,-0.6853,-0.7501,-0.9368,-0.8491,after Th
-0.3307,0.1712,-0.0834,0.3799,0.3722,-0.2829,0.0403,0.7642,0.5169,0.2745,1.0498,0.1939,0.5701,0.6458,0.7887,0.5793,1.0801,0.5324,1.8358,0.7418,2.0876,0.4076,0.7749,0.2011,1.15,0.4159,0.5639,1.086,0.546,-0.117,1.6075,0.7911,1.8921,0.0072,0.8582,0.2631,1.3709,0.6152,0.9665,0.1106,0.923,0.3195,-0.267,-0.2108,0.4009,1.0769,-0.0576,1.6912,0.4049,0.4451,1.4878,-0.1553,-0.1652,1.5638,0.5313,0.4419,4.0786,0.9913,2.0847,3.5186,0.5016,2.3039,0.6772,-0.4076,-0.2745,1.1209,-0.3307,0.7107,0.4348,0.8501,0.5356,0.7234,-0.4163,-0.0646,1.0542,0.8497,-0.2651,0.9907,1.5638,1.8277,0.1892,-0.234,0.4833,1.6859,1.2696,-0.3055,0.2672,-0.6411,-0.2837,2.0499,1.1287,0.7452,1.1325,1.2759,1.1393,0.3028,2.0955,-0.0715,0.2752,0.0517,after Th
-0.5588,-0.8485,-0.7599,-0.597,-0.6074,-0.0979,-0.6849,-0.7098,-0.9386,-0.8376,-0.8937,-0.943,-0.6849,-0.9151,-0.4821,-0.9373,-0.3493,-0.8214,-0.3845,-0.6845,-0.5137,-0.6578,-0.4952,-0.7169,-0.9291,-0.8189,-0.7305,-0.468,-0.6987,-0.5355,-1.0282,-0.7484,-0.9827,-0.1843,-0.8416,-0.9612,-0.9446,-0.7193,-0.977,-0.8869,-0.9917,-0.562,-0.6504,-0.3065,-0.7252,-0.4146,-0.326,-0.7652,-0.7343,-0.8919,-0.7284,-0.8208,-0.8218,-0.5237,-0.8719,0.491,-0.5383,-0.7546,-0.8771,-0.3776,-0.54,-0.7165,-0.854,-0.723,-0.6299,-0.5924,-0.5588,-0.7478,-0.6757,-0.8658,-0.5569,-0.7059,-0.6001,-0.409,-0.7594,-0.6882,-0.6729,-0.2474,-0.5237,-0.4533,-0.9355,-0.4307,-0.3935,-0.5945,-1.1092,-0.4816,-0.836,-0.5262,-0.6234,-0.6447,-1.0523,-0.4,-0.6253,-1.0601,-0.409,-1.0333,-0.7013,-0.8148,-0.8924,-0.8312,after Th
2.5023,0.1572,1.4863,2.8436,0.0953,-0.3276,0.0838,2.1993,0.7968,0.3462,2.114,0.1086,0.6311,0.9645,0.9424,-0.3464,-0.804,1.6194,-0.2666,-0.5891,-0.3984,-0.7544,0.6445,-0.6683,0.2865,1.8915,-0.4498,0.2433,0.3302,4.8018,-0.7685,1.3434,0.3907,0.4417,-0.3511,2.3529,-0.2774,-0.8678,3.7233,0.7195,-0.0429,0.6204,1.2899,-0.245,-0.7725,1.4642,0.2556,0.1416,-0.3514,1.1791,0.569,-0.0925,-0.1733,0.3901,0.0472,0.6859,-0.5241,0.4769,1.2111,-0.4647,-0.325,-0.3112,1.625,-0.1394,-0.2397,-0.6773,2.5023,0.1563,0.2311,0.5611,1.1229,1.2174,-0.4398,0.1944,1.1394,0.0253,1.1771,1.0596,0.3901,-0.2172,0.6531,-0.1488,-0.2711,-0.8479,1.4276,0.3422,0.589,-0.391,0.5077,2.7825,0.123,-0.7486,0.8179,0.376,-0.3749,1.0272,0.0988,0.9945,1.7236,0.7296,after Th
-0.6691,-1.0243,-0.538,-0.9574,-0.7353,-0.4011,-0.7356,-0.0188,-0.8635,-0.7441,-0.6741,-0.7427,-0.5118,-0.9279,-0.8736,-0.8381,-0.2819,-0.9489,-0.3331,-0.746,-0.1938,-0.3726,-0.8167,0.0072,-0.6501,-0.4601,-0.533,-0.5126,-0.8489,-0.6178,-1.1245,-0.6531,-0.8994,-0.1949,-0.7852,-0.9539,-0.9711,-0.5652,-0.904,-0.9628,-1.0266,-0.8014,-0.3052,-0.2494,-0.7001,-0.5106,-0.6503,-0.6144,-0.8298,-0.9286,-0.7818,-0.6322,-0.7354,-0.6675,-1.1014,-0.7018,-0.3346,-0.7637,-0.8552,-0.2102,-0.4981,-0.7561,-1.0877,-0.514,-0.5645,-0.5928,-0.6691,-0.71,-0.8253,-0.8163,-0.4701,-0.6677,-0.0589,-0.3374,-0.9491,-0.6241,-0.3742,0.0005,-0.6675,-0.6368,-0.9671,-0.2124,-0.609,-0.4805,-1.0613,-0.8088,-0.9971,-0.3976,-0.6384,-0.1993,-0.9065,-0.6001,-0.4986,-1.2175,-0.6689,-0.8506,-1.0193,-0.8953,-0.8824,-0.4653,after Th
1.3703,0.6638,1.9622,1.7403,5.0087,-0.51,0.1797,1.3175,1.3321,0.697,1.1251,-0.48,1.9307,0.3829,0.0489,0.9706,-0.138,0.2415,0.1273,4.4809,2.1913,1.7472,1.0923,-0.7418,0.4156,1.4608,0.4045,1.3555,0.5348,0.1632,1.2122,0.3593,2.611,-0.1641,1.1343,0.5752,0.8958,2.3114,0.9416,0.9121,0.8176,-0.7534,-0.6231,5.7559,0.8628,-0.5674,0.7522,0.6738,0.4232,0.3769,-0.8195,0.3221,1.5497,1.4336,2.3017,2.2972,-0.5465,0.8777,0.344,0.2602,1.1706,1.5088,-0.9025,0.1457,-0.5548,3.0955,1.3703,1.1408,1.2825,0.8379,-0.4964,-0.3842,0.7933,-0.4571,0.9382,0.8624,-0.7239,0.3977,1.4336,-0.358,2.9889,0.0758,-0.5376,2.2362,1.7197,-0.796,-0.0896,0.2788,3.5311,1.2686,0.9555,-0.2017,-0.3799,1.3165,0.1048,0.1233,-0.1267,2.0678,0.6085,1.1526,after Th
-0.7149,-0.772,-0.6188,-0.8529,-0.8691,-0.655,-0.5502,-0.7718,-0.7159,-0.8791,-0.7445,-0.6596,-0.7564,-0.9046,-0.7249,-0.8212,-0.6488,-0.6829,-0.2108,-0.7262,-0.5279,-0.8003,-0.6275,-0.6611,-0.8504,-0.7494,-0.7626,-0.5994,-0.7117,-0.5477,-0.6064,-0.8225,-0.4555,-0.6391,-0.8408,-0.6792,-0.7301,-0.8884,-0.7263,-0.9991,-0.8122,-0.7262,-0.6931,-0.3006,-0.7105,-0.7938,-0.9273,0.1504,-0.6678,-0.9316,-0.3655,-0.7644,-0.8385,-0.8542,-0.4917,-0.7301,-0.6277,-0.7468,-0.7646,-0.1054,-0.2693,-0.9275,-0.9314,-0.757,-0.5728,-0.6904,-0.7149,-0.6987,-0.6073,-0.8027,-0.6735,-0.5967,-0.5963,-0.5175,-0.5797,-0.6691,-0.6839,-0.7095,-0.8542,-0.2927,-0.8868,-0.326,-0.6018,-0.3452,-0.804,-0.9482,-0.6301,-0.6477,-0.4824,-0.6534,-1.0616,-0.3174,-0.3968,-0.8492,-0.8329,-0.7289,-0.7107,-0.6994,-0.9767,-0.7389,after Th
1.3779,1.3657,-0.0709,1.3084,0.2738,2.1779,-0.0907,-0.8498,-0.4293,0.5116,0.7729,1.3426,0.3812,1.0852,-0.0428,-0.0162,0.0886,-0.1424,0.0603,1.1221,-0.2473,-0.4615,-0.1456,0.7478,0.5698,0.5693,-0.6778,-0.4153,0.4859,3.2025,1.1308,1.1514,-0.7671,-0.5302,0.2913,0.8447,0.4381,-0.902,2.1641,-0.0693,1.4174,0.0317,1.2393,-0.1759,1.2502,1.2069,-0.4781,-0.5926,-0.472,-0.4256,0.2782,2.3996,1.2566,0.505,1.9096,1.5662,-0.1353,-0.0657,0.3531,-0.3782,3.8805,1.2013,0.2828,0.742,0.3134,1.465,1.3779,0.952,0.6531,0.4908,1.6371,1.8436,5.5405,-0.4393,0.9931,2.6998,1.5792,0.6477,0.505,-0.1265,1.4843,3.3573,-0.2531,-0.8451,0.1726,1.7148,3.605,0.0615,0.0217,-0.5006,0.4961,-0.8692,-0.1459,0.2171,-0.5297,1.4076,0.574,-0.1814,2.9274,4.0237,after Th
-0.7234,-0.8311,-0.895,-0.5676,-0.4691,-0.605,-0.435,-0.5676,-0.8274,-0.9792,-0.9022,-0.7864,-0.8113,-0.7523,-0.8144,-0.8305,-0.2999,-0.8087,-0.4774,-0.7884,-0.2935,0.0061,-0.838,-0.669,-0.7438,-0.8202,-0.8812,-0.4272,-0.9216,-0.5792,-0.6777,-0.6887,-0.9536,-0.5754,-0.916,-0.6984,-0.9209,-0.7168,-0.4618,-0.8959,-0.838,-0.6341,-0.3975,-0.3247,-0.9091,-0.8567,-0.785,-0.5966,-0.7402,-0.8082,-0.842,-0.8382,-0.7875,-0.4772,-0.8137,-0.3874,-0.4838,-0.7755,-0.8903,-0.9708,-0.2873,-0.7884,-0.8286,-0.6989,-0.6382,-0.8315,-0.7234,-1.1102,-0.4481,-1.0479,-0.7391,-0.5649,-0.2412,-0.3674,-0.7533,-0.5779,-0.9269,-0.8623,-0.4772,-0.9041,-0.7327,-0.311,-0.4881,-0.9098,-0.8636,-0.7781,-0.7234,-0.5571,-0.6875,-0.6831,-0.857,-0.8823,-0.6025,-0.7606,-0.494,-0.9619,-0.3998,-0.934,-0.9252,-0.6257,after Th
-0.1139,0.7611,0.5759,1.5269,-0.3344,-0.0312,0.0792,0.7274,0.9062,-0.1622,1.9291,0.4129,0.2432,0.9662,1.2824,1.9124,0.1747,1.1111,-0.3301,0.554,0.4301,-0.6924,1.9835,0.4573,0.4837,0.6865,-0.3296,0.0374,0.5796,1.1604,0.7006,0.724,0.4109,-0.5731,0.3327,2.6485,2.1705,0.3378,0.8657,1.4655,0.9307,0.0718,-0.2168,-0.3069,1.5449,0.3215,-0.1963,1.8782,1.3651,-0.1444,0.083,0.1744,0.7665,0.582,2.1483,-0.5787,-0.5103,0.5317,0.9584,1.0934,-0.5269,1.232,1.1051,0.4854,-0.4546,-0.4671,-0.1139,0.8002,0.4263,1.1315,0.0927,0.658,0.2447,-0.1305,1.1946,0.8304,-0.3155,-0.0972,0.582,0.5618,0.4623,-0.4042,-0.086,-0.5313,1.634,0.3983,0.7644,-0.345,0.2695,0.0471,0.2694,1.6066,-0.6304,0.6973,1.1796,1.2235,0.4757,-0.6396,0.4683,-0.1632,after Th
-0.546,-0.7166,-1.0134,-0.7813,-0.7236,-0.427,-0.6199,-0.8529,-0.7074,-0.7961,-0.7013,-0.9788,-0.7486,-0.8519,-1.0011,-0.9959,-0.7157,-0.7744,-0.0986,-0.5508,-0.607,-0.8029,-1.0136,-0.6038,-0.7648,-0.8217,-0.7927,-0.8051,-1.0638,-0.2186,-0.8852,-0.9121,-0.7774,-0.2547,-0.7373,-0.7704,-0.7304,-0.5112,-0.5022,-0.7512,-0.9704,-0.6371,-0.4119,-0.34,-0.5174,-0.7272,-0.913,-0.3275,-0.7708,-0.7372,-0.604,-0.6974,-0.8968,-0.9496,-0.8239,-0.8524,-0.6305,-0.7564,-0.9035,-0.6264,-0.6934,-0.5118,-0.5615,-0.4301,-0.6227,-0.6554,-0.546,-0.7449,-0.5783,-0.9509,-0.4239,-1.0594,-0.237,-0.5106,-0.7468,-0.5906,-0.7659,-0.6855,-0.9496,-0.7456,-0.418,-0.1786,-0.0069,-0.7279,-0.951,-0.5641,-0.7621,-0.6225,-0.6274,-0.8307,-0.9256,-0.8603,-0.3609,-0.6667,-0.5047,-0.8249,-0.7119,-0.7233,-0.6242,-0.5092,after Th
2.2385,0.1462,0.907,0.1236,0.7463,0.9044,-0.0884,1.9922,0.617,2.2171,0.6673,0.9894,0.4874,1.0223,0.728,1.5857,-0.5526,-0.1792,-0.1151,-0.7967,2.5994,-0.5405,1.2546,1.7446,0.3244,-0.787,0.9291,-0.7329,1.9791,0.0454,0.4878,-0.9086,0.3369,-0.3425,1.569,0.7297,1.54,1.5067,1.0545,0.012,0.5429,-0.0014,0.6247,-0.211,-0.6517,0.9964,-0.1847,-0.7072,0.264,0.634,0.1424,0.4114,-0.2655,-0.4339,0.8198,0.3676,0.2162,1.2389,0.7128,1.7787,2.0505,1.4549,0.4548,2.4692,-0.5424,0.6972,2.2385,1.5781,1.0248,1.8917,1.2596,1.4167,0.8494,0.2742,1.1107,1.4142,-0.8787,1.6573,-0.4339,0.0205,0.6555,-0.4011,-0.5108,-0.3718,0.985,1.5467,1.7229,-0.4238,-0.452,1.4759,1.706,1.397,1.5316,1.4042,-0.0236,0.856,1.1233,0.9259,1.3529,0.7928,after Th
-0.7816,-0.9864,-0.6175,-0.7694,-0.7671,-0.3862,-0.4439,-1.0145,-0.494,-0.6628,-0.522,-0.856,-0.5774,-0.8262,-0.894,-1.1797,-0.5668,-0.2795,-0.343,-0.6306,-0.2258,-0.3154,-1.0483,-0.5822,-1.0342,-0.6571,-0.4453,-0.2179,-0.5777,-0.6137,-0.7904,-0.5359,-0.8653,-0.4735,-0.793,-1.0302,-0.4816,-0.701,-0.7134,-0.8335,-0.9884,-0.6376,-0.6228,-0.2694,-0.797,-0.8372,-0.599,-0.8525,-1.0317,-0.6137,-0.8229,-0.7676,-1.1128,-0.5407,-0.6526,-0.4316,-0.4986,-0.9941,-0.7018,-0.9603,-0.1312,-0.8165,-0.8028,-0.1196,-0.2047,-0.7498,-0.7816,-0.9694,-0.1828,-0.7471,-0.1291,-0.8553,-0.519,-0.0892,-1.1934,-0.3289,0.0409,-0.8577,-0.5407,-0.804,-0.5427,-0.4253,-0.5848,-0.6843,-1.0593,-0.6761,-0.9625,-0.1799,-0.2546,-0.0174,-0.9054,-0.7711,-0.1964,-0.7418,-0.0385,-0.554,-0.6082,-0.8377,-0.4216,-0.2757,after Th
-0.6695,-0.8571,-0.4224,-0.7584,-0.8315,-0.4912,-0.1858,-0.9407,-0.8599,-0.9034,-0.7342,-0.8165,-0.773,-0.9199,-0.9521,-0.7794,-0.6654,-0.7844,-0.4705,-0.7085,-0.6419,-0.4296,-1.0332,-0.5868,-0.7646,-0.7775,-0.894,-0.5357,-0.4722,-0.4829,-0.9257,-0.7907,-0.9055,-0.6323,-0.635,-0.8415,-0.8701,-0.7633,-0.9003,-0.9931,-0.9484,-0.7878,-0.6098,-0.2995,-0.6563,-0.8045,-0.2704,-0.6764,-0.7844,-0.737,-0.7481,-0.7295,-0.9111,-0.6762,-0.9134,-0.668,-0.0707,-0.913,-0.8351,-1.0039,-0.7795,-0.7222,-0.9399,-0.9036,-0.6509,-0.7408,-0.6695,-0.8979,-0.4416,-0.771,-0.7678,-0.3721,-0.6226,-0.48,-0.8599,-0.2747,-0.6757,-0.8428,-0.6762,-0.8444,-0.4478,-0.4929,-0.5761,-0.8952,-1.024,-0.6523,-0.7492,-0.6278,-0.6617,-0.7371,-1.0374,-0.8801,-0.6736,-0.9215,-0.4005,-0.8544,-0.8171,-0.8242,-0.6854,-0.6621,after Th
-0.6179,-0.9895,-1.0183,-0.6695,-0.7717,-0.6242,-0.6086,-0.7719,-0.8682,-0.6297,-0.7333,-0.7358,-0.5796,-0.9341,-0.8168,-0.7685,-0.6873,-0.5263,-0.4865,-0.5436,-0.5723,-0.087,-1.0045,-0.6707,-0.8531,-0.662,-0.789,-0.427,-0.7017,-0.6143,-1.1612,-0.7594,-0.9057,-0.6392,-0.8837,-0.8273,-0.6959,-0.7596,-0.7288,-0.8462,-0.9115,-0.7354,-0.2431,-0.3318,-0.4835,-0.1675,-0.7602,-0.6415,-0.5493,-0.7541,-0.8292,-0.8257,-0.7812,-0.602,-0.5296,-0.9268,0.9381,-1.0331,-0.6156,-0.8641,-0.5852,-0.9355,-0.874,-0.8114,-0.6203,-0.7871,-0.6179,-0.8651,0.2807,-0.9604,-0.6441,-0.5368,-0.6213,-0.4598,-0.7989,-0.0912,-0.8269,-0.5049,-0.602,-0.8659,-0.5607,-0.4984,-0.3003,-0.8886,-0.9887,-0.7695,-0.6944,-0.6091,-0.7094,-0.7682,-0.8661,-0.8847,-0.5929,-0.949,-0.5906,-0.9733,-0.6475,-0.6436,-0.5411,-0.636,after Th
-0.5743,-0.7903,-1.0519,-0.6391,-0.7032,-0.6902,-0.6798,-0.6775,-0.8675,-0.7249,-0.8807,-0.9656,-0.6438,-0.7069,-1.0416,-1.0049,-0.9138,-0.7745,-0.494,-0.7709,-0.7215,-0.5955,-0.8803,-0.7731,-0.7121,-0.8113,-0.6588,-0.696,-0.9018,-0.5148,-0.9039,-0.8832,-0.5707,-0.6307,-0.5316,-0.8711,-1.0194,-0.7154,-0.9746,-0.7043,-0.9939,-0.5667,-0.7439,-0.3285,-0.8038,-0.7928,-0.7195,-0.7074,-0.9524,-0.8866,-0.7001,-0.5893,-0.9487,-0.6224,-0.7421,-0.9047,-0.5144,-1.0289,-0.8506,-0.5261,-0.7715,-0.8972,-0.8714,-0.8033,-0.4947,-0.6612,-0.5743,-0.5853,-0.3898,-0.9684,-0.516,-1.0381,-0.1739,-0.2333,-0.7934,-0.689,-0.5683,-0.7759,-0.6224,-0.6498,-0.8827,-0.4515,-0.5664,-0.1573,-0.7711,-0.8077,-0.6677,-0.3845,-0.6453,-0.7879,-0.7629,-0.3991,-0.4287,-0.9152,-0.8183,-0.7778,-1.0706,-0.7711,-0.8334,-0.6474,after Th
-0.7952,-0.9688,-0.983,-1.1062,-0.8931,-0.4587,-0.6627,-0.9728,-0.6165,-0.8342,-0.7847,-0.7727,-0.6354,-1.0103,-0.7352,-1.0985,-0.5664,-0.8296,-0.5232,-0.7942,-0.6303,-0.7634,-0.8888,-0.477,-0.692,-0.6347,-0.7501,-0.6439,-0.9707,-0.6316,-0.5104,-0.6334,-0.1869,-0.6486,-0.8731,-0.8751,-0.7851,-0.8143,-0.7729,-0.9376,-0.926,-0.7873,-0.6354,-0.2904,-0.5421,-0.208,-0.7684,-0.4273,-0.9056,-0.6769,-0.7053,-0.6858,-0.7633,-0.3378,-0.7505,-0.9692,-0.411,-0.8786,-0.6389,-0.9015,-0.7373,-0.7039,-0.8267,-0.6572,-0.6166,-0.2803,-0.7952,-0.8622,-0.6971,-0.5495,-0.6294,-0.8242,-0.5726,-0.376,-0.8744,-0.6967,-0.7305,-0.7728,-0.3378,-0.1557,-0.6619,-0.4818,-0.5902,-0.3842,-0.973,-0.5919,-0.8974,-0.5935,-0.7032,-0.6618,-1.0138,-0.5445,-0.6239,-0.7212,-0.8281,-0.8272,-0.4521,-0.7968,-0.9062,-0.6581,after Th
-0.0233,-0.8812,-0.6869,-0.9837,-0.6473,-0.4511,-0.6918,-0.74,-0.5668,-0.625,-0.9173,-0.7412,-0.7068,-0.9416,-0.4792,-0.7833,-0.905,-0.9465,-0.3826,-0.5096,-0.1763,-0.8893,-0.829,-0.1233,-0.7232,-0.4705,-0.6641,-0.6355,-0.7453,-0.5493,-0.8529,-0.809,-0.7741,-0.6351,-0.5438,-0.5701,-0.8174,-0.9086,-0.7879,-1.0449,-0.9469,-0.7851,-0.5663,-0.2805,-0.8768,-0.2601,-0.5791,-0.5951,-0.6716,-0.8563,-0.5833,-0.6966,-0.8621,-0.4931,-0.7288,-0.8533,-0.6652,-1.1494,-0.7195,-0.6262,-0.7218,-0.6121,-0.6239,-0.7905,-0.5573,-0.6316,-0.0233,-0.6555,-0.7183,-0.8452,-0.6495,-1.0841,-0.6441,-0.3571,-0.7299,-0.5092,-0.7693,-0.2894,-0.4931,-0.7376,-0.7931,-0.1162,-0.3703,-0.8691,-1.0053,-0.682,-0.6653,-0.6146,-0.6774,-0.4217,-0.9802,-0.7682,-0.6241,-0.816,-0.5625,-0.8397,-0.7056,-0.6799,-0.689,-0.0913,after Th
0.5383,0.3316,-0.0676,0.2362,-0.5249,0.9807,3.6333,0.3351,-0.8509,-0.072,1.8443,1.2406,0.313,0.9123,0.497,1.6887,1.5123,0.0721,0.8987,1.2685,-0.0839,2.1308,-0.2423,1.0486,1.3758,0.6524,0.4199,0.7617,1.7175,-0.0165,1.0577,1.0534,0.1383,-0.5087,0.7754,1.0026,0.5296,0.0398,0.8718,0.5563,0.2467,0.8916,0.1587,-0.1509,0.105,3.338,-0.4752,2.0302,1.3083,0.6917,1.003,0.3244,1.8356,1.3731,0.9803,1.2182,0.2816,0.8711,0.7447,-0.8864,-0.2115,0.8099,0.762,1.0362,2.7903,-0.6428,0.5383,-0.7866,4.7277,0.9547,0.1003,2.9809,0.3635,0.3753,2.6248,1.335,1.1117,0.1146,1.3731,-0.1953,1.2965,-0.3304,0.0529,-0.6533,0.5407,1.0299,0.2357,-0.1972,0.6715,0.0955,0.6337,0.2223,-0.1903,0.4167,1.1741,0.4952,1.4815,2.0435,1.3359,2.014,after Th
0.8226,0.4052,0.2383,1.8071,-0.4863,-0.2627,-0.1131,0.4675,0.1191,0.7797,0.0658,0.6551,0.1623,0.8957,0.3144,1.7536,-0.6068,-0.7132,0.081,-0.0534,-0.5443,-0.7338,0.9973,0.4681,0.5485,1.4191,0.5996,1.0734,2.088,0.4277,1.6466,0.6561,0.311,-0.5268,0.1826,1.2819,0.5189,1.5905,1.6558,0.068,1.0984,-0.2241,-0.316,-0.3037,1.0859,-0.5055,0.7735,-0.5962,2.3502,0.736,1.6963,1.0431,1.1386,0.1668,1.5474,0.9238,0.0379,1.1012,-0.1513,1.6626,2.3931,1.0741,0.2347,-0.0764,-0.2599,0.3107,0.8226,0.687,-0.1801,0.5784,0.9959,0.2992,-0.4423,0.7086,0.6658,0.3209,0.1784,1.2212,0.1668,0.5055,0.532,-0.4179,0.3703,1.6811,1.0803,-0.0102,0.5886,0.1176,0.1311,-0.4288,0.6562,1.6063,-0.427,1.448,-0.7162,0.0112,0.162,2.1312,-0.4499,0.965,after Th
-0.8059,-0.8183,-0.7313,-0.8391,-0.6441,-0.364,-0.7023,-0.3797,-0.5506,-0.7138,-0.7998,-0.9554,-0.6032,-0.81,-0.758,-0.8684,-0.2989,-0.6863,-0.4124,-0.7843,-0.7131,-0.7491,-0.6158,-0.6069,-0.7817,-0.7101,-0.6268,-0.4627,-0.4804,-0.6695,-1.0358,-0.9741,-0.8746,-0.3052,-0.8654,-0.9338,-1.0116,-0.4389,-0.7543,-0.8684,-0.6848,-0.6009,-0.5912,-0.2874,-0.5624,-0.8272,-0.087,-0.8117,-0.7952,-0.7658,-0.6969,-0.8432,-0.8968,-0.3799,-0.8241,-0.1698,-0.6332,-0.7308,-0.9911,-0.2952,-0.7782,-0.5685,-0.8483,-0.5465,-0.6008,-0.467,-0.8059,-0.3238,-0.4928,-0.9646,-0.6581,-0.6497,-0.5693,-0.4981,-1.0462,-0.7475,-0.9265,-0.3191,-0.3799,-0.6228,-0.8291,-0.3952,-0.5018,-0.6143,-1.0731,-0.5882,-0.4865,-0.6491,-0.6919,-0.5594,-1.0967,-0.1167,-0.2557,-0.9552,-0.5637,-1.2056,-0.6155,-0.8835,-0.9307,-0.793,after Th
-0.6609,-0.8587,-0.9692,-0.8868,0.0009,-0.6775,-0.5529,-0.9068,-0.727,-0.727,-0.8147,-0.7138,-0.6225,-1.0272,-0.5829,-0.7999,-0.3675,-0.6813,-0.4045,-0.6643,-0.5943,-0.1885,-1.0208,-0.2284,-0.7981,-0.6846,-0.71,-0.5731,-0.7456,-0.592,-0.5843,-0.4386,-0.8548,-0.6362,-0.7358,-0.8019,-0.8563,-0.6785,-0.2952,-0.9147,-0.9221,-0.6284,-0.6947,-0.33,-0.961,-0.7265,-0.5258,-0.8342,-0.7544,-0.9255,-0.7393,-0.8227,-0.7554,-0.5704,-0.7885,-0.7877,-0.2132,-0.9407,-0.7422,-0.9907,-0.7726,-0.974,-0.5926,-0.7971,-0.3802,-0.6428,-0.6609,-1.0793,-0.6001,-0.8365,-0.4846,-0.4269,-0.3633,-0.445,-0.7403,-0.4678,-0.7319,-0.7784,-0.5704,-0.8521,-0.5589,-0.4796,-0.3339,-0.9021,-1.0026,-1.0568,-0.654,-0.6351,-0.7094,-0.736,-1.0537,-0.8608,-0.6356,-0.9261,-0.2647,-0.8963,-0.5437,-0.5642,-0.9345,-0.5862,after Th
-0.7734,-0.9509,-0.9877,-0.8375,-0.5106,-0.6514,-0.6964,-0.6574,-0.6732,-0.8252,-0.7104,-0.9132,-0.7106,-0.8735,-0.9109,-0.9001,-0.5806,-0.8108,-0.4866,-0.7011,-0.6532,-0.7427,-0.8344,-0.7198,-0.7911,-0.7057,-0.7934,-0.5331,-0.6764,-0.5461,-0.9305,-0.8288,-0.9122,-0.6501,-0.8172,-0.9071,-1.0876,-0.8214,-0.641,-0.9387,-0.904,-0.7082,-0.6,-0.3205,-0.6792,-0.6611,-0.9486,-0.6812,-0.889,-0.9478,-0.7477,-0.798,-0.6594,-0.9183,-0.8607,-0.062,-0.4271,-0.3275,-0.871,-0.4728,-0.6375,-0.7845,-0.8947,-0.6614,-0.6466,-0.687,-0.7734,-0.8852,-0.6097,-0.8812,-0.6525,-0.8611,-0.6376,1.3117,-0.5386,-0.5749,-0.7052,-0.7017,-0.9183,-0.598,-0.7216,-0.291,-0.6022,-0.2032,-0.8722,-0.6985,-0.7564,-0.5495,-0.2741,-0.8884,-0.9091,-0.8213,-0.6703,-0.8492,-0.803,-0.7525,-0.5713,-0.9144,-0.762,-0.7368,after Th
-0.8339,-0.6056,-0.9182,-0.8776,-0.6838,-0.0111,-0.6886,-0.5074,-0.92,-0.8389,-0.9026,-0.9467,-0.7472,-0.9125,-0.7831,-0.9182,-0.5169,-0.6226,-0.4967,-0.7599,-0.6422,-0.7157,-0.2429,-0.6419,-0.9232,-0.7802,-0.8367,-0.5424,-0.6737,-0.45,-1.0156,-0.6234,-0.9227,-0.5507,-0.7952,-0.9058,-1.0751,-0.5448,-0.8326,-0.4767,-0.8435,-0.7281,-0.7315,-0.3328,-0.4803,-0.7382,-0.1644,-0.6708,-0.8286,-0.892,-0.1112,-0.8395,-0.8676,-0.5455,-0.8069,-0.3024,-0.3487,-0.5968,-0.9451,-0.5506,-0.8072,-0.5612,-0.9939,-0.728,-0.5923,-0.7824,-0.8339,-0.0115,-0.8185,-0.907,-0.6054,-0.732,-0.6691,-0.5101,-0.7501,-0.7129,-0.7509,-0.6947,-0.5455,-0.2023,-0.848,-0.4705,-0.534,-0.5792,-0.9949,-0.6633,-0.8491,-0.6241,-0.6586,-0.6103,-0.9844,-0.5382,-0.6396,-0.8008,-0.6992,-0.8056,-0.7614,-0.6449,-0.7647,-0.8068,after Th
-0.6477,-0.9885,-0.9033,-0.7449,-0.648,-0.7159,-0.6913,-0.6481,-0.8252,-0.9031,-0.7445,-0.8642,-0.6965,-0.8495,-0.8414,-0.9119,-0.68,-0.6106,-0.3253,-0.7805,-0.6438,-0.7129,-0.8366,-0.739,-0.8434,-0.8647,-0.8155,-0.6637,-0.0163,-0.5395,-1.0168,-0.7297,-0.6353,-0.5723,-0.8154,-0.8681,-0.8687,-0.7213,-0.6699,-0.9555,-0.7226,-0.7267,-0.6944,-0.3389,-0.7176,-0.8168,-0.8391,-0.7837,-0.8205,-0.9409,-0.2201,-0.8322,-0.8293,-0.9652,-0.6483,-0.5829,-0.354,-0.6669,-0.9924,-0.2079,-0.4541,-1.0766,-1.0332,-0.7589,-0.4846,-0.7319,-0.6477,-0.5657,-0.6736,-0.9679,-0.5974,-0.9015,-0.6481,-0.4697,-0.4897,-0.6367,-0.7352,-0.2303,-0.9652,-0.367,-0.9701,-0.4851,-0.549,-0.4738,-0.7699,-0.7877,-0.7183,-0.6224,-0.7341,-0.591,-0.6731,-0.4113,-0.573,-0.8552,-0.6878,-0.7877,-0.944,-0.5376,-0.9677,-0.6717,after Th
-0.807,-1.0138,-0.983,-0.8652,-0.7897,-0.6898,-0.6717,-0.664,-0.9065,-0.8045,-0.7285,-0.8515,-0.6378,-0.8945,-0.8073,-0.9926,-0.4302,-0.9779,-0.3877,-0.7199,-0.5341,-0.841,-0.8099,-0.5989,-0.7876,-0.7209,-0.6592,-0.7199,-0.4593,-0.6283,-0.6253,-0.6747,-0.3986,-0.6161,-0.8715,-0.9113,-0.9117,-0.8874,-0.8848,-1.0521,-0.6954,-0.7432,-0.7533,-0.3363,-0.7411,-0.8467,-0.6621,-0.7201,-0.7996,-0.8748,-0.2984,-0.7836,-0.9599,-0.8804,-0.9144,-0.7057,-0.6466,-0.746,-0.9633,-0.13,-0.3049,-0.8532,-0.9562,-0.6613,-0.6592,-0.5934,-0.807,-0.5547,-0.6812,-1.0435,-0.4618,-0.8972,-0.5668,-0.5009,-0.7124,-0.7513,-0.7709,-0.4279,-0.8804,-0.3075,-0.877,-0.4063,-0.608,-0.0599,-0.8947,-0.6557,-0.7265,-0.6059,-0.5441,-0.7895,-0.7587,-0.062,-0.1825,-0.7552,-0.8429,-0.8712,-0.8225,-0.5869,-0.9842,-0.6123,after Th
-0.5933,-1.0297,-0.6387,-0.6175,0.6027,-0.5732,-0.6103,-0.4251,-0.7327,-0.8628,-0.8509,-0.7206,-0.481,-0.8833,-0.8421,-0.5791,-0.9525,-0.6182,-0.5041,-0.538,-0.7164,-0.6787,-0.8392,-0.6201,-0.9178,-0.6795,-0.7374,-0.6629,-0.597,-0.6398,-1.1002,-0.728,-0.5035,-0.485,-0.8324,-0.9396,-0.9802,-0.7467,-0.8165,-0.8425,-0.8101,-0.6703,-0.6171,1.0133,-0.634,-0.6731,-0.8748,-0.8085,-0.6713,-0.8923,-0.7943,-0.8508,-0.7932,-0.6445,-0.8307,-0.8677,-0.46,-0.7948,-0.8299,-0.5551,-0.5291,-0.7695,-0.7842,-0.8344,-0.4647,-0.0792,-0.5933,-0.7588,-0.7386,-0.9272,-0.6909,-0.6487,-0.6601,-0.4898,-0.791,-0.5959,-0.687,-0.4333,-0.6445,-0.8401,-0.5408,-0.4768,-0.5007,0.1075,-1.0445,-0.6289,-0.7714,-0.6155,-0.6579,-0.865,-0.6309,-0.7019,-0.6724,-0.6752,-0.7073,-1.0041,-0.8795,-0.8769,-0.9148,-0.591,after Th
0.4333,1.3287,0.929,1.0756,-0.2535,-0.5683,2.2515,0.7303,0.3387,0.3968,3.4472,-0.1409,0.9227,0.5172,0.3137,0.6043,-0.5857,0.4083,-0.2069,1.4665,1.1897,1.7241,-0.066,-0.7104,-0.8701,-0.757,0.3821,0.1054,0.5744,-0.0657,1.9369,1.6883,0.005,0.9722,2.1461,1.0091,1.0273,0.7073,-0.245,2.1072,0.8882,1.0384,0.3141,-0.243,0.2643,1.5283,3.6779,1.066,0.6606,0.2159,-0.2931,-0.219,0.7409,1.0766,0.438,-0.1507,-0.4555,0.5817,0.7054,-0.8015,-0.2782,1.1799,1.1384,0.7241,-0.4459,-0.5121,0.4333,0.5008,1.1471,0.7131,-0.2196,-0.6955,1.9554,0.5281,-0.4307,0.8657,3.4654,-0.5951,1.0766,-0.198,1.6899,-0.1422,0.8341,-0.1464,0.3878,1.903,0.9416,-0.1138,6.2244,0.4033,0.9672,-0.3033,0.869,1.1175,1.2817,0.4547,2.7073,0.825,1.9165,1.4145,after Th
-0.5041,-0.9163,-0.474,-0.6906,-0.6959,-0.6308,-0.6729,-0.8144,-0.9683,-0.7726,-0.8246,-0.7104,-0.654,-1.0329,-0.8679,-0.8425,-0.914,-0.9688,-0.3526,-0.7142,-0.011,-0.7505,-0.8634,-0.704,-0.7071,-0.8944,-0.5805,-0.5065,-0.378,-0.6253,-0.9249,-0.6839,-0.615,-0.576,-0.7291,-0.9276,-0.9225,-0.6197,-0.952,-0.9513,-0.8285,-0.6677,-0.7123,-0.3321,-0.4755,-0.5967,-0.609,-0.6636,-0.7166,-0.8781,-0.4171,-0.7675,-0.966,-0.5561,-0.8606,-0.6975,-0.1676,-0.9468,-0.5159,-0.3529,-0.3407,-0.8201,-0.8921,-0.673,-0.3781,-0.314,-0.5041,-0.7098,-0.4651,-1.0236,-0.5864,-0.7993,-0.5633,-0.4543,-0.7763,-0.833,-0.8259,-0.4728,-0.5561,-0.5378,-0.9749,-0.4972,-0.4285,-0.65,-0.9366,-0.7154,-0.6627,-0.5648,-0.6982,-0.4569,-0.9502,-0.326,-0.4024,-0.9181,-0.5197,-0.7368,-0.745,-0.7565,-1.0189,-0.7201,after Th
-0.7651,1.2908,0.2311,0.0082,-0.5596,-0.1536,-0.6989,-0.0751,2.3288,3.5842,-0.727,3.9343,-0.8577,-0.706,-0.7629,-0.0955,3.1145,1.0819,0.5417,0.7744,-0.5209,1.7996,0.1853,3.2468,0.4273,-0.3001,2.6442,3.3476,0.1706,-0.2595,2.2646,-0.6454,-0.9499,0.1067,-0.5289,0.7439,-0.9372,-0.8903,0.0356,-0.1149,0.3707,5.6515,1.2013,-0.1298,-0.2724,0.1583,-0.0766,-0.6717,-0.221,1.158,-0.5754,2.5584,-0.3417,-0.3065,-0.6499,0.0212,0.3194,-0.0633,-1.0247,0.5737,-0.0012,1.7316,-0.8266,2.3207,2.0288,-0.1755,-0.7651,-0.1597,-0.4147,2.0435,6.646,1.0837,-0.0487,2.774,1.0681,-0.6396,1.4006,1.8571,-0.3065,-0.0538,0.2402,-0.0289,-0.177,0.4102,0.4909,0.3435,1.9925,3.9978,1.1564,-0.72,-0.4803,2.2621,-0.2583,2.3408,-0.6206,-0.9837,1.2512,-0.593,-0.0029,-0.6337,before Th
1.3557,0.1572,-1.097,-0.2035,1.0887,1.7103,0.2386,0.7592,-0.04,0.9542,1.9783,2.574,0.6534,0.102,-0.2282,0.8799,-0.2456,1.125,0.955,-0.1538,0.2097,2.4632,0.6982,-0.5526,0.3243,-0.7016,2.1954,1.5046,0.249,-0.4276,1.1817,0.4607,0.4533,0.09,0.4546,0.613,0.9388,-0.831,0.8123,0.9467,0.9068,0.6842,3.0105,0.1447,2.1298,-0.3073,1.5317,1.2136,1.5886,-0.0223,1.8105,1.2192,0.2259,-0.1171,0.9791,2.1828,-0.3881,0.5297,2.5611,1.5241,3.0382,0.9328,0.5877,0.0605,-0.1603,3.0467,1.3557,0.9269,-0.5959,-1.0742,0.5649,0.066,0.6088,2.5033,1.5577,-0.64,0.2488,-0.126,-0.1171,1.2156,0.3082,0.194,1.9212,4.8602,0.3181,-0.8408,-0.3133,2.0679,0.1252,4.0757,0.6029,3.7743,2.231,0.9267,-0.6045,2.4689,0.9859,1.0726,-0.1248,1.7429,before Th
0.7354,1.321,1.5915,1.2694,0.3501,1.7366,0.0325,0.5083,0.0066,0.7421,-0.4554,0.0967,1.2832,1.0825,-0.8865,0.6773,1.4896,0.8148,-0.4054,0.5434,1.7567,0.4504,1.9216,0.404,0.2526,0.6185,0.5254,0.7704,0.8624,0.4448,0.3531,2.0497,0.3709,-0.3285,1.1482,0.8202,0.219,1.6713,0.2333,1.6977,0.8075,-0.0956,-0.0431,-0.0624,0.3075,1.5649,0.1275,1.0649,0.3905,0.0505,1.0069,0.3361,0.8132,1.4914,0.3329,1.7937,0.788,1.5677,0.4285,1.4709,-0.4811,1.6601,0.4,-0.561,-0.2492,-0.7383,0.7354,1.88,-0.6763,0.4315,0.2087,0.079,-0.5421,-0.1796,1.4073,0.3208,0.1317,0.4578,1.4914,1.6781,0.4518,0.0016,0.4453,0.1827,1.245,0.8216,0.1399,1.8548,-0.4565,1.0287,1.281,1.0966,-0.4871,0.9963,-0.2772,1.1368,0.9159,1.1221,0.3519,-0.6718,before Th
-0.0523,0.4611,0.1564,-0.0074,1.3182,0.2325,0.0525,-0.0654,2.4305,1.1683,-0.2903,2.7636,1.2571,0.8011,0.7209,0.2478,2.3554,2.6321,1.0028,0.3751,-0.1906,0.7773,0.8848,0.0527,3.527,-0.3177,2.4756,-0.5739,0.5327,-0.2462,0.5255,0.1066,1.144,0.9303,-0.1753,-0.414,-1.0096,-0.5768,-0.4155,-0.0495,-0.0565,1.8804,0.1157,0.3776,-0.4759,1.3798,1.4858,1.417,0.7552,1.2578,2.8108,0.7772,1.2754,0.8739,-0.1147,-0.4036,0.6731,0.7494,-0.7827,0.8554,-0.538,1.3091,0.8552,-0.1236,3.4621,0.0528,-0.0523,0.8021,-0.6859,1.4873,1.2767,-0.039,4.0453,0.8102,0.0503,0.1426,0.9913,-0.5875,0.8739,1.9267,-0.2708,2.157,1.7463,0.8822,0.9168,-0.5981,0.0245,2.6929,0.6773,1.9195,0.3655,1.1518,0.0035,1.5242,1.3951,-0.2016,2.8518,1.564,0.7523,2.1775,before Th
2.8196,-0.1493,0.423,1.9809,0.2824,-0.4809,0.8383,2.3908,-0.0386,0.0454,1.0779,1.3215,1.0205,1.73,2.2413,-0.0806,1.9035,3.1687,-0.4416,-0.3873,0.889,0.1795,1.2918,0.8857,0.8195,2.1558,0.1024,1.0016,0.5982,5.1983,-0.19,0.7763,-0.3245,-0.4379,-0.2885,2.3374,0.1775,0.3238,1.6205,1.6232,-0.2642,0.0988,1.0525,-0.2299,-0.6024,-0.5163,0.5771,-0.0989,0.9132,1.7001,0.7249,1.0701,-0.0628,1.2806,0.1015,1.1318,1.0543,0.3122,1.1651,-0.5593,0.8563,0.4201,1.9162,-0.459,1.0894,-0.6395,2.8196,0.4515,-0.0577,0.9364,-0.2317,0.2395,0.0136,0.5403,0.6104,-0.0472,-0.4166,0.5887,1.2806,0.0083,0.6522,-0.3964,-0.3898,-0.7857,1.864,1.473,2.945,-0.0982,-0.1134,-0.0127,0.4888,-0.7643,-0.534,0.0118,2.0624,1.037,1.4798,0.6924,2.5364,0.4658,before Th
0.0768,1.9659,0.4967,1.382,2.2729,1.2477,-0.343,0.6646,1.344,1.9462,0.2507,-0.6549,1.2746,1.4181,-0.7355,0.7127,0.3632,2.4851,-0.2782,5.5636,-0.3605,-0.2369,1.7964,0.0025,-0.1078,-0.6304,0.0769,-0.6319,0.1343,0.1643,0.9021,0.0695,1.0589,1.4582,2.1979,1.3221,1.0148,0.6729,1.5236,1.6276,2.0179,1.118,1.6225,4.233,2.4681,1.7506,-0.7711,-0.7348,0.9461,1.3159,-0.705,0.7939,1.7288,-0.0205,0.8413,0.576,0.1871,0.3402,1.6853,0.047,-0.6793,-0.9249,1.1231,-0.3862,1.5393,2.2313,0.0768,1.0072,0.5616,0.3038,-0.2086,1.4383,0.0781,1.0674,-0.0136,0.2855,0.0501,-0.3693,-0.0205,-0.2995,1.1133,2.5698,2.0436,-0.6206,1.0552,0.7465,-0.7828,2.0611,0.5848,1.3502,1.1714,-0.4328,0.7402,0.6577,-0.451,0.4056,0.1529,0.9317,0.6225,0.9152,before Th
0.2076,1.5963,0.5367,2.1104,-0.0157,-0.3272,0.691,-0.1629,-0.0896,-0.1974,0.3986,0.6714,0.7642,1.4935,0.9429,0.803,0.6351,1.0799,-0.3763,0.4308,0.336,-0.4198,0.425,-0.6328,0.3795,1.8943,-0.3174,-0.6132,1.8164,4.1766,0.3196,1.6412,0.5774,-0.4746,-0.4701,1.2748,1.9895,0.4348,1.2359,1.8771,0.1056,-0.2297,1.8831,-0.0264,2.2747,0.086,-0.2943,0.1996,0.6037,0.6287,0.8586,0.208,1.3226,0.36,1.418,0.1885,-0.03,0.183,0.9855,-0.1276,-0.7072,1.7358,2.034,-0.2207,0.4822,-0.5176,0.2076,0.1509,0.6942,1.8894,-0.0415,0.9901,0.1369,-0.1917,2.6133,0.7087,1.0351,0.6118,0.36,0.2478,1.0029,4.2341,-0.2756,-0.6573,0.7816,1.876,0.2842,0.2813,-0.3657,-0.2441,0.2909,-0.8624,-0.3935,0.8891,0.4861,2.1037,-0.9231,-0.3159,1.3784,-0.5884,before Th
-0.6152,-0.6432,-0.7464,-0.9131,-0.3456,-0.6784,-0.4374,-1.0105,-0.7772,-0.815,-0.8198,-0.8166,-0.6606,-0.8687,-0.7685,-0.8376,-0.2622,-0.6405,-0.3654,-0.741,-0.6139,-0.2361,-1.0268,-0.8166,-0.6166,-0.7038,-0.6691,-0.752,-0.7636,-0.5678,-0.6685,-0.6632,-0.8396,-0.374,-0.6762,-0.792,-0.7709,-0.7821,-0.5047,-0.7272,-1.1007,-0.4981,-0.6341,-0.3049,-0.8521,-0.4189,-0.6185,-0.6563,-0.5696,-0.7837,-0.642,-0.7675,-0.6943,-0.6588,-0.5837,-0.926,-0.6187,-1.1337,-0.5852,-1.0048,-0.7284,-0.8283,-0.3277,-0.742,-0.5874,-0.7153,-0.6152,-1.0022,-0.4859,-1.0679,-0.6136,-0.3916,-0.5633,-0.4861,-0.7407,-0.3536,-0.6711,-0.8672,-0.6588,-0.7795,-0.3977,-0.4118,-0.4713,-0.8302,-0.9836,-0.8152,-0.9063,-0.6191,-0.4746,-0.8032,-0.9986,-0.8775,-0.4824,-0.7775,-0.5014,-0.9267,-0.8226,-0.6342,-0.7482,-0.4937,before Th
0.0004,2.1914,1.0905,0.6334,1.6577,2.4241,2.4546,0.7148,1.4537,0.3131,0.7974,0.4129,1.9128,0.755,1.2393,2.0903,2.1659,1.7858,0.3877,0.5013,-0.2914,3.0836,0.6862,0.9915,0.5203,0.4912,-0.8361,-0.5124,-0.1115,0.9491,1.9647,1.7596,-0.4359,-0.5117,2.5126,1.8278,0.8824,-0.9247,1.3419,1.855,0.6994,0.9084,0.6837,0.0118,-0.5828,-0.0962,-0.0419,0.2002,1.4558,0.0959,-0.7291,0.8601,0.556,0.7014,1.3095,-0.7544,0.1878,0.5284,0.1229,-0.9087,1.022,-0.6636,-0.6512,1.0013,1.3207,-0.1939,0.0004,-0.5506,1.1349,-0.0479,1.2413,0.6348,0.1914,0.6956,1.5227,1.1961,0.8922,0.0377,0.7014,-0.9141,0.6748,1.4785,-0.4353,0.031,0.4634,-0.797,0.0504,0.8499,-0.1208,0.3421,0.7113,-0.6599,-0.3942,-0.3401,0.7582,1.6666,1.1262,0.2176,1.7414,-0.6652,before Th
0.3554,1.1974,0.8588,0.4184,-0.3711,0.5504,0.3685,0.1107,0.3706,-0.3128,0.4908,0.2181,0.4081,1.811,1.5735,0.7171,1.0399,0.6594,-0.153,0.333,-0.6287,-0.2276,1.0133,1.1242,1.2408,0.4463,-0.0403,0.5504,0.7842,0.2457,0.8566,1.7525,-0.0001,0.1055,-0.0997,0.8406,0.5371,0.9389,0.5404,1.0322,1.3071,0.3635,0.319,-0.0552,0.3424,1.7934,-0.3373,0.4708,0.1659,-0.0949,-0.3164,0.1453,0.4617,0.809,0.8841,1.116,-0.3476,2.5641,0.7945,0.7831,-0.0209,1.2927,0.8111,-0.679,-0.3885,1.3808,0.3554,0.6168,0.2836,0.84,-0.6754,1.5698,0.4485,8.4254,1.3579,0.7442,0.3519,1.0326,0.809,1.6738,0.4592,0.8973,0.1153,1.8815,1.4644,0.6668,0.3573,-0.5312,0.0515,0.5512,0.487,-0.6326,-0.469,0.9901,-0.0712,1.523,0.7018,0.323,1.1914,-0.4719,before Th
-0.1176,1.7285,1.0233,0.0372,0.5199,3.1833,0.4316,0.5728,0.0142,0.2566,-0.2803,0.5501,0.2401,0.3304,1.2064,0.7553,1.0413,1.4482,-0.2016,-0.1188,-0.4322,0.9585,3.2765,-0.1007,0.6608,-0.1643,-0.1002,-0.6712,0.7886,1.0565,-0.0062,1.1407,0.1221,0.6655,1.3286,0.5347,1.2569,1.3246,-0.3985,1.2371,1.2051,0.3042,0.5801,0.0626,1.8759,1.3096,1.6095,0.2444,-0.2011,0.77,3.0724,0.5374,0.7487,2.5201,0.1132,1.2101,0.1687,1.6968,0.4234,0.6579,-0.5439,0.5174,0.8423,-0.3299,0.9511,-0.7194,-0.1176,2.1654,0.0011,0.2132,0.8181,0.9857,0.4305,0.3186,0.3796,-0.7604,0.2999,0.9293,2.5201,4.2697,-0.2965,-0.2624,0.618,0.4099,0.8668,0.2065,0.4234,0.6657,2.2548,0.6914,0.5076,1.5193,-0.5807,0.8032,-0.3466,-0.0945,0.659,1.6577,0.8154,0.7864,before Th
-0.5361,-0.8585,-0.8623,-0.7536,-0.7885,-0.5804,-0.6204,-0.8656,-0.8125,-0.7741,-0.597,-0.8579,-0.5673,-0.8496,-0.5496,-0.9645,-0.149,-0.7757,-0.3907,-0.7568,-0.6938,-0.7586,-0.6495,-0.5266,-0.8827,-0.6571,-0.7256,-0.6613,-1.1121,-0.4944,-0.8483,-0.9308,-0.7911,-0.4843,-0.7709,-0.8783,-0.6408,-0.8977,-0.7989,-0.9117,-0.9163,-0.7798,-0.5321,-0.302,-0.535,-0.6758,-0.7782,-0.5745,-0.7053,-0.8723,0.1552,-0.8033,-0.8569,-0.5812,-0.7805,2.0319,-0.3529,-0.8962,-0.7955,-0.1409,-0.5984,-0.951,-0.6707,-0.6837,-0.6408,-0.5227,-0.5361,-0.6793,-0.5864,-0.9395,-0.6277,-1.0815,-0.5288,-0.4619,-0.6347,-0.6327,-0.5782,-0.5695,-0.5812,0.012,-0.9281,-0.4702,-0.4303,0.1893,-0.6814,-0.9242,-0.6973,-0.5484,-0.7002,-0.4675,-1.1013,-0.3581,-0.404,-1.1064,-0.5328,-0.6746,-0.8409,-0.7592,-0.8729,-0.5052,before Th
0.1903,0.2969,-0.9891,0.7162,0.1531,1.6671,0.4132,0.0792,2.4109,0.2394,0.2186,0.6656,0.2931,1.2467,2.1651,1.6999,0.0115,-0.5271,-0.2825,1.2651,-0.5664,-0.3568,1.3834,-0.3594,2.7449,2.4851,1.3513,0.6073,0.5595,-0.1816,0.3404,-0.4686,1.0727,3.2988,0.6027,0.0671,1.3036,1.1388,0.147,0.5623,0.7103,1.1466,1.1595,4.5798,-0.5144,-0.4331,2.1095,0.7406,0.9527,2.1697,-0.5532,1.0507,0.8858,1.1732,-0.334,-0.2783,0.5192,0.7123,-0.2325,0.1123,-0.4742,0.0523,-0.0662,1.5689,0.1793,1.6601,0.1903,0.1539,0.8608,-0.224,2.2428,0.272,0.6215,1.0498,-1.0042,-0.081,-0.6263,1.3204,1.1732,-0.2103,1.455,0.6325,-0.1806,0.638,-0.0741,-0.176,0.4121,1.0299,1.1154,0.8601,0.718,-0.0607,-0.4669,0.0927,1.393,0.9044,0.9377,0.7473,0.7548,0.7984,before Th
-0.5879,-1.0132,-0.7741,-0.8366,-0.6642,-0.6858,-0.6184,-0.924,-0.8777,-0.5863,-0.9335,-0.9464,-0.883,-1.0666,-0.7649,-0.8727,-0.6528,-0.8299,-0.2826,-0.7483,-0.6693,-0.7734,-0.986,-0.5486,-0.7805,-0.827,-0.7402,-0.6438,-1.0494,-0.6316,-0.6987,-0.7138,-0.4084,-0.6134,-1.0582,-1.0102,-0.8376,-0.8652,-0.9461,-0.9844,-0.8683,-0.7646,-0.6447,-0.3197,-0.4457,-0.5723,-0.725,-0.5586,-0.676,-0.9173,-0.063,-0.7239,-0.7543,-0.7027,-0.7832,-0.8201,-0.1993,-0.7341,-0.7342,-0.466,-0.3815,-0.8303,-0.7754,-0.6389,-0.6459,0.0378,-0.5879,-0.8145,-0.6453,-1.006,-0.5695,-0.7881,-0.4975,-0.4487,-0.6658,-0.5997,-0.7509,-0.6953,-0.7027,-0.3623,-0.934,-0.2742,-0.4902,-0.5099,-1.0024,-0.9158,-0.7212,-0.6116,-0.7209,-0.4062,-0.9941,-0.1521,-0.42,-1.0062,-0.8329,-0.8689,-0.9362,-0.7551,-0.9377,-0.5877,before Th
-0.6212,-0.8289,-0.415,-0.9766,-0.6666,-0.4914,-0.0572,-0.9436,-0.8723,-0.7794,-0.3763,-0.6753,-0.7344,-0.7482,-0.9372,-0.9261,-0.9219,-0.7782,-0.4311,-0.629,-0.2839,-0.6036,-0.9879,-0.2382,-0.5469,-0.7688,-0.5083,-0.4984,-0.9831,-0.6417,-0.9885,-0.8578,-0.9569,-0.5966,-0.5763,-0.8431,-0.2779,-0.8537,-1.0191,-0.5643,-1.132,-0.773,-0.6719,-0.3285,-0.7887,-0.8167,-0.6982,0.1188,-0.6667,-0.6532,-0.2618,-0.7425,-0.8085,-0.4041,-0.8632,-0.5,-0.2564,-1.1229,-0.7572,-0.9314,-0.6487,-0.8684,-0.6953,-0.4285,-0.2172,-0.831,-0.6212,-0.8725,-0.7548,-0.7235,-0.5994,-0.6692,-0.6223,-0.4934,-1.2132,-0.4007,0.0917,-0.8256,-0.4041,-0.8634,-0.7561,-0.4054,-0.3843,-0.871,-1.0208,-0.6005,-0.6707,-0.4631,-0.7067,-0.6638,-1.0728,-0.8006,-0.6581,-0.9084,0.0311,-0.5049,-0.6561,-0.7085,-0.9542,-0.8735,before Th
0.7105,-0.4297,1.3722,-0.311,-0.1474,2.9852,0.1682,0.3504,-0.8257,0.0107,-0.1233,0.8792,0.0333,1.0228,-0.6915,0.363,2.0267,-0.0786,0.1303,0.7469,0.8427,1.451,0.5221,-0.2108,1.5091,0.0705,2.4119,0.528,3.1677,-0.1891,1.1561,1.1574,1.0805,-0.4687,1.1546,-0.2293,0.6426,0.6682,-0.0589,0.4638,0.8281,0.8882,2.6013,-0.1326,-0.5037,2.0112,1.311,-0.2628,1.3473,1.2194,0.9381,1.4358,0.8887,1.8249,-0.1245,-0.4035,-0.0038,2.6902,0.5168,0.5382,1.8283,0.0395,1.9317,1.5234,0.0673,2.0989,0.7105,0.488,-0.1988,0.8093,1.5369,1.6296,2.6256,-0.3231,-0.123,-0.5871,-0.3744,0.4499,1.8249,2.0311,0.3302,0.2815,3.1302,1.575,0.1843,1.1061,1.8105,1.13,1.0793,-0.5198,1.0862,1.3525,0.4875,0.5727,-0.302,-0.3277,0.9919,0.5038,0.1973,0.1795,before Th
0.4959,1.3279,1.0017,0.6602,0.0114,-0.5552,0.2111,2.2511,0.7761,0.5681,0.4357,1.2579,1.109,0.8266,1.4153,0.7847,-0.6546,0.2164,0.0691,0.8126,-0.4035,0.0705,0.3029,-0.1337,0.6818,0.4453,1.4326,0.1246,0.0891,0.4811,1.1216,-0.4419,0.6134,1.8271,0.5885,0.8227,1.2052,0.777,0.9712,0.5398,1.5894,0.1601,0.2385,-0.0051,0.7728,0.2872,-0.3321,0.7859,-0.3359,0.972,0.0137,0.8185,0.8989,0.3169,0.4661,1.0645,-0.0803,0.7868,0.8899,0.2703,0.4596,0.5721,0.7681,0.6201,1.2325,-0.297,0.4959,0.9489,1.2577,0.0512,-0.5195,0.7049,-0.335,-0.413,1.0588,0.6431,1.3032,0.3886,0.3169,1.8135,0.9898,-0.1358,0.3458,-0.8189,0.625,1.8794,0.5127,0.2378,-0.3908,0.985,0.9682,1.5095,0.8847,0.5691,1.422,1.8814,0.3863,0.4274,0.5407,-0.0585,before Th
0.9932,1.3622,3.6546,0.5728,0.3859,-0.5572,0.5902,0.1429,0.9988,-0.0704,1.6277,0.4988,0.164,0.5994,0.6821,2.0192,0.3784,0.7799,0.0052,0.7349,1.4274,-0.3447,1.2949,2.5686,0.655,0.6752,0.2897,2.166,1.8955,0.2189,0.288,0.9086,2.3673,0.9875,0.3851,1.4212,1.6334,0.2628,0.1213,1.482,1.0318,0.3597,-0.417,5.1798,1.0577,1.6127,0.4367,-0.3367,1.7053,0.1246,-0.7703,0.472,0.9351,0.9638,0.7342,0.5441,-0.4006,0.5818,0.3087,-0.0557,0.8396,0.1382,0.6544,-0.5521,-0.2671,0.4886,0.9932,0.549,0.2337,1.2632,0.4113,2.1618,-0.436,0.7146,1.0884,0.8654,0.5801,0.542,0.9638,-0.1265,0.8154,0.3113,-0.0933,-0.0205,0.8122,1.4622,1.6172,-0.587,1.1698,0.2823,1.6982,-0.2622,-0.3224,0.1309,0.8846,0.2839,-0.3073,1.9078,-0.0297,1.2187,before Th
0.3507,2.1483,1.0476,0.9452,1.6004,0.3174,0.1638,1.4882,-0.1825,1.5157,0.2953,-0.3608,-0.0307,1.0123,0.0895,2.0247,-0.2973,-0.6839,0.2799,0.4483,0.2427,1.3232,0.7547,0.3214,0.8707,0.8476,1.5756,-0.6879,0.2397,0.3967,2.2535,1.4643,1.2187,0.284,0.1376,0.441,1.0875,1.3884,0.3666,0.7939,0.3632,-0.3605,-0.1642,0.1876,0.0523,-0.744,0.7284,0.5408,1.1267,0.5155,-0.3383,-0.4826,0.2733,-0.6296,2.0328,-0.1981,0.5472,0.5971,1.1047,-0.1625,-0.4477,0.6021,0.9128,0.6132,-0.3665,0.4103,0.3507,1.098,0.6504,1.4354,-0.4495,-0.3758,0.0854,-0.4438,1.2561,-0.3947,0.3464,-0.5177,-0.6296,-0.6007,-0.1075,-0.3979,0.8616,1.6116,0.8164,0.3301,0.595,0.0096,1.3899,1.5225,0.6671,0.4994,-0.3862,1.0284,0.9174,0.6676,0.8924,-0.5974,0.0705,1.3227,before Th
-0.6526,-1.0037,-0.9023,-0.9653,-0.7142,-0.2862,-0.4979,-0.8481,-0.609,-0.7333,-0.999,-0.6482,-0.8022,-0.6981,-0.8455,-1.0304,-0.9428,-0.8715,-0.4281,-0.6716,-0.7338,-0.668,-0.9736,-0.5992,-0.803,-0.786,-0.5346,-0.3696,-0.8853,-0.5799,-0.3026,-0.767,2.2746,-0.4623,-0.8638,-0.9547,-0.8218,-0.6188,-0.8193,-0.8913,-0.7966,-0.802,-0.6545,-0.3293,-0.6917,-0.7274,-0.9057,-0.7436,-0.8027,-0.8925,-0.6823,-0.7905,-0.7599,-0.9522,-0.8174,-0.7816,-0.6804,-0.9866,-0.7499,-0.8677,-0.12,-0.9649,-0.8996,-0.6805,-0.4049,0.0925,-0.6526,-0.8305,-0.5809,-0.847,-0.703,-0.8241,-0.6451,-0.4906,-0.8121,-0.6397,-0.7667,-0.8987,-0.9522,-0.9504,-0.7887,-0.4934,-0.3091,-0.7318,-0.8456,-0.6592,-0.8104,-0.5107,-0.7428,-0.463,-0.9909,-0.0622,-0.6654,-0.6831,-0.7611,-0.7481,-0.6819,-0.9455,-1.0686,-0.3239,before Th
1.4522,1.0804,2.3107,0.1689,0.5601,2.5467,1.3033,-0.7518,1.2973,0.7983,-0.3966,0.9421,1.3301,0.8249,1.9236,1.4872,1.797,0.2927,-0.3684,-0.3974,3.3182,1.6507,0.0149,0.7878,0.5178,2.5929,-0.0604,1.0805,-0.2324,0.4428,0.7023,1.779,-0.9752,0.8963,-0.2357,0.9767,1.5312,0.0944,0.6135,0.6442,-0.209,0.5986,-0.5308,-0.265,-0.5461,-0.3673,0.8739,1.008,-0.8933,2.5427,-0.6191,0.8844,2.0692,1.1701,0.6265,-0.6661,0.8402,0.4418,-0.0112,-0.959,0.6819,1.1597,2.3089,2.2683,2.7702,1.5111,1.4522,-0.9736,1.1235,1.9122,-0.6164,2.6648,0.2199,-0.421,-0.9957,1.7456,1.4966,-0.7894,1.1701,-0.9046,1.9215,-0.2189,-0.364,0.0116,0.6706,0.791,1.8433,0.5664,0.246,-0.5188,0.7124,-0.8652,1.9335,0.758,3.499,1.7068,2.4326,1.0859,1.8908,0.1053,before Th
-0.1753,1.0364,1.9802,0.8095,-0.1445,-0.2121,0.3578,1.7186,1.3911,0.5861,-0.0019,-0.9061,0.3906,1.6874,0.5808,1.5181,0.5564,0.3875,0.0017,0.1684,-0.5688,0.7209,1.1425,1.178,-0.4263,0.4146,1.277,-0.3974,0.2367,0.0713,0.8778,0.7437,0.6575,-0.5272,0.198,1.4151,0.6317,0.9292,-0.153,0.7871,1.9515,0.8079,1.54,-0.1948,2.6688,-0.6397,-0.5878,0.8575,0.7502,-0.0504,0.0204,0.0099,0.9538,1.0088,1.9572,-0.8853,-0.1301,1.4699,-0.9251,1.1276,0.0102,1.2434,0.2819,0.4533,0.1152,0.2964,-0.1753,1.3823,0.5491,1.7098,0.0691,0.4016,0.2344,-0.2498,1.2178,1.9813,0.3717,-0.2811,1.0088,0.4216,-0.0151,-0.0542,0.2904,1.2611,1.8525,-0.0087,0.3593,0.4415,-0.169,0.3236,1.7919,1.3861,-0.3885,0.7058,-0.5955,0.8394,-0.3153,0.8059,0.1597,1.3979,before Th
0.8766,0.8479,-0.0642,0.1372,0.0228,0.7347,-0.131,1.0967,0.1777,0.7503,0.4744,-0.0205,0.5627,1.2686,0.8821,1.3748,0.9399,0.9677,-0.3689,0.5083,0.9376,-0.4195,0.5941,1.4277,0.9114,-0.286,-0.2426,0.2054,0.2675,0.4664,-0.0758,1.8649,0.2826,0.4019,0.9113,1.3721,1.4469,0.364,1.5325,0.5732,1.1246,0.8468,-0.2375,-0.0235,0.7659,0.0872,-0.1489,0.4696,1.3685,0.7535,0.7378,0.6978,1.4912,2.2664,1.0858,-0.2267,0.8741,0.7527,1.1779,0.3662,-0.676,0.642,1.6298,0.525,-0.5266,-0.1442,0.8766,0.9725,0.4819,0.8622,0.5275,-0.7405,-0.6143,-0.0851,1.5587,-0.0421,0.5579,0.1708,2.2664,0.7253,0.492,0.216,0.1866,0.8632,0.9605,0.7601,0.2858,0.849,0.5301,-0.7177,1.4129,0.2116,-0.6126,0.5309,0.1898,0.3247,0.6294,0.501,0.6627,1.1668,before Th
-0.3382,-0.9314,-0.9094,-1.0499,-0.695,-0.6163,-0.6353,-1.1093,-0.8285,-0.3693,-0.9653,-0.5428,-0.4189,-1.0511,-0.8045,-1.0249,-0.9142,-0.7049,0.0348,-0.7808,-0.532,-0.6218,-0.8818,-0.8238,-0.6166,-0.6286,-0.4074,-0.6223,-0.93,-0.6196,-0.927,-0.8174,-0.5607,-0.4461,-0.6497,-1.031,-0.9432,-0.9281,-0.9792,-1.0039,-1.1665,-0.6797,-0.4991,-0.3223,-0.4304,-0.5933,-0.8805,-0.5777,-0.936,-0.6095,0.0022,-0.5971,-0.8229,-0.8962,-0.8571,-0.7766,-0.308,-1.0726,-0.9982,-0.476,-0.3371,-0.7471,-0.6869,-0.1416,-0.6111,-0.4365,-0.3382,-0.7414,-0.6329,-0.8282,-0.5847,-0.7686,-0.3828,-0.4895,-1.0285,-0.8214,-0.9231,-0.4469,-0.8962,-0.5922,-0.8866,-0.4742,-0.3504,-0.5453,-1.0252,-0.7823,-0.658,-0.6126,-0.1242,-0.8656,-1.1658,-0.4893,0.0413,-1.0458,-0.814,-0.9458,-0.7126,-0.693,-0.8129,-0.5381,before Th
0.6952,0.7211,3.2189,0.2793,0.3531,0.6769,0.1444,1.8654,0.521,0.3779,-0.2372,1.1981,-0.5659,1.183,0.1001,1.1585,1.9281,1.1547,0.0184,0.2909,0.3508,-0.2697,1.5547,1.4683,0.49,0.5674,0.0465,-0.367,1.2164,0.4384,0.4565,2.3352,0.3769,1.6943,0.5331,0.6468,0.3774,1.2797,0.1456,1.0142,1.5262,0.3933,-0.3648,0.0073,-0.0309,1.8534,0.2805,-0.0591,0.0152,0.9071,0.3252,0.3577,0.4437,1.4073,0.2243,2.3832,-0.4627,1.4144,0.9717,0.4359,-0.5873,0.1122,-0.331,-0.3638,-0.5686,-0.163,0.6952,2.4157,-0.2713,1.1369,0.2186,1.9104,0.447,-0.1936,0.6326,-0.3192,1.2606,3.6577,1.4073,0.6344,0.1187,-0.4147,-0.5534,0.5845,0.3425,1.6765,0.5554,-0.5448,-0.3352,-0.6956,1.7493,1.0535,-0.5685,0.6154,-0.4885,0.3389,0.6456,0.9517,0.0066,-0.8073,before Th
0.3165,-0.0013,0.5902,0.9601,4.923,-0.3833,0.5469,1.239,-0.4928,0.4969,-0.2514,0.6103,0.3803,1.2841,0.1837,0.6908,0.7455,-0.1634,0.6251,0.1112,0.6333,0.2982,0.5725,1.5833,0.3611,-0.0093,0.0918,-0.0317,0.9301,0.2803,1.2339,1.7995,1.3162,-0.5704,0.0481,0.6205,0.9138,0.408,0.3531,-0.2591,1.2362,0.0042,0.5531,-0.2545,1.5917,0.97,1.1812,0.832,1.3638,0.3338,3.8033,-0.2899,0.6855,0.1138,0.7162,1.683,-0.4518,1.7178,-0.1231,0.8943,0.7032,1.0302,0.7184,-0.0418,-0.384,1.7616,0.3165,1.2129,-0.6346,0.3073,0.9785,0.0196,0.0994,0.3342,1.2488,-0.0462,0.4873,0.5209,0.1138,1.3934,-0.072,-0.2493,-0.4745,2.1574,0.7064,1.3345,0.3012,-0.1153,1.2534,1.3651,2.3077,1.924,0.5351,0.8145,-0.0342,0.8986,0.4428,0.8351,0.2898,0.4639,before Th
-0.6964,-0.6731,-0.0871,-0.9461,-0.6932,-0.2816,-0.2499,-0.768,-0.7129,-0.7489,-0.1712,-1.0068,-0.7275,-0.8652,-0.6599,-0.8015,-0.946,-0.8425,-0.5123,-0.6537,-0.3927,-0.2496,-1.013,-0.675,-0.9926,-0.51,-0.7811,-0.7274,-0.5502,-0.5968,-0.8728,-0.7444,-0.9728,-0.6282,-0.7681,-0.6818,-0.9387,-0.9156,-1.0635,-0.6863,-0.8786,-0.6091,-0.7189,-0.3419,-0.9167,-0.8104,-0.4734,-0.8272,-0.687,-0.8642,-0.7042,-0.8876,-0.7968,-0.5074,-0.3402,-0.7803,-0.5092,-1.0514,-0.8319,-1.0027,-0.6729,-0.7212,-0.8691,-0.6976,-0.6025,-0.6728,-0.6964,-0.9332,-0.4975,-1.0345,-0.4645,-0.8198,-0.4975,-0.3692,-0.7878,-0.0343,-0.3689,-0.8731,-0.5074,-0.9007,-0.5571,-0.4908,-0.422,-0.8556,-0.833,-0.8902,-0.9667,-0.6022,0.1685,-0.9273,-0.8299,-0.8711,-0.2994,-0.9291,-0.5922,-0.6054,-0.7955,-0.8517,-0.7522,-0.8045,before Th
-0.4898,-0.9374,-0.7071,-0.8878,-0.6119,-0.3572,-0.7825,-0.7895,-0.7277,-0.6517,-0.7703,-0.7473,-0.7173,-0.8922,-0.8762,-0.9893,-0.802,-1.0012,-0.3294,-0.8126,-0.6809,-0.6467,-0.8853,-0.6086,-0.7265,-0.3411,-0.8406,-0.5556,-0.7694,-0.5915,-0.8457,-0.9107,-0.8312,-0.642,-0.6549,-0.9989,-0.99,-0.7196,-0.8533,-0.8906,-0.8734,-0.5788,-0.7385,-0.3134,-0.9381,-0.5872,-0.9418,-0.7695,-0.7156,-0.5905,-0.1811,-0.4964,-0.7395,-0.5242,-0.7716,-0.3078,-0.2803,-1.0393,-0.9346,-0.6072,-0.5333,-0.9612,-0.6182,-0.3601,-0.3181,-0.5025,-0.4898,-0.7088,-0.7619,-0.5056,-0.1744,-1.0072,0.0466,-0.4978,-0.7976,-0.458,-0.4946,-0.5612,-0.5242,-0.4252,-0.8247,-0.4778,-0.5935,-0.4681,-0.9989,-0.9805,-0.8321,-0.4816,-0.6178,-0.5108,-0.9845,-0.447,-0.2182,-0.9792,-0.4371,-0.6817,-0.8657,-0.877,-0.7685,-0.7173,before Th
-0.7488,-0.9257,-0.8917,-1.0019,-0.7412,-0.6712,-0.6339,-0.8678,-0.6376,-0.691,-0.797,-0.8241,-0.6994,-0.8323,-0.6485,-1.0234,-0.5808,-0.7347,-0.1662,-0.7059,-0.5269,-0.8611,-0.8795,-0.6507,-0.7324,-0.744,-0.4847,-0.4347,-1.0193,-0.5698,-1.0039,-0.9167,-0.628,-0.6208,-0.9233,-1.0768,-0.9195,-0.7661,-1.0085,-0.8293,-1.1557,-0.6954,-0.7309,-0.2372,-0.6299,-0.7413,-0.2058,-0.2948,-0.5425,-0.6464,-0.2495,-0.7791,-0.7988,-0.5007,-0.7597,-0.8618,-0.1273,-0.6125,-1.0179,-0.629,-0.6558,-0.9943,-0.7414,-0.6734,-0.6078,-0.5675,-0.7488,-0.6137,-0.6257,-0.6996,-0.4787,-0.8263,-0.6186,-0.463,-0.7654,-0.5366,-0.6342,-0.8427,-0.5007,0.012,-0.8593,-0.4893,-0.3872,-0.1507,-1.1815,-0.8741,-0.7526,-0.6331,-0.6619,-0.4532,-1.1627,-0.6701,-0.2069,-1.083,-0.54,-0.8947,-0.8328,-0.7631,-0.7327,-0.5602,before Th
3.9215,0.061,0.3597,0.7926,0.2324,0.3862,0.0663,0.1735,0.5723,1.174,-0.2625,1.0433,1.5619,0.8148,1.8325,0.6106,-0.0366,0.5274,0.8923,-0.0448,0.4825,-0.6454,0.2299,2.5426,-0.9717,1.9659,1.0517,-0.0762,1.9178,-0.0021,1.1465,-0.2242,0.495,1.7138,0.3349,0.0048,0.763,3.7361,0.5086,-0.1496,1.5657,0.6736,-0.4551,-0.2241,1.3799,1.7451,-0.2235,-0.548,0.9976,1.2579,2.3758,1.0496,-0.5336,-0.6851,1.2649,1.2285,-0.0218,0.7018,-0.4052,1.0727,-0.052,0.6041,1.1626,0.0457,-0.4776,2.4704,3.9215,1.8158,-0.1082,0.7988,0.1384,2.1504,0.0684,-0.1573,0.1562,-0.5566,0.6745,-0.528,-0.6851,1.0017,-0.4751,0.4362,-0.4177,1.2663,0.0036,1.0411,-0.6998,-0.3347,0.6798,-0.8286,0.836,2.3097,-0.0833,1.3824,2.2985,-0.924,-0.734,-0.6915,0.6579,1.8016,before Th
0.772,1.181,0.2898,0.21,-0.3668,2.1107,0.0418,0.0687,0.9681,0.9299,-0.1387,0.5744,1.6472,0.4843,0.4901,1.3033,0.8684,0.2755,-0.1969,-0.0223,-0.4766,-0.6179,3.1136,-0.3584,1.1272,1.0075,-0.4993,0.9617,0.8514,0.6463,0.4082,0.6415,-0.1643,1.3697,2.2859,0.3108,0.1583,1.2826,0.1351,0.5638,0.6851,0.8104,-0.2939,-0.2559,0.0817,1.713,2.9389,1.4688,0.5755,0.264,0.3144,0.3044,2.5583,2.7104,0.0515,3.1298,-0.5521,2.0882,1.6976,1.3887,0.1365,1.5425,0.7938,-0.5858,0.1143,1.0579,0.772,1.1516,0.3725,0.9053,-0.0347,1.0857,0.6991,0.2574,0.007,0.9805,1.1297,2.5758,2.7104,1.8875,-0.0255,-0.2311,-0.4312,1.6405,0.4605,0.7824,-0.7878,0.5703,-0.2107,2.3272,0.0138,1.8822,-0.5882,0.2738,-0.5628,0.7699,-0.2927,0.9893,-0.0728,-0.2078,before Th
-0.5706,-0.8511,-0.8112,-0.6822,-0.7069,-0.5017,-0.5328,-0.7537,-0.7918,-0.8475,-0.8594,-0.8828,-0.6988,-0.9297,-0.7643,-0.8724,-0.9148,-0.8231,-0.4466,-0.7146,-0.722,-0.7604,-0.7879,-0.73,-0.8652,-0.7563,-0.7282,-0.6353,-0.9426,-0.6615,-0.9812,-0.6722,-0.8797,-0.6383,-0.7997,-0.903,-0.6432,-0.5429,-1.02,-0.8886,-0.8815,-0.6366,-0.7307,-0.3327,-0.4742,-0.8475,-0.7487,-0.6259,-0.6636,-0.8737,-0.5485,-0.7148,-0.5913,-0.4854,-0.8953,-0.7507,-0.4416,-0.8391,-0.6641,-0.1867,-0.77,-0.866,-0.6328,-0.5987,-0.6273,-0.6033,-0.5706,-0.7572,-0.5267,-0.9285,-0.6355,-0.879,-0.6431,-0.5089,-0.8495,-0.4129,-0.7099,-0.6804,-0.4854,-0.3304,-0.8992,-0.1921,-0.4084,-0.4198,-1.0286,-0.9666,-0.5706,-0.398,-0.3971,-0.9293,-0.9294,-0.3463,-0.1943,-0.9354,-0.7538,-0.786,-1.035,-0.7683,-0.9472,-0.6819,before Th
-0.6098,1.1582,0.7731,0.8274,-0.2775,-0.1748,0.4906,0.1432,0.4359,0.4768,0.2395,1.2172,1.2124,1.2875,0.0893,0.9892,0.6379,0.7088,2.0976,0.3515,3.1983,0.7241,1.3245,1.6531,0.7833,0.1774,-0.3141,1.0712,2.2421,0.5753,0.3974,1.5928,1.9899,1.1791,0.6508,1.1845,0.7716,1.721,0.9735,-0.0959,1.6531,0.4894,-0.4018,-0.2086,-0.7673,-0.6282,-0.3753,4.6363,1.6342,1.7538,2.0478,0.9831,0.9313,0.2156,1.5122,0.5787,-0.0729,2.8216,1.0004,1.5784,2.3414,0.908,0.7052,-0.7649,-0.2244,0.0492,-0.6098,0.36,-0.4886,1.2486,-0.5649,0.9299,-0.24,-0.1338,2.2618,0.1581,-0.6061,0.5305,0.2156,2.1893,-0.1123,0.6,-0.1891,0.9235,1.5573,-0.9062,-0.8758,-0.0157,0.3851,1.6015,0.1029,1.7637,1.0663,0.8722,0.2023,0.645,-0.7545,0.5705,0.7375,0.6314,before Th
-0.7746,-1.022,-0.507,-0.9241,-0.819,-0.6889,-0.7159,-0.9107,-0.7608,-0.659,-0.8333,-0.5413,-0.2581,-0.9515,-1.0053,-0.9533,-0.7504,-0.49,-0.4513,-0.705,-0.6962,-0.4763,-0.9251,-0.5942,-0.7222,-0.8673,-0.3748,0.0394,-0.7931,-0.6723,-0.7158,-1.0478,-0.604,-0.6092,-0.7606,-0.914,-1.0084,-0.0282,-0.9556,-0.7668,-0.8078,-0.7279,-0.6852,-0.3065,-0.9426,-0.5833,-0.4796,-0.6174,-0.7349,-0.662,-0.2071,-0.3343,-0.5466,-0.9276,-0.7039,-0.6888,-0.3176,-1.057,-1.0011,-0.4914,-0.1059,-0.4846,-0.8857,-0.067,-0.6172,-0.5963,-0.7746,-0.7568,-0.7407,-1.1216,-0.5706,-0.8943,-0.6308,-0.3841,-1.1059,-0.8127,-0.575,-0.8143,-0.9276,-0.6214,-0.8475,0.1955,-0.5901,-0.2953,-0.9364,-0.6168,-0.6397,0.1186,-0.5893,-0.8791,-0.8368,-0.2608,-0.4875,-1.1674,0.1907,-1.0122,-0.3407,-0.5157,-0.7427,-0.513,before Th
-0.617,1.6136,1.0186,0.1014,-0.5522,0.2588,2.2366,0.1227,0.4802,0.1083,3.3249,-0.0731,-0.2814,0.8989,1.1325,1.1875,1.1714,1.0173,-0.2916,1.1293,-0.4293,1.054,0.0514,0.5843,0.8227,0.1516,0.6211,-0.6025,1.8045,-0.2771,1.4265,1.5334,-0.3493,-0.5239,0.2781,2.4679,0.9906,1.056,-0.3624,1.0254,0.8737,0.2052,0.4878,-0.2707,0.2039,-0.4987,1.0835,0.83,1.3101,0.047,-0.8184,-0.0232,0.7609,-0.7106,2.0119,-0.9367,-0.1527,0.1303,0.4757,-0.8463,0.3437,0.7763,1.5556,0.9456,-0.1933,-0.7459,-0.617,-0.1381,0.6997,0.6395,1.0071,1.5473,0.5288,0.0641,-0.4946,1.911,1.6972,-0.684,-0.7106,-0.2729,1.3574,-0.2569,0.5178,-0.8717,1.7246,-0.0749,1.0586,-0.3566,2.6588,0.2727,1.5356,-0.3657,-0.4784,0.7668,0.8314,0.5328,0.8853,0.8773,0.4023,-0.1571,before Th
0.0482,0.7943,1.7388,0.8343,0.3019,-0.5087,0.0109,-0.0273,-0.1444,0.8749,0.9976,1.2331,-0.9508,0.7807,0.4048,0.6928,1.2635,1.5562,-0.4157,0.7102,1.5204,-0.5237,0.7003,1.3875,1.1593,0.8819,0.3475,-0.624,0.082,0.2885,0.3484,1.7579,-0.0874,0.6659,0.9048,1.6238,1.1922,1.0977,0.2164,1.3453,0.4291,0.5301,-0.4416,-0.2201,-0.1587,-0.4243,-0.1014,-0.4961,-0.7214,1.4128,-0.7898,0.7829,0.0617,0.6189,-0.1245,1.1899,-0.0043,0.5141,0.6903,0.5855,-0.0241,0.4965,2.4311,0.9776,-0.3397,1.1001,0.0482,0.9501,0.4933,1.0454,0.9086,0.0205,-0.3613,0.9664,1.0591,-0.2102,0.9267,1.6953,0.6189,0.4507,0.8376,1.4871,0.0996,1.9458,1.0456,0.5996,1.5246,-0.3251,-0.0457,-0.6227,1.4445,0.7463,0.7693,0.127,0.8194,0.5487,0.6679,0.6665,0.9029,0.1877,before Th
0.6218,-0.0218,0.4792,0.1335,1.0608,-0.3243,1.87,-0.8135,1.1019,-0.2654,0.1903,2.3649,3.3114,-0.1269,2.984,-0.1276,0.5862,-0.4975,0.0483,-0.0026,-0.189,1.5503,-0.6754,4.5952,2.4639,0.934,2.5728,1.9228,0.5536,-0.1311,0.6966,-0.9153,-0.9809,4.6255,2.866,-0.2406,-0.8937,-0.6336,1.8376,1.1412,2.5256,0.9355,4.6094,0.6185,1.043,1.0079,1.2708,-0.4523,-0.8033,1.4927,0.943,2.9784,1.2862,0.1121,2.2799,-0.8629,1.8591,0.4901,2.1583,-0.8409,2.0957,-0.3351,1.2428,2.0258,2.8813,-0.6379,0.6218,-0.7746,-0.5867,0.942,2.6083,0.139,-0.2362,0.6156,-0.9263,0.87,-0.1094,0.004,0.1121,-0.3625,0.7154,-0.1533,1.7248,-0.363,0.0521,-0.6569,1.1751,0.9355,2.5857,-0.3619,0.5041,-0.694,1.6615,0.3942,3.9617,1.2129,2.2235,-0.8336,0.0392,2.3724,before Th
0.2733,0.569,-0.4693,0.778,0.0179,5.2419,0.2411,-0.0775,2.6722,0.7833,0.5097,1.4726,2.3883,1.0753,0.167,-0.0183,-0.7372,1.9148,0.2932,-0.4668,2.3994,1.8222,0.6215,-0.5277,0.105,-0.5721,0.9489,1.7847,-0.8752,-0.1321,1.3074,0.4628,3.1351,2.3615,2.0415,0.0902,0.9352,-1.0601,0.6106,0.5729,0.2,0.1556,1.4969,-0.1869,-0.6681,-0.3338,2.4546,-0.6764,-0.5621,2.7101,1.853,2.8973,0.9201,2.2058,1.3278,-0.1664,0.5472,0.0758,0.3518,0.1375,0.8628,0.6113,0.7915,3.6851,2.3303,1.3519,0.2733,-0.7438,1.3605,1.0259,1.627,0.7298,2.071,-0.271,0.6336,0.4341,-0.5871,0.5944,2.2058,3.4672,0.6374,-0.2846,1.7521,0.0104,1.1115,0.877,2.3492,0.1773,-0.1336,1.7579,0.9172,-0.7601,-0.267,0.0935,0.3481,0.8402,-0.23,-0.8461,0.9805,-0.0415,before Th
0.4454,0.4999,1.0709,0.5222,-0.3414,-0.4177,0.0713,0.1317,1.11,-0.0767,0.9248,0.8119,0.4228,1.0909,1.092,0.5804,0.2315,1.5565,0.5208,0.2287,-0.461,-0.4203,1.5151,0.0061,0.8548,0.8841,0.4492,1.0631,0.6868,0.3633,1.3414,1.3528,1.1337,-0.5803,-0.9551,0.2071,0.5304,0.4807,0.8428,0.3762,1.0758,0.6008,1.2173,-0.278,1.8236,0.4996,1.3104,1.3407,1.852,0.5891,2.4604,0.4528,0.1262,0.5829,0.7575,0.5363,-0.3989,1.0019,0.6084,1.0143,0.914,0.7774,1.5207,-0.5037,-0.1863,0.2618,0.4454,1.0629,-0.1051,1.0805,0.1184,0.4504,0.8111,0.0652,0.3699,0.4473,0.9694,0.4718,0.5829,2.0073,-0.1342,-0.4033,0.2544,1.4442,1.0571,1.3092,0.8012,0.8903,0.4313,0.3984,1.0233,1.4875,1.4975,0.2888,1.3091,1.4573,0.1703,1.4539,0.997,0.7179,before Th
-0.6897,0.6531,0.2453,0.4994,0.3552,1.2782,-0.2446,1.1228,0.6477,0.9604,0.6248,0.9249,-0.9048,0.485,1.6368,1.0214,1.1931,-0.4669,3.4758,0.9942,0.2651,0.8604,-0.2432,0.0539,2.0054,0.1865,1.7426,-0.6272,-0.5073,0.8459,-0.422,-0.0392,0.347,-0.5222,1.5743,0.3079,1.5163,1.4892,0.2692,0.9062,0.2833,2.2856,2.7988,-0.1318,-0.2746,0.2057,0.401,1.4225,0.5421,1.0486,-0.7337,1.3517,1.2132,1.1811,-0.8824,-0.0008,-0.047,0.4329,-0.4929,0.558,0.2182,1.7651,1.102,1.4873,-0.04,2.4204,-0.6897,1.0885,0.3878,2.4021,1.4026,0.3453,-0.2917,-0.287,-0.3952,-0.6109,4.2336,0.1183,1.1811,-0.5118,2.4175,-0.3382,0.447,-0.7492,0.6129,0.0851,0.3348,1.0798,2.2205,-0.5212,0.2611,-0.786,4.3904,1.0372,-0.5824,1.366,-0.97,1.5136,-0.1159,-0.6196,before Th
1.674,1.2132,0.2269,0.4349,0.0154,-0.519,-0.1429,2.8552,2.1167,1.6941,0.4619,0.6575,1.636,2.3809,0.0696,0.2609,0.6848,2.4302,0.358,-0.2855,-0.5941,0.6518,0.4057,0.508,1.6226,2.8334,0.18,1.7545,0.266,-0.0994,1.4072,-0.2213,0.6449,-0.5324,1.514,-0.1721,-0.6196,-0.5076,2.2156,0.2745,0.8707,1.1173,0.4085,-0.106,0.1548,1.463,2.9218,-0.3579,1.3923,1.9508,-0.555,0.5112,1.0439,2.0199,-1.046,0.3905,-0.5014,1.1125,0.7571,0.9352,-0.428,2.271,-0.081,2.3756,-0.4676,-0.1839,1.674,0.694,0.914,0.8534,1.8437,-0.1817,-0.2172,-0.392,-0.909,2.0143,-0.1039,0.731,2.0199,0.1265,-0.5123,-0.3207,-0.3756,1.4657,0.3924,0.8703,2.9121,0.3702,-0.3061,-0.6349,0.8161,1.6399,-0.1772,0.8144,-0.3163,2.1957,1.0894,1.7451,1.3437,3.3081,before Th
3.4738,0.8553,0.3723,0.8114,1.1057,-0.1505,0.2416,-0.2221,2.3691,0.7296,0.2306,0.2677,-0.823,2.5071,-0.767,1.1927,-0.6072,1.9682,0.63,2.2952,-0.1183,-0.4509,0.7794,-0.3588,2.0128,2.4512,1.4269,-0.37,0.0414,0.5562,-0.221,1.3289,-0.7426,1.1531,2.3249,0.8724,2.5513,0.7943,0.3126,1.8149,0.011,1.0256,1.4122,-0.1518,1.1085,3.9249,2.3307,1.5087,1.0543,-0.0021,-0.261,3.6902,0.7859,0.671,0.4038,-0.5188,-0.1834,-0.5817,0.0034,1.2317,-0.6045,0.6131,-0.7093,-0.4585,2.7279,-0.6687,3.4738,-0.2944,0.9659,1.0408,0.6444,-0.7095,0.4847,0.2305,-0.5495,0.1853,-0.7701,1.4581,0.671,-0.0488,-0.4271,-0.2233,2.3731,-0.6568,0.972,-0.663,-0.121,2.7592,0.2666,-0.5391,0.2747,0.9129,4.2393,0.1287,2.0882,1.3048,-0.7033,3.1974,1.2372,-0.2927,before Th
3.2156,0.6137,1.2493,-0.7518,0.9865,0.0666,0.1466,-0.1653,2.2847,3.6138,1.4212,-0.5614,-0.7615,-0.6269,1.3343,0.5627,4.876,1.6097,0.2739,0.8351,0.0565,0.7317,-0.3364,3.0589,-0.678,3.3795,1.9286,5.2014,-0.1715,1.1451,1.325,-1.0657,0.6363,3.5837,0.3797,1.3276,-0.9324,1.6876,0.1711,2.0214,0.4039,1.2036,-0.5987,-0.2544,1.8057,-0.6594,-0.4185,2.4378,0.6801,-0.8954,0.3004,-0.3961,2.7531,-0.6028,0.2502,0.0408,-0.3717,0.3589,1.1035,-0.56,3.5753,-0.726,1.195,3.2918,-0.3041,1.3541,3.2156,-0.3948,-0.6594,0.003,-0.3549,0.411,0.3107,-0.3207,0.0734,-0.6527,2.6944,-0.1616,-0.6028,-0.1224,-0.3538,5.4321,5.656,-0.6484,0.2376,1.7876,1.2635,5.025,-0.3473,2.1512,0.3807,-0.6968,1.7448,0.2544,3.5023,1.0244,0.8328,1.0707,1.7914,0.3427,before Th
-0.4426,-0.3907,0.3172,-0.0514,0.1583,0.3654,0.203,3.3657,0.5046,0.9824,0.8731,0.6882,2.997,0.5258,0.9848,1.2529,0.215,0.952,-0.1322,0.1477,0.1145,0.1677,0.6843,1.0061,1.5651,0.1228,0.2286,1.1377,-0.0508,-0.0165,0.7165,0.9665,0.8314,2.4724,0.4809,0.2343,1.2333,0.6294,0.7383,0.3381,1.6203,0.5758,1.1437,-0.2143,1.119,-0.6657,-0.5127,0.6629,1.0935,1.5641,0.2802,1.3879,0.3504,-0.5676,-0.2727,0.0461,-0.5409,1.713,0.9605,1.2997,0.488,0.5796,0.7214,1.5697,0.4832,0.334,-0.4426,1.9699,0.2397,1.2411,0.5203,0.9178,-0.0904,0.0377,1.9891,0.1484,0.3226,0.7591,-0.5676,1.0841,0.9072,-0.2189,-0.4796,-0.4477,0.848,1.3109,0.2326,1.6872,-0.1844,-0.0331,1.4799,1.7309,0.1734,1.3479,0.3379,1.379,0.186,1.1397,1.1006,0.5891,before Th
0.0331,1.9805,-0.1277,3.1544,0.4455,-0.0183,1.8125,-0.0041,0.3559,0.846,1.4012,0.7828,1.6804,2.1842,0.4017,0.4159,-0.3969,-0.613,0.1203,0.4818,-0.5814,2.6047,0.0883,-0.6391,0.2422,0.464,1.0485,0.1185,0.4899,0.1848,1.6071,1.3658,0.1089,-0.5393,0.9335,0.2783,-0.3977,-0.7381,1.0005,1.709,0.2398,1.1203,-0.4549,-0.1793,1.561,-0.4526,2.5679,0.0213,-0.7263,1.0078,-0.6014,-0.1646,1.6577,-0.5154,0.847,0.4632,0.65,1.2273,1.6268,-0.8876,0.5581,1.6599,2.5571,0.0974,1.6817,1.206,0.0331,-0.8874,2.7459,0.6655,-0.4545,-0.6048,-0.2535,0.0822,1.2321,5.9288,0.9349,0.1765,-0.5154,0.0905,3.1167,-0.3359,0.0001,-0.81,0.4931,1.0004,1.6767,0.2778,0.3199,0.0994,0.6707,-0.3533,1.4816,1.0832,-0.5353,1.4628,2.2559,1.0603,2.2267,2.3894,before Th
-0.6409,0.5841,0.5896,0.2771,0.7603,-0.4326,0.4676,-0.3134,0.8385,3.1555,-0.502,0.5712,-0.5917,0.72,0.6798,2.0677,0.029,0.7181,-0.4169,1.1825,-0.4508,2.9175,-0.2724,0.9057,1.1446,0.0263,0.1063,0.2536,1.4869,0.1458,-0.3829,-0.3492,1.6226,-0.5361,-0.5309,0.8925,1.966,0.8904,1.8585,0.1513,0.0968,2.0239,0.8166,-0.1137,1.9434,1.1284,0.6808,0.3471,3.5983,1.5516,-0.3925,-0.0769,-0.819,-0.6387,2.6445,-0.5681,0.1854,0.5582,3.4804,-0.251,1.2101,-0.4189,-0.5687,1.0845,0.3992,-0.4489,-0.6409,0.2729,2.296,0.9258,-0.0102,2.33,3.6582,1.3673,0.6914,2.4741,-0.3423,1.8542,-0.6387,-0.5119,1.301,0.9637,0.8611,-0.8583,0.4909,-0.1584,-0.5606,0.6236,0.0748,0.8975,0.7382,-0.7911,-0.4329,0.4151,-0.6525,-0.7019,-0.6495,2.2204,2.0662,-0.6055,before Th
-0.7797,0.9717,1.3233,-0.359,0.6368,0.5784,0.249,-0.9718,2.2765,0.3496,-0.3596,1.8104,-0.4766,-0.4262,3.8571,-0.2023,1.7493,1.0579,-0.2332,0.9146,1.1182,-0.2758,0.2005,1.1174,1.1117,1.9524,3.8421,0.7497,-0.8084,-0.3362,0.8788,0.5067,2.5556,1.9545,-0.3189,0.439,1.8492,0.8218,-0.0571,0.359,0.1451,3.7899,2.8139,0.9168,0.9669,1.26,0.3518,3.7909,-0.703,1.9883,0.2195,2.0125,3.4439,4.4293,0.3917,-0.395,0.7972,-0.0705,-0.1523,-0.8404,-0.5077,-0.5241,0.8033,-0.1666,0.1137,3.8446,-0.7797,0.0584,1.1788,1.1019,-0.5229,-0.82,2.6089,-0.2896,-1.1339,-0.7107,-0.2226,-0.3569,4.4293,0.4799,0.8141,0.0618,-0.0171,-0.164,0.6063,3.2224,1.6877,2.0011,-0.2396,1.9087,-0.0911,0.3696,3.6258,2.0078,0.3522,0.8972,0.1667,-0.7382,-0.733,2.1197,before Th
0.1238,2.0798,1.1103,0.0083,-0.195,-0.5692,4.3292,0.1925,0.1007,0.0087,1.6785,0.902,0.1375,1.2515,0.5096,1.4604,0.8437,1.0219,0.9558,1.3269,0.9115,3.3745,0.0293,1.2295,0.9793,0.948,0.6533,0.1624,0.1154,0.1412,1.4085,2.3712,0.4526,0.435,0.8614,1.2457,1.4237,-0.274,0.2467,1.0678,0.5838,0.101,-0.2711,-0.0382,2.0633,1.6303,0.0226,0.8522,1.2099,0.5468,1.6353,0.0417,1.1236,1.2303,1.2194,1.3762,0.5091,0.4519,1.0159,-0.9249,-0.1565,0.2387,1.1489,0.339,2.0511,-0.8088,0.1238,-0.3302,5.3282,1.276,-0.5722,2.2845,-0.5391,0.2153,2.1019,2.2815,1.0778,0.3597,1.2303,-0.3197,1.1051,-0.4421,-0.4174,-0.8724,1.5473,0.9077,0.0828,0.1672,-0.0796,1.3854,1.6035,0.539,0.0258,1.368,-0.4978,1.2276,0.5629,0.5655,0.7413,1.8881,before Th
-0.5537,0.8815,-0.7263,0.1532,0.2472,0.0834,-0.169,0.6917,-0.6881,2.1715,0.0707,0.9281,-0.5297,0.6637,1.4406,0.5774,-0.0987,-0.7405,0.422,0.9733,-0.1156,-0.3162,0.9837,-0.1797,2.4775,-0.2259,2.1284,2.224,-1.1008,-0.0054,-0.9141,-0.9658,0.3989,2.1729,1.4199,0.0422,0.2045,1.8522,0.3656,0.3637,0.2377,2.2008,0.9456,0.0455,-0.3819,1.3335,1.8212,1.6196,1.2818,2.5722,2.1271,3.037,0.9799,0.7956,2.1849,0.5928,0.8002,0.4224,1.8022,0.5513,-0.0773,-0.7675,0.4142,0.8169,2.5137,0.7298,-0.5537,0.8354,-0.7413,1.192,1.034,0.7249,0.3797,0.7401,-0.4007,-0.6965,2.3189,-0.6112,0.7956,0.0095,0.3191,0.2893,2.2111,1.7876,0.4216,3.6152,1.721,1.9511,0.8828,-0.735,0.2859,1.2113,-0.0094,-1.0889,-0.2005,0.7528,0.2766,-0.1809,0.4088,0.9682,before Th
-0.6576,-0.6277,-0.8488,-0.7313,-0.2814,-0.334,-0.7723,-0.7978,-0.6446,-0.4557,-0.8925,-1.0277,-0.5952,-0.7984,-1.0176,-0.9564,-0.7074,-0.3274,-0.4811,0.3484,-0.6924,-0.7986,-0.6296,-0.6941,-0.9301,-0.9115,-0.7241,-0.7889,-1.002,-0.6085,-0.9691,-1.0031,-0.7281,-0.2382,-0.458,-0.7732,-0.8038,-0.8244,-0.6865,-0.6904,-0.7501,-0.4312,-0.2907,0.5668,-0.3281,-0.3592,-0.9247,-0.8607,-0.6817,-0.6478,-0.823,-0.6218,-0.6016,-0.8176,-0.7495,-0.6811,-0.5215,-1.0917,-0.6453,-0.8003,-0.8066,-1.1801,-0.6983,-0.8559,-0.2408,-0.2278,-0.6576,-0.6989,-0.5931,-0.9947,-0.6848,-0.6308,-0.5356,-0.2067,-1.0268,-0.6388,-0.7729,-0.8072,-0.8176,-0.823,-0.6839,0.1061,-0.0978,-0.8573,-0.9494,-0.7432,-0.9785,-0.122,-0.5049,-0.4945,-0.877,-0.8034,-0.4026,-0.9634,-0.7823,-0.9273,-0.8396,-0.7234,-0.8425,-0.536,before Th
